-- MySQL dump 10.13  Distrib 8.0.19, for Win64 (x86_64)
--
-- Host: 149.28.128.163    Database: soulatte
-- ------------------------------------------------------
-- Server version	8.0.25

/*!40101 SET @OLD_CHARACTER_SET_CLIENT=@@CHARACTER_SET_CLIENT */;
/*!40101 SET @OLD_CHARACTER_SET_RESULTS=@@CHARACTER_SET_RESULTS */;
/*!40101 SET @OLD_COLLATION_CONNECTION=@@COLLATION_CONNECTION */;
/*!50503 SET NAMES utf8 */;
/*!40103 SET @OLD_TIME_ZONE=@@TIME_ZONE */;
/*!40103 SET TIME_ZONE='+00:00' */;
/*!40014 SET @OLD_UNIQUE_CHECKS=@@UNIQUE_CHECKS, UNIQUE_CHECKS=0 */;
/*!40014 SET @OLD_FOREIGN_KEY_CHECKS=@@FOREIGN_KEY_CHECKS, FOREIGN_KEY_CHECKS=0 */;
/*!40101 SET @OLD_SQL_MODE=@@SQL_MODE, SQL_MODE='NO_AUTO_VALUE_ON_ZERO' */;
/*!40111 SET @OLD_SQL_NOTES=@@SQL_NOTES, SQL_NOTES=0 */;

--
-- Table structure for table `comment_image`
--

DROP TABLE IF EXISTS `comment_image`;
/*!40101 SET @saved_cs_client     = @@character_set_client */;
/*!50503 SET character_set_client = utf8mb4 */;
CREATE TABLE `comment_image` (
  `idImage` int NOT NULL,
  `idComment` int NOT NULL,
  PRIMARY KEY (`idImage`,`idComment`),
  KEY `ci_comment_idx` (`idComment`),
  CONSTRAINT `ci_comment` FOREIGN KEY (`idComment`) REFERENCES `post_comment` (`id`),
  CONSTRAINT `ci_image` FOREIGN KEY (`idImage`) REFERENCES `image` (`id`)
) ENGINE=InnoDB DEFAULT CHARSET=utf8mb3 COLLATE=utf8_unicode_ci;
/*!40101 SET character_set_client = @saved_cs_client */;

--
-- Dumping data for table `comment_image`
--

LOCK TABLES `comment_image` WRITE;
/*!40000 ALTER TABLE `comment_image` DISABLE KEYS */;
INSERT INTO `comment_image` VALUES (56,3),(57,4),(79,14),(140,36);
/*!40000 ALTER TABLE `comment_image` ENABLE KEYS */;
UNLOCK TABLES;

--
-- Table structure for table `gender`
--

DROP TABLE IF EXISTS `gender`;
/*!40101 SET @saved_cs_client     = @@character_set_client */;
/*!50503 SET character_set_client = utf8mb4 */;
CREATE TABLE `gender` (
  `id` int NOT NULL AUTO_INCREMENT,
  `name` varchar(45) CHARACTER SET utf8 COLLATE utf8_unicode_ci NOT NULL,
  `icon` varchar(45) CHARACTER SET utf8 COLLATE utf8_unicode_ci DEFAULT 'fa fa-genderless',
  `status` int DEFAULT '1',
  PRIMARY KEY (`id`)
) ENGINE=InnoDB AUTO_INCREMENT=7 DEFAULT CHARSET=utf8mb3 COLLATE=utf8_unicode_ci;
/*!40101 SET character_set_client = @saved_cs_client */;

--
-- Dumping data for table `gender`
--

LOCK TABLES `gender` WRITE;
/*!40000 ALTER TABLE `gender` DISABLE KEYS */;
INSERT INTO `gender` VALUES (1,'Không rõ','fa fa-genderless',1),(2,'Nam','fa fa-mars text-info',1),(3,'Nữ','fa fa-venus text-pink',1),(4,'Chuyển giới nam','fa fa-genderless',1),(5,'Chuyển giới nữ','fa fa-genderless',1),(6,'Vô tính','fa fa-genderless',1);
/*!40000 ALTER TABLE `gender` ENABLE KEYS */;
UNLOCK TABLES;

--
-- Table structure for table `hobby`
--

DROP TABLE IF EXISTS `hobby`;
/*!40101 SET @saved_cs_client     = @@character_set_client */;
/*!50503 SET character_set_client = utf8mb4 */;
CREATE TABLE `hobby` (
  `id` int NOT NULL AUTO_INCREMENT,
  `name` varchar(45) CHARACTER SET utf8 COLLATE utf8_unicode_ci NOT NULL,
  `slug` varchar(45) CHARACTER SET utf8 COLLATE utf8_unicode_ci DEFAULT NULL,
  `icon` varchar(45) CHARACTER SET utf8 COLLATE utf8_unicode_ci DEFAULT 'fa fa-star',
  `status` int DEFAULT '1',
  PRIMARY KEY (`id`)
) ENGINE=InnoDB AUTO_INCREMENT=23 DEFAULT CHARSET=utf8mb3 COLLATE=utf8_unicode_ci;
/*!40101 SET character_set_client = @saved_cs_client */;

--
-- Dumping data for table `hobby`
--

LOCK TABLES `hobby` WRITE;
/*!40000 ALTER TABLE `hobby` DISABLE KEYS */;
INSERT INTO `hobby` VALUES (1,'Đọc sách','doc-sach','fas fa-book',1),(2,'Chơi game','choi-game','fas fa-gamepad',1),(3,'Ăn uống','an-uong','fas fa-utensils',1),(4,'Du lịch','du-lich','fas fa-motorcycle',1),(5,'Nghe nhạc','nghe-nhac','bi-music-note-beamed',1),(6,'Gym','gym','fa fa-star',1),(7,'Xem phim','xem-phim','fa fa-star',1),(8,'Đi dạo','di-dao','fa fa-star',1),(9,'Cung Bạch Dương','cung-bach-duong','fa fa-star',1),(10,'Cung Sư Tử','cung-su-tu','fa fa-star',1),(11,'Bói bài Tarot','boi-bai-tarot','fa fa-star',1),(12,'Học tập','hoc-tap','fa fa-star',1),(13,'Cung Kim Ngưu','cung-kim-nuu','fa fa-star',1),(14,'Cung Song Tử','cung-song-tu','fa fa-star',1),(15,'Cung Cự Giải','cung-cu-giai','fa fa-star',1),(16,'Cung Xử Nữ','cung-xu-nu','fa fa-star',1),(17,'Cung Thiên Bình','cung-thien-binh','fa fa-star',1),(18,'Cung Bọ Cạp','cung-bo-cap','fa fa-star',1),(19,'Cung Nhân Mã','cung-nhan-ma','fa fa-star',1),(20,'Cung Ma Kết','cung-ma-ket','fa fa-star',1),(21,'Cung Bảo Bình','cung-bao-binh','fa fa-star',1),(22,'Cung Song Ngư','cung-song-ngu','fa fa-star',1);
/*!40000 ALTER TABLE `hobby` ENABLE KEYS */;
UNLOCK TABLES;

--
-- Table structure for table `image`
--

DROP TABLE IF EXISTS `image`;
/*!40101 SET @saved_cs_client     = @@character_set_client */;
/*!50503 SET character_set_client = utf8mb4 */;
CREATE TABLE `image` (
  `id` int NOT NULL AUTO_INCREMENT,
  `fileName` varchar(255) CHARACTER SET utf8 COLLATE utf8_unicode_ci DEFAULT NULL,
  `originalName` varchar(255) CHARACTER SET utf8 COLLATE utf8_unicode_ci DEFAULT NULL,
  `mimeType` varchar(255) CHARACTER SET utf8 COLLATE utf8_unicode_ci DEFAULT NULL,
  `size` int DEFAULT NULL,
  `idUser` int DEFAULT NULL,
  `isUsing` int DEFAULT '0',
  PRIMARY KEY (`id`)
) ENGINE=InnoDB AUTO_INCREMENT=143 DEFAULT CHARSET=utf8mb3 COLLATE=utf8_unicode_ci;
/*!40101 SET character_set_client = @saved_cs_client */;

--
-- Dumping data for table `image`
--

LOCK TABLES `image` WRITE;
/*!40000 ALTER TABLE `image` DISABLE KEYS */;
INSERT INTO `image` VALUES (23,'1c03ab71-d853-4e36-9e92-ff25bc85e219.JPG','VUVU2063.JPG','image/jpeg',1656792,2,1),(24,'27250465-8756-47b1-881e-62b309f82175.JPG','LOG04490.JPG','image/jpeg',2140347,2,1),(25,'a0f60188-6c17-4124-ad2a-4601ee1bfb28.jpg','187129773_273752927805892_7807182969351084938_n.jpg','image/jpeg',181000,NULL,0),(26,'7b4f118e-b4b9-4d7a-b83d-d05c484eefaf.jpg','2pxoxn.jpg','image/jpeg',49084,NULL,0),(27,'ef4ee8d8-e0b7-4750-969a-53f157e3fb81.png','563-5634826_doge-meme-png-picture-angry-dog-meme-template.png','image/png',350974,NULL,0),(28,'418a4cee-59d3-408b-addf-b420b210cfad.jpg','79230101_306583777139211_6449966382368526555_n.jpg','image/jpeg',40116,NULL,0),(29,'8dbd64d8-fd0a-45d7-b5ab-b668490ae276.jpg','86260976_1059483424450151_3503893281387839488_n.jpg','image/jpeg',35895,NULL,0),(30,'1776db94-6c19-4dd9-91ea-5a3d5e351cce.jpg','93322994_3225537654338632_6950250622532714496_n.jpg','image/jpeg',25156,NULL,0),(31,'d21c6a3a-7f0a-45d8-9efc-971bc3a59a96.jpg','93575509_926948687739995_7951674324073578496_n.jpg','image/jpeg',17836,NULL,0),(32,'cdd5e9b4-a13a-45fc-b748-873aec57210e.jpg','79230101_306583777139211_6449966382368526555_n.jpg','image/jpeg',40116,NULL,0),(33,'1bc402d3-0b2e-41ff-9bc1-52be9a34189c.jpg','86260976_1059483424450151_3503893281387839488_n.jpg','image/jpeg',35895,NULL,0),(34,'e6bb68ef-ad7b-47ff-b34d-fa51d0db0b9e.jpg','93322994_3225537654338632_6950250622532714496_n.jpg','image/jpeg',25156,NULL,0),(35,'4e73cb57-794e-4008-b726-c67acc898d68.jpg','93575509_926948687739995_7951674324073578496_n.jpg','image/jpeg',17836,NULL,0),(36,'fc103e75-8ca7-4cac-8786-77b1b7e3fbd5.jpg','2pxoxn.jpg','image/jpeg',49084,NULL,0),(37,'527fb888-ed4e-47d9-9cc9-174ecd361b0b.png','563-5634826_doge-meme-png-picture-angry-dog-meme-template.png','image/png',350974,NULL,0),(38,'3af54ee9-eeb5-43f2-81a9-52e012264f3a.jpg','79230101_306583777139211_6449966382368526555_n.jpg','image/jpeg',40116,NULL,0),(39,'bd867fae-a48b-4bc6-ab38-9de8f541c5d8.jpg','86260976_1059483424450151_3503893281387839488_n.jpg','image/jpeg',35895,NULL,0),(40,'10d3aef1-85cb-4cc4-8ebc-499c3deaef9f.jpg','2pxoxn.jpg','image/jpeg',49084,NULL,0),(41,'2f45d06f-5859-48a7-9ac9-562170f2058e.jpg','86260976_1059483424450151_3503893281387839488_n.jpg','image/jpeg',35895,NULL,0),(42,'29fd3971-1eab-4f0e-bae7-873c40b4c881.jpg','93575509_926948687739995_7951674324073578496_n.jpg','image/jpeg',17836,NULL,0),(43,'7d269f45-c268-4d7f-adae-2281d0d42d30.jpg','2pxoxn.jpg','image/jpeg',49084,2,0),(44,'23ff7ff6-10a4-469d-933a-78c27e527c58.jpg','86260976_1059483424450151_3503893281387839488_n.jpg','image/jpeg',35895,2,0),(45,'498fa939-be04-42f0-a0e2-7de73bb316ad.jpg','93575509_926948687739995_7951674324073578496_n.jpg','image/jpeg',17836,2,0),(46,'e29f1e9c-5482-4677-85aa-03b10a0675f0.jpg','64375102_825748117798362_3192129284772724736_n.jpg','image/jpeg',13028,2,0),(47,'a9a1e4f3-86c7-40d3-84c0-87635ec55935.jpg','78243455_1319172478252715_2685081272761450496_n.jpg','image/jpeg',41035,2,0),(48,'e221810c-6c4d-43b1-897c-716bf4f1f8c3.jpg','85228307_1381606752046254_1056138788868194304_o (1).jpg','image/jpeg',96104,2,0),(49,'f7a242ca-2d1a-4ab7-a63d-e953d48985a9.jpg','85228307_1381606752046254_1056138788868194304_o.jpg','image/jpeg',14758,2,0),(50,'6ea297a0-42d7-4c96-822a-d2d0dc70d749.png','code.png','image/png',45536,2,0),(51,'d30122d6-7221-4b35-8644-b53ad1e64a4b.jpg','hopLy.jpg','image/jpeg',22117,2,0),(52,'b7e8460e-22af-45cb-bb98-13299fe0c951.jpg','photo_2020-06-20_14-22-36.jpg','image/jpeg',42332,2,0),(53,'e56b70c7-f73e-4e95-9524-2d374fb0d664.png','rekt.png','image/png',45179,2,0),(54,'d5c9f1e1-002e-438c-9acf-8d03954cead1.png','code.png','image/png',45536,7,0),(55,'25085721-03ed-4a9a-b4bd-dbc8b61866d8.jpg','photo_2020-06-20_14-22-36.jpg','image/jpeg',42332,NULL,0),(56,'9ae96f79-7533-4ef1-bf6e-d54cb7bc747e.jpg','hopLy.jpg','image/jpeg',22117,NULL,0),(57,'4991f0b7-bd61-4d76-a8e5-0e7e8b8c6eec.png','rekt.png','image/png',45179,NULL,0),(58,'c199764e-c9e5-4226-b315-6eae1d459fdf.png','Screen Shot 2021-05-27 at 10.40.53.png','image/png',1139212,NULL,0),(59,'30fe3eeb-be1e-4fef-8f6e-41b4f75a1faf.png','Screen Shot 2021-05-18 at 15.24.20.png','image/png',1320899,NULL,0),(60,'77a3ec8d-79e2-4ea4-8424-c36e38da1017.jpg','photo_2021-05-05_12-57-33.jpg','image/jpeg',220508,NULL,0),(61,'7631ba82-995a-48e7-8f30-68decbaef264.png','Screen Shot 2021-05-18 at 15.24.20.png','image/png',1320899,NULL,0),(62,'1bdfafab-78d8-4ebe-b2c1-a8975adb9518.png','Screen Shot 2021-05-18 at 15.24.20.png','image/png',1320899,NULL,0),(63,'bb8f397f-b836-4a08-b71e-b7b1716af273.jpg','186553461_1628337910696615_140744662847428090_n.jpg','image/jpeg',228461,NULL,0),(64,'ad1ee15b-033e-412c-909e-d1826f1d519b.jpg','LaughSad.jpg','image/jpeg',48866,NULL,0),(65,'8e056ae3-2dd8-487d-9770-87aed9f7b561.jpg','1016.jpg','image/jpeg',23727,NULL,0),(66,'33528e64-9243-4ec0-93e9-9d15aacb7acc.png','996664318_77ec6911-b3e6-43e5-80c3-f3703f52e84f.png','image/png',36098,NULL,0),(67,'7203435b-7e2c-4ee3-b570-f1ef0d417b0f.jpeg','219533031_1669662636564142_4234684817633103844_n.jpeg','image/jpeg',1001794,1056,1),(68,'e14fb4f1-6102-4a37-a728-b77d1fb1245c.jpg','hahad.jpg','image/jpeg',51077,1057,1),(69,'a024a1e9-356a-46a0-840c-b6710471d2e9.png','218426713_349948679838437_1776829498819814043_n.png','image/png',1983862,NULL,0),(70,'426cd489-ab08-4c5a-a13b-d500c030e5c4.JPG','92.JPG','image/jpeg',881976,2,1),(71,'bac48f7d-c955-4585-b623-18c708b12840.jpg','81.jpg','image/jpeg',95027,2,1),(72,'6e03bb13-1e40-456c-bc03-e5380d05e5ec.jpg','me.jpg','image/jpeg',38073,NULL,0),(73,'2d60f570-40c8-4c37-a525-b7089d3b7a04.jpg','me.jpg','image/jpeg',38073,1058,1),(74,'36a5920e-e5de-4472-ad3c-4adc0054774c.jpg','81.jpg','image/jpeg',95027,1058,1),(75,'6c334edc-969a-407d-adfa-030ee01159b6.jpg','64375102_825748117798362_3192129284772724736_n.jpg','image/jpeg',13028,1058,1),(76,'85d40009-588b-4fac-b0ae-1b386a2e9e95.jpg','78243455_1319172478252715_2685081272761450496_n.jpg','image/jpeg',41035,1058,1),(77,'08cbd6f3-5a6f-4ce7-aadc-7cf944d16ece.jpg','85228307_1381606752046254_1056138788868194304_o (1).jpg','image/jpeg',96104,1058,1),(78,'4dcad2d8-efd8-4c3c-8914-31d0d84d61c5.png','rekt.png','image/png',45179,1058,1),(79,'e22f6cec-c999-4d9c-ab49-e645310acbf7.png','code.png','image/png',45536,2,1),(80,'6c2d5ff3-0d02-4567-bb55-e3bf064283cd.png','rekt.png','image/png',45179,NULL,0),(81,'777bb8fe-ab74-46f8-bef0-6e594a3ad808.png','rekt.png','image/png',45179,NULL,0),(82,'4d12c444-c2a8-415f-8ebe-5ce26b83fdca.jpg','LaughSad.jpg','image/jpeg',48866,NULL,0),(83,'a31aa86d-7eb5-4aad-9eed-1494a2d9448f.png','howRU.png','image/png',175304,NULL,0),(84,'3ae95afb-f666-4f6e-a83b-2085029c189a.jpg','hahad.jpg','image/jpeg',51077,NULL,0),(85,'dea60233-6424-49f4-a872-e22ef306ab3f.png','dfd2.1.png','image/png',49896,NULL,0),(86,'f5835cd1-1544-4923-b8a7-15df15697128.png','erd.png','image/png',88542,NULL,0),(87,'16803fc7-88ee-47ee-8c31-aeac06b3473a.png','erd.png','image/png',88542,NULL,0),(88,'74117e63-de85-4d3f-9917-748f0c8bd40c.png','bfd.png','image/png',36634,NULL,0),(89,'f7547c12-3ae0-4cc1-9db1-63b1268a6d15.png','dfd3.2.png','image/png',33624,NULL,0),(90,'548183e4-e5b7-49bd-be9a-28df10724403.png','dfd3.1.png','image/png',47480,NULL,0),(91,'025802cd-27cd-4040-aef5-b4a2bda21c91.png','dfd2.1.png','image/png',49896,NULL,0),(92,'e48cfd7b-9697-410b-9509-0849dfc6b804.png','erd.png','image/png',88542,NULL,0),(93,'bde00ecf-e3d5-4341-97d9-8afed72a1a90.png','dfd3.1.png','image/png',47480,NULL,0),(94,'efa963f1-896d-4044-aaf7-813674a2e4de.png','dfd3.2.png','image/png',33624,NULL,0),(95,'9bd754cc-7428-4cd9-a271-297fafeeb17e.png','dfd3.1.png','image/png',47480,NULL,0),(96,'f6571ad9-169b-489c-a040-d71f9282ca9d.png','dfd3.2.png','image/png',33624,NULL,0),(97,'b4a33be4-1084-4827-a155-5b250c0702b6.png','dfd3.2.png','image/png',33624,NULL,0),(98,'e527d205-87e0-42b7-89f8-2f0851f2f98c.png','dfd3.1.png','image/png',47480,NULL,0),(99,'126c73a9-2be9-4e60-a919-2d8c0f0f1ebe.png','dfd3.1.png','image/png',47480,NULL,0),(100,'585e288b-058c-4c94-9a81-40bd1bdf0d00.png','dfd3.2.png','image/png',33624,NULL,0),(101,'e57aba27-d4ea-4a95-8a34-2c70be9913a3.png','dfd3.1.png','image/png',47480,NULL,0),(102,'47f5419a-29f6-4f49-a105-b7948243706b.png','erd.png','image/png',88542,NULL,0),(103,'3d6cb95f-0a4b-4e2a-822c-26bbd241ebcb.png','dfd3.2.png','image/png',33624,NULL,0),(104,'c8f4ba47-27c7-471c-a89e-ffc6271cd561.png','dfd2.3.png','image/png',55586,NULL,0),(105,'febb8568-f2ba-4e45-a736-2523bd39db37.png','erd.png','image/png',88542,NULL,0),(106,'71d8f080-68cc-4b94-a0c1-bbb5d01605a9.png','dfd2.3.png','image/png',55586,NULL,0),(107,'315a84eb-0299-4902-ac51-6ee9c8298786.png','dfd1.png','image/png',43868,NULL,0),(108,'5f0a58ed-3bff-46b2-9f7e-42061cd79c7e.png','context.png','image/png',12069,NULL,0),(109,'9a18bc65-a3b2-4382-9ddb-3a2c7f0c6291.png','dfd1.png','image/png',43868,NULL,0),(110,'374ef917-3639-45bd-9bdd-40e234686cb0.png','dfd2.3.png','image/png',55586,NULL,0),(111,'68bd8c68-ac9b-4148-a54b-3a869a6b162f.png','dfd2.1.png','image/png',49896,NULL,0),(112,'9fad002c-98d8-461d-91b6-504b71065da8.png','use-case.png','image/png',63117,NULL,0),(113,'1fff948c-f973-49d4-aaa5-be656f3c5bfa.png','dfd1.png','image/png',43868,NULL,0),(114,'293c1fd6-68cf-4d86-b4a6-f57b15fd1ca4.png','context.png','image/png',12069,NULL,0),(115,'61c124eb-082a-428b-acac-9292e2b8757d.png','dfd2.2.png','image/png',55635,NULL,0),(116,'1a6877ba-3aee-46ae-aa44-139bc9ea902d.png','dfd2.3.png','image/png',55586,NULL,0),(117,'84a4ccb3-6937-4cb3-9457-fe5efd0a171b.png','dfd3.1.png','image/png',47480,NULL,0),(118,'2279502b-579c-40f3-b410-5e1ed4b0915e.png','dfd2.2.png','image/png',55635,2,1),(119,'f6f36161-99e0-4b87-9564-f058f70d4739.png','dfd2.3.png','image/png',55586,2,1),(120,'9c1d5f99-acf7-4b60-ab2f-b3830437d582.png','dfd3.1.png','image/png',47480,2,1),(121,'2c9cdb65-b04c-43e5-b2eb-a70154b843d0.png','dfd3.2.png','image/png',33624,2,1),(122,'9554900d-3d22-4a49-bfb9-956508d063e1.png','erd.png','image/png',88542,2,1),(123,'2c0a4fa2-4b82-4f61-b4cc-4ca646d7bf19.png','use-case.png','image/png',63117,2,1),(124,'0fba212c-e1c0-4938-9c20-3e3cc441643b.png','dfd2.2.png','image/png',55635,2,1),(125,'0c586751-5427-48f3-813c-1475ab76986f.png','erd.png','image/png',88542,2,1),(126,'e17c1666-ba31-4c21-896d-05ddd7f21285.png','use-case.png','image/png',63117,2,1),(127,'1248d45f-5828-4264-9102-11f2979b4ca3.png','dfd3.2.png','image/png',33624,2,1),(128,'0cc5162c-6fcc-4f1d-8ebb-823246433010.png','dfd3.1.png','image/png',47480,2,1),(129,'cb450c12-28c3-43bc-bd4c-75356ea6da7e.png','dfd2.2.png','image/png',55635,NULL,0),(130,'24fe0077-320d-4857-b004-77cf7870f9b2.png','rekt.png','image/png',45179,1059,1),(131,'58e0614a-ef5e-4855-8323-9e57af3892ec.jpg','64375102_825748117798362_3192129284772724736_n.jpg','image/jpeg',13028,1059,1),(132,'95b3580f-fcd0-4a8f-b8fd-8921bc7cb91c.jpg','hahad.jpg','image/jpeg',51077,2,1),(133,'dc129596-7850-43ab-bfe5-c45a6b0b0fc7.jpeg','6e4a81848ef948e296eec8c122e12049.jpeg','image/jpeg',70869,1056,1),(134,'04a01220-51fe-4a1c-bae4-8d7ee116e31c.jpeg','ee50d5034043cd890730f263722dc06d.jpeg','image/jpeg',33907,1056,1),(135,'6ff98084-6a77-4bce-8527-31d83293740f.jpeg','ee50d5034043cd890730f263722dc06d.jpeg','image/jpeg',33907,1056,1),(136,'b234f0ec-b7b6-4099-b04f-b482e1025f48.jpeg','af737267f5c536782587f24f1ffdc3dc.jpeg','image/jpeg',36665,NULL,0),(137,'c91005a3-5845-4f2a-8d2c-65c39c9ac8a8.jpg','DmaAfN8UwAA5-4z.jpg','image/jpeg',31855,2,1),(138,'cd656f1d-41d0-49e0-a845-4e765b2cd718.jpg','FBI.jpg','image/jpeg',72599,2,1),(139,'59633072-c60b-4ce8-9402-089bb37fad97.jpg','222338247_4250061245083105_7467972863166089764_n.jpg','image/jpeg',175759,2,1),(140,'3a3da771-f460-4b9a-a972-aedd13c3a66f.png','rekt.png','image/png',45179,2,1),(141,'71932e29-0b74-4de8-90bd-7b37885aa11e.jpeg','screen-0.jpeg','image/jpeg',15000,NULL,0),(142,'38b29644-6420-4d45-8e9b-a66882ea5011.jpg','hahad.jpg','image/jpeg',51077,NULL,0);
/*!40000 ALTER TABLE `image` ENABLE KEYS */;
UNLOCK TABLES;

--
-- Table structure for table `message`
--

DROP TABLE IF EXISTS `message`;
/*!40101 SET @saved_cs_client     = @@character_set_client */;
/*!50503 SET character_set_client = utf8mb4 */;
CREATE TABLE `message` (
  `id` int NOT NULL AUTO_INCREMENT,
  `idUserFrom` int NOT NULL,
  `idUserTo` int NOT NULL,
  `content` longtext CHARACTER SET utf8 COLLATE utf8_unicode_ci,
  `status` int DEFAULT '1',
  `isSeen` int DEFAULT '0',
  `createdAt` timestamp(3) NULL DEFAULT NULL,
  PRIMARY KEY (`id`),
  KEY `m_user_from_idx` (`idUserFrom`),
  KEY `m_user_to_idx` (`idUserTo`),
  CONSTRAINT `m_user_from` FOREIGN KEY (`idUserFrom`) REFERENCES `user` (`id`),
  CONSTRAINT `m_user_to` FOREIGN KEY (`idUserTo`) REFERENCES `user` (`id`)
) ENGINE=InnoDB AUTO_INCREMENT=250 DEFAULT CHARSET=utf8mb3 COLLATE=utf8_unicode_ci;
/*!40101 SET character_set_client = @saved_cs_client */;

--
-- Dumping data for table `message`
--

LOCK TABLES `message` WRITE;
/*!40000 ALTER TABLE `message` DISABLE KEYS */;
INSERT INTO `message` VALUES (226,2,1056,'hellooooo',1,1,'2021-08-11 05:57:17.858'),(227,1056,2,NULL,1,1,'2021-08-11 08:27:02.952'),(242,2,1056,'hello',1,1,'2021-08-11 08:50:08.794'),(243,1056,2,'Hello',1,0,'2021-08-11 08:50:16.545'),(244,1056,2,NULL,1,0,'2021-08-11 08:50:25.765'),(245,2,1056,'t đang làm bảo vệ đồ án',1,1,'2021-08-11 08:50:21.610'),(246,1056,2,'Oh, chúc may mắn :)',1,0,'2021-08-11 08:50:39.256'),(247,2,1056,'(*/ω＼*)ಥ_ಥಥ_ಥ',1,1,'2021-08-11 08:50:33.242'),(248,2,1056,'sắp xong rồi',1,1,'2021-08-11 08:50:47.778'),(249,2,1056,'demo chức năng nhắn tin',1,1,'2021-08-11 08:50:55.222');
/*!40000 ALTER TABLE `message` ENABLE KEYS */;
UNLOCK TABLES;

--
-- Table structure for table `message_image`
--

DROP TABLE IF EXISTS `message_image`;
/*!40101 SET @saved_cs_client     = @@character_set_client */;
/*!50503 SET character_set_client = utf8mb4 */;
CREATE TABLE `message_image` (
  `idImage` int NOT NULL,
  `idMessage` int NOT NULL,
  PRIMARY KEY (`idImage`,`idMessage`),
  KEY `mi_message_idx` (`idMessage`),
  CONSTRAINT `mi_image` FOREIGN KEY (`idImage`) REFERENCES `image` (`id`),
  CONSTRAINT `mi_message` FOREIGN KEY (`idMessage`) REFERENCES `message` (`id`)
) ENGINE=InnoDB DEFAULT CHARSET=utf8mb3 COLLATE=utf8_unicode_ci;
/*!40101 SET character_set_client = @saved_cs_client */;

--
-- Dumping data for table `message_image`
--

LOCK TABLES `message_image` WRITE;
/*!40000 ALTER TABLE `message_image` DISABLE KEYS */;
INSERT INTO `message_image` VALUES (136,227),(141,244),(142,249);
/*!40000 ALTER TABLE `message_image` ENABLE KEYS */;
UNLOCK TABLES;

--
-- Table structure for table `post`
--

DROP TABLE IF EXISTS `post`;
/*!40101 SET @saved_cs_client     = @@character_set_client */;
/*!50503 SET character_set_client = utf8mb4 */;
CREATE TABLE `post` (
  `id` int NOT NULL AUTO_INCREMENT,
  `idUser` int NOT NULL,
  `content` longtext CHARACTER SET utf8 COLLATE utf8_unicode_ci,
  `status` int DEFAULT '1',
  `createdAt` datetime DEFAULT CURRENT_TIMESTAMP,
  `updatedAt` datetime DEFAULT CURRENT_TIMESTAMP ON UPDATE CURRENT_TIMESTAMP,
  PRIMARY KEY (`id`),
  KEY `p_user_idx` (`idUser`),
  CONSTRAINT `p_user` FOREIGN KEY (`idUser`) REFERENCES `user` (`id`)
) ENGINE=InnoDB AUTO_INCREMENT=21 DEFAULT CHARSET=utf8mb3 COLLATE=utf8_unicode_ci;
/*!40101 SET character_set_client = @saved_cs_client */;

--
-- Dumping data for table `post`
--

LOCK TABLES `post` WRITE;
/*!40000 ALTER TABLE `post` DISABLE KEYS */;
INSERT INTO `post` VALUES (1,2,'Đây là bài đăng đầu tiên của Soulatte đó :D',1,'2021-05-19 13:07:30','2021-05-19 13:07:30'),(2,2,'Bài đăng rất dài dài dài dài dài dài dài dài dài dài dài dài dài dài dài dài dài dài dài dài dài dài dài dài dài dài dài dài dài dài dài dài dài dài dài dài dài dài dài dài dài dài dài dài dài dài dài dài dài dài dài dài dài dài dài dài dài dài dài dài dài dài dài dài dài dài dài dài dài dài dài dài dài dài dài dài dài dài dài dài dài dài dài dài dài dài dài dài dài dài dài dài dài dài dài dài dài dài dài dài dài dài dài dài dài dài dài dài dài dài dài dài dài dài dài dài dài dài dài dài dài dài dài dài dài dài dài dài dài dài dài dài dài dài dài dài dài dài dài dài dài dài dài dài dài dài dài dài dài dài dài dài dài dài dài dài dài dài dài dài dài dài dài dài dài dài dài dài dài dài dài dài dài dài dài dài dài dài dài dài dài dài dài dài dài dài dài dài dài dài dài dài dài dài dài dài dài dài dài dài dài dài dài dài dài dài dài dài dài dài dài dài dài dài dài dài dài dài dài dài dài dài dài dài dài dài dài dài dài dài dài dài dài dài dài dài dài dài dài dài dài dài dài dài dài dài dài dài dài dài dài dài dài dài dài dài dài dài dài dài dài dài dài dài dài dài dài dài dài dài dài dài dài dài dài dài dài dài dài dài dài dài dài dài dài dài dài dài dài dài dài dài dài dài dài dài dài dài dài dài dài dài dài dài dài dài dài dài dài dài dài dài dài dài dài dài dài dài dài dài dài dài dài dài dài dài dài dài dài dài dài dài dài dài dài dài dài dài dài dài dài dài dài dài dài dài dài dài dài dài dài dài dài dài dài dài dài dài dài dài dài dài dài dài dài dài dài dài dài dài dài dài dài dài dài dài dài dài dài dài dài dài dài dài dài dài dài dài dài dài dài dài dài dài dài dài dài dài dài dài dài dài dài dài dài dài dài dài dài dài dài dài dài dài dài dài dài dài dài dài dài dài dài dài dài dài dài dài dài dài dài dài dài dài dài dài dài dài dài dài dài dài dài dài dài dài dài dài dài dài dài dài dài dài dài dài dài dài dài dài dài dài dài dài dài dài dài dài dài dài dài dài dài dài dài dài dài dài dài dài dài dài dài dài dài dài dài dài dài dài dài dài dài dài dài dài dài dài dài dài dài dài dài dài dài dài dài dài dài dài dài dài dài dài dài dài dài dài dài dài dài dài dài dài dài dài dài dài dài dài dài dài dài dài dài dài dài dài dài dài dài dài dài dài dài dài dài dài dài dài dài dài dài dài dài dài dài dài dài dài dài dài dài dài dài dài dài dài dài dài dài dài dài dài dài dài dài dài dài dài dài dài dài dài dài dài dài dài dài dài dài dài dài dài dài dài dài dài dài dài dài dài dài dài dài dài dài dài dài dài dài dài dài dài dài dài dài dài dài dài dài dài dài dài dài dài dài dài dài dài dài dài dài dài dài dài dài dài dài dài dài dài dài dài',1,'2021-05-19 13:08:04','2021-06-04 00:27:12'),(3,5,'thử nghĩ xem trên đời có ai đi code pascal mà giàu ngoại trừ ông sáng lập ra pascal không??? ',1,'2021-05-21 08:20:54','2021-05-21 08:20:54'),(4,2,'Test',1,'2021-05-21 08:22:11','2021-05-21 08:22:11'),(5,2,'Test',1,'2021-05-21 08:23:34','2021-05-21 08:23:34'),(6,2,'Test3',1,'2021-05-21 08:26:10','2021-05-21 08:26:10'),(7,2,'Post này có rất nhiều ảnh nha',1,'2021-05-21 18:39:56','2021-05-21 18:39:56'),(8,8,'1111111111',1,'2021-05-28 17:38:15','2021-05-28 17:38:15'),(9,9,'huhu',1,'2021-05-28 17:50:30','2021-05-28 17:50:30'),(10,1054,'về chuyện tình yêu con chim trên cành hót',1,'2021-07-22 19:56:11','2021-07-22 19:56:11'),(11,1058,'Bài đăng đầu tiên của web',1,'2021-07-31 15:30:17','2021-07-31 15:30:17'),(12,2,'test',0,'2021-08-11 11:49:54','2021-08-11 14:53:10'),(13,2,'abcdef',0,'2021-08-11 11:55:19','2021-08-11 14:53:07'),(14,2,'123123',0,'2021-08-11 12:12:35','2021-08-11 14:53:04'),(15,2,'zxc',0,'2021-08-11 12:13:25','2021-08-11 14:53:02'),(16,2,'testtt',0,'2021-08-11 12:14:48','2021-08-11 14:52:58'),(17,2,'abc',0,'2021-08-11 12:16:39','2021-08-11 14:43:57'),(18,2,'bài đăng mẫu',1,'2021-08-11 14:07:41','2021-08-11 14:07:41'),(19,1056,'Meow ',1,'2021-08-11 15:25:33','2021-08-11 15:25:33'),(20,2,'Đang bảo vệ đồ án tốt nghiệp (❁´◡`❁)',1,'2021-08-11 15:48:19','2021-08-11 15:48:19');
/*!40000 ALTER TABLE `post` ENABLE KEYS */;
UNLOCK TABLES;

--
-- Table structure for table `post_comment`
--

DROP TABLE IF EXISTS `post_comment`;
/*!40101 SET @saved_cs_client     = @@character_set_client */;
/*!50503 SET character_set_client = utf8mb4 */;
CREATE TABLE `post_comment` (
  `id` int NOT NULL AUTO_INCREMENT,
  `idUser` int DEFAULT NULL,
  `idPost` int DEFAULT NULL,
  `content` longtext CHARACTER SET utf8 COLLATE utf8_unicode_ci,
  `status` int DEFAULT '1',
  `createdAt` datetime DEFAULT CURRENT_TIMESTAMP,
  `updatedAt` datetime DEFAULT CURRENT_TIMESTAMP ON UPDATE CURRENT_TIMESTAMP,
  `idComment` int DEFAULT NULL,
  PRIMARY KEY (`id`),
  KEY `pc_user_idx` (`idUser`),
  KEY `pc_post_idx` (`idPost`),
  KEY `pc_comment_idx` (`idComment`),
  CONSTRAINT `pc_comment` FOREIGN KEY (`idComment`) REFERENCES `post_comment` (`id`),
  CONSTRAINT `pc_post` FOREIGN KEY (`idPost`) REFERENCES `post` (`id`),
  CONSTRAINT `pc_user` FOREIGN KEY (`idUser`) REFERENCES `user` (`id`)
) ENGINE=InnoDB AUTO_INCREMENT=41 DEFAULT CHARSET=utf8mb3 COLLATE=utf8_unicode_ci;
/*!40101 SET character_set_client = @saved_cs_client */;

--
-- Dumping data for table `post_comment`
--

LOCK TABLES `post_comment` WRITE;
/*!40000 ALTER TABLE `post_comment` DISABLE KEYS */;
INSERT INTO `post_comment` VALUES (1,2,7,'asdasdasd\r',1,'2021-05-23 16:16:24','2021-05-23 16:17:26',NULL),(2,2,7,'test123\r',1,'2021-05-23 16:16:51','2021-05-23 16:17:26',NULL),(3,2,7,'',1,'2021-05-24 05:49:07','2021-05-24 05:49:07',NULL),(4,2,7,'test :D',1,'2021-05-25 17:43:52','2021-05-25 17:43:52',NULL),(5,2,7,'bủh bủh lmao, adu dảk wa',1,'2021-05-26 14:42:21','2021-05-26 14:42:21',NULL),(6,2,7,'ahihi',1,'2021-05-26 21:44:42','2021-05-26 21:44:42',NULL),(7,2,7,'test1',1,'2021-05-26 21:44:45','2021-05-26 21:44:45',NULL),(8,2,7,'test1\ntest2\ntest3',1,'2021-05-26 21:44:54','2021-05-26 21:44:54',NULL),(9,8,8,'123',1,'2021-05-28 17:38:26','2021-05-28 17:38:26',NULL),(10,9,9,'alo alo',1,'2021-05-28 17:50:51','2021-05-28 17:50:51',NULL),(11,1056,7,'chỉnh font lại anh trai ơi',1,'2021-07-31 12:16:21','2021-07-31 12:16:21',NULL),(12,1056,7,'cái font comment hơi xấu nha',1,'2021-07-31 12:16:29','2021-07-31 12:16:29',NULL),(13,1056,7,'hihih',1,'2021-07-31 12:16:32','2021-07-31 12:16:32',NULL),(14,2,11,'hello :D',1,'2021-07-31 15:31:12','2021-07-31 15:31:12',NULL),(15,2,17,'test',1,'2021-08-11 12:53:11','2021-08-11 12:53:11',NULL),(18,2,17,'test2222',1,'2021-08-11 12:54:50','2021-08-11 12:54:50',NULL),(19,2,17,'asd',1,'2021-08-11 13:03:48','2021-08-11 13:03:48',NULL),(20,2,17,'(¬‿¬)',1,'2021-08-11 13:04:30','2021-08-11 13:04:30',NULL),(21,2,17,'(●\'◡\'●)',1,'2021-08-11 13:04:40','2021-08-11 13:04:40',NULL),(29,2,17,'test2',1,'2021-08-11 13:40:43','2021-08-11 13:40:43',15),(30,2,17,'xuề xoà quá đi',1,'2021-08-11 13:41:20','2021-08-11 13:41:20',18),(31,2,17,'dsa',1,'2021-08-11 13:43:04','2021-08-11 13:43:04',19),(32,2,17,'hihi',1,'2021-08-11 13:45:01','2021-08-11 13:45:01',20),(33,2,17,'đc chưa ta',1,'2021-08-11 13:45:48','2021-08-11 13:45:48',15),(34,2,18,'bình luận mẫu',1,'2021-08-11 14:07:53','2021-08-11 14:07:53',NULL),(35,2,18,'bình luận phản hồi mẫu',1,'2021-08-11 14:07:59','2021-08-11 14:07:59',34),(36,2,20,'ấccasasd',1,'2021-08-11 15:48:44','2021-08-11 15:48:44',NULL),(37,1056,20,'Chúc may mắn !',1,'2021-08-11 15:48:44','2021-08-11 15:48:44',NULL),(38,2,20,'trả lời bình luận bên trong',1,'2021-08-11 15:48:51','2021-08-11 15:48:51',36),(39,2,19,'ảnh mèo',1,'2021-08-11 15:51:26','2021-08-11 15:51:26',NULL),(40,2,20,'trả lời',1,'2021-08-11 15:55:50','2021-08-11 15:55:50',38);
/*!40000 ALTER TABLE `post_comment` ENABLE KEYS */;
UNLOCK TABLES;

--
-- Table structure for table `post_image`
--

DROP TABLE IF EXISTS `post_image`;
/*!40101 SET @saved_cs_client     = @@character_set_client */;
/*!50503 SET character_set_client = utf8mb4 */;
CREATE TABLE `post_image` (
  `idImage` int NOT NULL,
  `idPost` int NOT NULL,
  PRIMARY KEY (`idImage`,`idPost`),
  KEY `pi_post_idx` (`idPost`),
  CONSTRAINT `pi_image` FOREIGN KEY (`idImage`) REFERENCES `image` (`id`),
  CONSTRAINT `pi_post` FOREIGN KEY (`idPost`) REFERENCES `post` (`id`)
) ENGINE=InnoDB DEFAULT CHARSET=utf8mb3 COLLATE=utf8_unicode_ci;
/*!40101 SET character_set_client = @saved_cs_client */;

--
-- Dumping data for table `post_image`
--

LOCK TABLES `post_image` WRITE;
/*!40000 ALTER TABLE `post_image` DISABLE KEYS */;
INSERT INTO `post_image` VALUES (43,1),(44,1),(45,1),(43,2),(44,2),(45,2),(46,7),(47,7),(48,7),(49,7),(50,7),(51,7),(52,7),(53,7),(75,11),(76,11),(77,11),(78,11),(118,12),(119,12),(120,12),(121,12),(122,12),(123,12),(124,14),(125,15),(126,15),(127,16),(128,17),(132,18),(135,19),(139,20);
/*!40000 ALTER TABLE `post_image` ENABLE KEYS */;
UNLOCK TABLES;

--
-- Table structure for table `preference`
--

DROP TABLE IF EXISTS `preference`;
/*!40101 SET @saved_cs_client     = @@character_set_client */;
/*!50503 SET character_set_client = utf8mb4 */;
CREATE TABLE `preference` (
  `id` int NOT NULL AUTO_INCREMENT,
  `name` varchar(45) CHARACTER SET utf8 COLLATE utf8_unicode_ci NOT NULL,
  `icon` varchar(45) CHARACTER SET utf8 COLLATE utf8_unicode_ci DEFAULT 'fa fa-genderless',
  `status` int DEFAULT '1',
  PRIMARY KEY (`id`)
) ENGINE=InnoDB AUTO_INCREMENT=5 DEFAULT CHARSET=utf8mb3 COLLATE=utf8_unicode_ci;
/*!40101 SET character_set_client = @saved_cs_client */;

--
-- Dumping data for table `preference`
--

LOCK TABLES `preference` WRITE;
/*!40000 ALTER TABLE `preference` DISABLE KEYS */;
INSERT INTO `preference` VALUES (1,'Không rõ','fa fa-genderless',1),(2,'Dị tính','fa fa-venus-mars',1),(3,'Đồng tính','fa fa-mars-double',1),(4,'Song tính','fa fa-mars-stroke-v',1);
/*!40000 ALTER TABLE `preference` ENABLE KEYS */;
UNLOCK TABLES;

--
-- Table structure for table `province`
--

DROP TABLE IF EXISTS `province`;
/*!40101 SET @saved_cs_client     = @@character_set_client */;
/*!50503 SET character_set_client = utf8mb4 */;
CREATE TABLE `province` (
  `id` int NOT NULL AUTO_INCREMENT,
  `name` varchar(45) CHARACTER SET utf8 COLLATE utf8_unicode_ci NOT NULL,
  `code` varchar(45) CHARACTER SET utf8 COLLATE utf8_unicode_ci NOT NULL,
  `status` varchar(45) CHARACTER SET utf8 COLLATE utf8_unicode_ci DEFAULT '1',
  PRIMARY KEY (`id`),
  UNIQUE KEY `code_UNIQUE` (`code`)
) ENGINE=InnoDB AUTO_INCREMENT=64 DEFAULT CHARSET=utf8mb3 COLLATE=utf8_unicode_ci;
/*!40101 SET character_set_client = @saved_cs_client */;

--
-- Dumping data for table `province`
--

LOCK TABLES `province` WRITE;
/*!40000 ALTER TABLE `province` DISABLE KEYS */;
INSERT INTO `province` VALUES (1,'Hồ Chí Minh','SG','1'),(2,'Hà Nội','HN','1'),(3,'Đà Nẵng','DDN','1'),(4,'Bình Dương','BD','1'),(5,'Đồng Nai','DNA','1'),(6,'Khánh Hoà','KH','1'),(7,'Hải Phòng','HP','1'),(8,'Long An','LA','1'),(9,'Quảng Nam','QNA','1'),(10,'Vũng Tàu','VT','1'),(11,'Đắk Lắk','DDL','1'),(12,'Cần Thơ','CT','1'),(13,'Bình Thuận','BTH','1'),(14,'Lâm Đồng','LDD','1'),(15,'Thừa Thiên Huế','TTH','1'),(16,'Kiên Giang','KG','1'),(17,'Bắc Ninh','BN','1'),(18,'Quảng Ninh','QNI','1'),(19,'Thanh Hoá','TH','1'),(20,'Nghệ An','NA','1'),(21,'Hải Dương','HD','1'),(22,'Gia Lai','GL','1'),(23,'Bình Phước','BP','1'),(24,'Hưng Yên','HY','1'),(25,'Bình Định','BDD','1'),(26,'Tiền Giang','TG','1'),(27,'Thái Bình','TB','1'),(28,'Bắc Giang','BG','1'),(29,'Hoà Bình','HB','1'),(30,'An Giang','AG','1'),(31,'Vĩnh Phúc','VP','1'),(32,'Tây Ninh','TNI','1'),(33,'Thái Nguyên','TN','1'),(34,'Lào Cai','LCA','1'),(35,'Nam Định','NDD','1'),(36,'Quảng Ngãi','QNG','1'),(37,'Bến Tre','BTR','1'),(38,'Đắk Nông','DNO','1'),(39,'Cà Mau','CM','1'),(40,'Vĩnh Long','VL','1'),(41,'Ninh Bình','NB','1'),(42,'Phú Thọ','PT','1'),(43,'Ninh Thuận','NT','1'),(44,'Phú Yên','PY','1'),(45,'Hà Nam','HNA','1'),(46,'Hà Tĩnh','HT','1'),(47,'Đồng Tháp','DDT','1'),(48,'Sóc Trăng','ST','1'),(49,'Kon Tum','KT','1'),(50,'Quảng Bình','QB','1'),(51,'Quảng Trị','QT','1'),(52,'Trà Vinh','TV','1'),(53,'Hậu Giang','HGI','1'),(54,'Sơn La','SL','1'),(55,'Bạc Liêu','BL','1'),(56,'Yên Bái','YB','1'),(57,'Tuyên Quang','TQ','1'),(58,'Điện Biên','DDB','1'),(59,'Lai Châu','LCH','1'),(60,'Lạng Sơn','LS','1'),(61,'Hà Giang','HG','1'),(62,'Bắc Kạn','BK','1'),(63,'Cao Bằng','CB','1');
/*!40000 ALTER TABLE `province` ENABLE KEYS */;
UNLOCK TABLES;

--
-- Table structure for table `refresh_token`
--

DROP TABLE IF EXISTS `refresh_token`;
/*!40101 SET @saved_cs_client     = @@character_set_client */;
/*!50503 SET character_set_client = utf8mb4 */;
CREATE TABLE `refresh_token` (
  `id` int NOT NULL AUTO_INCREMENT,
  `idUser` int NOT NULL,
  `refreshToken` varchar(255) CHARACTER SET utf8 COLLATE utf8_unicode_ci NOT NULL,
  `ip` varchar(255) CHARACTER SET utf8 COLLATE utf8_unicode_ci NOT NULL,
  `issuedAt` datetime NOT NULL,
  `expiredAt` datetime NOT NULL,
  PRIMARY KEY (`id`),
  KEY `rt_user_idx` (`idUser`),
  CONSTRAINT `rt_user` FOREIGN KEY (`idUser`) REFERENCES `user` (`id`)
) ENGINE=InnoDB AUTO_INCREMENT=111 DEFAULT CHARSET=utf8mb3 COLLATE=utf8_unicode_ci;
/*!40101 SET character_set_client = @saved_cs_client */;

--
-- Dumping data for table `refresh_token`
--

LOCK TABLES `refresh_token` WRITE;
/*!40000 ALTER TABLE `refresh_token` DISABLE KEYS */;
INSERT INTO `refresh_token` VALUES (2,1,'6d05fd9d64e03d848749ea3cee10c5ceaf559a79e5237b19c4e5c849bf7e0869','::1','2021-04-25 23:01:34','2021-05-02 23:01:34'),(3,2,'711449fd32e5fb48719e7274aca8be89365185863790965e8efc693273473f53','::1','2021-04-30 10:58:31','2021-05-07 10:58:31'),(4,1,'0ee43545d436e61b8d1f8a02fc73efd4e7e8838a35cf85eeebfcb7a67e6009c0','::1','2021-05-02 12:30:03','2021-05-09 12:30:03'),(5,2,'2028a085bcf2e091f6601dad68e7921baf4a14224d10dfe5e584128068b117cf','::1','2021-05-02 12:30:42','2021-05-09 12:30:42'),(6,2,'ed99eb304ecbcaf98b9132713cd05a88f6a1e8b6aef2db19307126a94782c417','::1','2021-05-02 12:30:57','2021-05-09 12:30:57'),(7,3,'a5ddad3dbd4cf683115fc9cf73be854bf8abb4257a753b77bf9e41c657c3ebaa','::1','2021-05-02 13:34:30','2021-05-09 13:34:30'),(8,4,'aec1be306ac8391db1d6ffb4dc2914e4dc196dedd457e720adbc1858ca4f7531','::1','2021-05-02 13:36:07','2021-05-09 13:36:07'),(9,2,'79ec776d464bbebaae106eeb1fbb85a4cd88680d7f723072cffa2dce9d3b65af','::1','2021-05-02 14:28:02','2021-05-09 14:28:02'),(10,2,'b376142d9740a9cb720137b9138e10845c9075fe4138f59e42360486b9d2c200','::1','2021-05-02 15:41:36','2021-05-09 15:41:36'),(11,2,'5c149c4316d139f1565cf99d3b1f8c46ecf394853268566c8753f5a784b3e68d','::1','2021-05-02 18:34:48','2021-05-09 18:34:48'),(12,2,'522b3cfebc5617493aff9589f1587404d77b3ceee1b979199efacdd81c96f4ac','::1','2021-05-05 19:58:54','2021-05-12 19:58:54'),(13,1,'65ddfaf918731b379ef27abfe295fcf1bc10d93cf6e9e05cbbdec1ab45e1f88e','::1','2021-05-09 22:52:10','2021-05-16 22:52:10'),(14,1,'46bacce23394fe7a40c0c9739b2ddd0f2cf5e41877af48a900e0af14e2f27782','::1','2021-05-13 18:14:26','2021-05-20 18:14:26'),(15,1,'0ec3835bb53d5c0c7bd3cdc1824c740fb7147ddac8a9424b36ee95169eaac347','::1','2021-05-14 20:52:47','2021-05-21 20:52:47'),(16,2,'5a7d71637e2e5db045eb5f0c08a7f6ae026b20b9eac30d4e2054f5a4ffa25654','::1','2021-05-14 20:52:52','2021-05-21 20:52:52'),(17,5,'d7520884a73140dbd4a01ac06b0245bf45c343e0bf667601b6c0005cc00db87b','::ffff:14.169.48.120','2021-05-21 08:16:43','2021-05-28 08:16:43'),(18,1,'71e4df1dbc59fd389ed62c728ca047cad6b18a465cb0d4fe0f0849b8730a2936','::ffff:42.117.151.101','2021-05-21 08:17:40','2021-05-28 08:17:40'),(19,1,'82e6b3729fa2505b330145c876580f010c8b3fcaf03f34e1ac5fe73f989bc995','::ffff:42.117.151.101','2021-05-21 08:20:42','2021-05-28 08:20:42'),(20,2,'9e425390d402dedcbb9d35eaf3dda9ea3870003e3966ec313c6f9f71a1d32353','::ffff:42.117.151.101','2021-05-21 08:20:46','2021-05-28 08:20:46'),(21,2,'da37e65ed3531ea84a9590557fffa74f30e1a6f2f78020624ffd20015559b511','::1','2021-05-21 21:21:22','2021-05-28 21:21:22'),(22,6,'1498e83777a55747f36823a8fe4fcd3a1550d0e751e56552f6734cd88e8db1ef','::ffff:27.67.188.168','2021-05-22 03:06:02','2021-05-29 03:06:02'),(23,2,'58371ebeefe40de828f757d971888b56581386fc9026829df448d8bf9620a446','::1','2021-05-22 13:50:59','2021-05-29 13:50:59'),(24,2,'c173038642c9c42035b510bf2dfe4065f30347faafed148cb2a47addfd9445ae','::1','2021-05-22 15:52:29','2021-05-29 15:52:29'),(25,7,'ba0a1077c4d419cb770034f6f820a4f14199101986d77999a7293052653bfac7','::1','2021-05-22 20:13:27','2021-05-29 20:13:27'),(26,2,'8c613f2d3423745e037b799421b0dd5376734a37e530af4c06e0ea4b139a16ff','::1','2021-05-22 20:42:31','2021-05-29 20:42:31'),(27,2,'fe42e93d0d09432cad5578913dd5f5718569ae9d57a55d12a5ef1aec491711f1','::1','2021-05-24 12:38:58','2021-05-31 12:38:58'),(28,2,'7552542091c4adf036d99725e951ce60fd16e01dfceeeab588d719338ff24770','::1','2021-05-24 12:49:14','2021-05-31 12:49:14'),(29,2,'d879f7c6e4327f30845fba1ad9ec64f7421dde78e81aa92396c390b6b1d9f8db','::1','2021-05-24 12:59:19','2021-05-31 12:59:19'),(30,2,'5cf40d03d09f782f7dab9ced9ab1aa19bd59a5fa7a5c324d9e7ec5a54a48dabd','::1','2021-05-25 12:31:26','2021-06-01 12:31:26'),(31,2,'3933983bead1bd81761c903fe59ff8732d12a863c358a15fd5c3b2ba57c57de3','::1','2021-05-25 13:18:56','2021-06-01 13:18:56'),(32,2,'d1d4ea877cf755c0baaf3535c277dfde201df258498ec308ac355a1bae62d244','::1','2021-05-25 20:18:31','2021-06-01 20:18:31'),(33,2,'275f534ad4162108aeb1e811739c2af3f735571e82e02c19798d982fe07d8390','::1','2021-05-25 22:11:34','2021-06-01 22:11:34'),(34,2,'0a520480bb1b10128c11764c84c43a8da278dab50259acf5c1287ccd70ae0425','::1','2021-05-26 12:43:58','2021-06-02 12:43:58'),(35,2,'07bb0226cd12e6ce78d45964e6e2d20b703af6e8ffd67ae06ceade316200ba72','::1','2021-05-26 23:39:37','2021-06-02 23:39:37'),(36,8,'e3d7a6a80dac2462f251ddef7f0c380c3f93833e28d73b68d46202af3b20bfcf','::ffff:14.181.26.231','2021-05-28 09:16:04','2021-06-04 09:16:04'),(37,2,'2827e5ae96528fff9624e8b6b6a9eaca122ea4d63429b333bd067a91cb2b9422','::ffff:1.54.27.17','2021-05-28 17:32:42','2021-06-04 17:32:42'),(38,8,'f7950ada3819eea8f747306d429e22ebd3e5c7547ddf4d2a11276ea1073f01fa','::ffff:14.181.26.231','2021-05-28 17:36:43','2021-06-04 17:36:43'),(39,2,'b31bd21c8740cf105b0b8ebbe2cfda2f9594500ede6e8a99375010e24f900394','::ffff:1.54.27.17','2021-05-28 17:42:13','2021-06-04 17:42:13'),(40,2,'88e982039ba8f01242f8cf31f149ae1ee432500192ba3fad1d2821d9608a2a2f','::1','2021-05-28 17:45:50','2021-06-04 17:45:50'),(41,9,'5da9da8ce2a73bfea05ae5b1a1bd34e9e050ec6a666f8be3f916130b785d3425','::ffff:1.52.121.193','2021-05-28 17:48:30','2021-06-04 17:48:30'),(42,2,'14bfb34a15cb1add8e9ec6f2c6696ef5b66ed9947b27a45479d417740aa819ec','::1','2021-05-29 09:54:27','2021-06-05 09:54:27'),(43,2,'64cf4c28bd3c9fbe521988cf8f1461401df63e67076b1b3f0f1b2507a1adac61','::1','2021-05-30 16:43:32','2021-06-06 16:43:32'),(44,2,'1463fd8bacd1e820ce79f8e531e2ad4b531683a624c157fbb32f9ea66d2f8b1f','::1','2021-05-30 17:10:04','2021-06-06 17:10:04'),(45,2,'e6cc142e563f0c5c7682826a231c1a92389cc8b342b9b9b256b28176203d6e43','::ffff:127.0.0.1','2021-05-30 18:51:27','2021-06-06 18:51:27'),(46,2,'0f77fd001b6cb656dbbad2fb71a0f4150035a35e4cbbc182001553ab6524c5b7','::1','2021-05-30 19:12:37','2021-06-06 19:12:37'),(47,2,'c5549cc0fc6ed61a027edf369268e044b23e54ea1e5c362388a0184913f9015c','::1','2021-05-30 19:32:50','2021-06-06 19:32:50'),(48,2,'e3599c1021360e9ee421b9d70e989a32580adea8a9c5fca98698582717896ba6','::1','2021-05-30 20:30:59','2021-06-06 20:30:59'),(49,2,'459f7422335e341d04239876352ff651360e734e7c6a37f5c787abd2c9daaff9','::1','2021-05-30 23:13:15','2021-06-06 23:13:15'),(50,8,'9468f62755b2fe402814835b7dc4ac6189ec9ec8af4823381f8536fb6e89bd30','::ffff:113.186.120.186','2021-06-01 13:08:10','2021-06-08 13:08:10'),(51,2,'e5c4e5d54a4d185de184857e669a6a5d02ce50a0fd277f17239eccfae1e90ad4','::1','2021-06-02 01:10:18','2021-06-09 01:10:18'),(52,2,'b6a59616ecf440f13ac68f5d0447549f79338c74be650957cb23a518ba9bc0dc','::1','2021-06-02 01:37:47','2021-06-09 01:37:47'),(53,2,'6e24cb789c242a43d705b1809921e36734a78e648a1bb881dcef9cede1537a1e','::1','2021-06-02 21:31:32','2021-06-09 21:31:32'),(54,2,'4f4d891f4c64522faef81b42be78eb367bae2320c1907e3b418c9a0f1a182c28','::1','2021-06-03 00:29:01','2021-06-10 00:29:01'),(55,2,'ebf7cb1935ff3098d56c1cd06ea3c3509ba32757c3ab37b5fd80373678592160','::1','2021-06-03 00:39:54','2021-06-10 00:39:54'),(56,2,'7aa0c81eb753bf05d6d3a9f35d6d3457938a4f38ddef3c981ae370b0dba7cc19','::1','2021-06-03 00:41:17','2021-06-10 00:41:17'),(57,2,'720e287ecc5fcd18835d21b49c6357a4682d6b18c54b3e2aa87d385ad6028264','::1','2021-06-15 19:14:37','2021-06-22 19:14:37'),(58,2,'da2b0fb42e20e20e69f9dc3872baa4762de04761a7d7fb25e4d6eed2030ec9cb','::1','2021-06-15 19:31:26','2021-06-22 19:31:26'),(59,8,'0bc77e9aaa5352bfeeade84a32967f624434a0258a66e376f5aa5978d2e5d18a','::ffff:14.188.136.189','2021-06-17 00:03:17','2021-06-24 00:03:17'),(60,2,'97933278a81c69f01d22303a7e458e6a5201b6859d207c9d5c3ff7862df2ba6b','::1','2021-06-23 19:02:04','2021-06-30 19:02:04'),(61,2,'8865424c190f75c5360ffed686c457e76e6989eae8d6d8ce3f06515fe924d8bb','::1','2021-06-23 19:21:38','2021-06-30 19:21:38'),(62,2,'28b8dd4f813e144e6b4d3c02ea7dc9a8841a5c57a952407375163c6449bc3751','::1','2021-06-23 20:07:56','2021-06-30 20:07:56'),(63,2,'5f9ba35bcb83a7c72e1137d6b64d5b50f31badbe35d3cc3d3b4cc85fd34ae49d','::1','2021-06-23 20:09:20','2021-06-30 20:09:20'),(64,2,'26e24f2c6fb06cb8d5fe50b2731440011d3429974beeaf4e5f7000d041988467','::1','2021-06-23 20:09:43','2021-06-30 20:09:43'),(65,2,'33161bea2c22fe7ecc0fb2e23be65bd01407d00a36225b667dbf54bb5fe71a4e','::1','2021-06-26 10:57:29','2021-07-03 10:57:29'),(66,2,'7ebbd873f6a56d955ea82abe75afbaa8f0bd591de2fa12aefe7bb2b6a0c09578','::1','2021-06-27 10:34:09','2021-07-04 10:34:09'),(67,2,'b1ca6f3495a798f309342ed03078ea0f374ee6ce2062bc6a49357622c6801f96','::1','2021-07-02 18:52:00','2021-07-09 18:52:00'),(68,2,'27308a012679e5db8bb8a1bfcde31a07be53f52e9c1f23d2ec4b65d873778096','::1','2021-07-06 18:31:40','2021-07-13 18:31:40'),(69,2,'7997a9b6bcfd4ab30dc9c772f44c23864de9a77ef6b331509726aec868e4c5b8','::1','2021-07-06 19:34:20','2021-07-13 19:34:20'),(72,2,'d3a7494316c8f8d3d9b402c66e69c508ac7089d660d18380d8ecb6f56b7ed925','::1','2021-07-11 14:41:39','2021-07-18 14:41:39'),(73,2,'37d57021d3a5927af36e1e5110bbccb32dd3eb928c46f207f2f084b6a43a19c9','::1','2021-07-11 14:43:47','2021-07-18 14:43:47'),(74,2,'d88653eff401f815b8baebc125280fb336a09abd8c5abff199907a99e0a5c6d5','::1','2021-07-11 14:44:43','2021-07-18 14:44:43'),(75,2,'34209f9b77d71df7b22e3a7ecdeee20d01a076749c16da1062dc01d199035a41','::1','2021-07-11 15:04:40','2021-07-18 15:04:40'),(76,2,'67b0c7c5cef897ce7427dfa664674742af55b2a8e84c5a1c52d5567906e9e313','::1','2021-07-11 17:55:20','2021-07-18 17:55:20'),(77,2,'3ed9ad85e7020ed54c2273234eb766cefa31698619e65152dfbb19fcf4cc82d4','::1','2021-07-11 18:25:15','2021-07-18 18:25:15'),(78,2,'1575cd2ee66111a69e22089adc70e946763a4948e676278ee904db77799ad078','::1','2021-07-15 19:08:12','2021-07-22 19:08:12'),(79,2,'ea1d2ce15ee4d133a465b1f1a6c50389688e9f2f44371ed85209ec0dff1688f0','::1','2021-07-17 12:13:57','2021-07-24 12:13:57'),(80,2,'648e7f0bf8cae897f75604a81b578fd52902a69ea6e87ab457ef0dd72ba11340','::ffff:42.113.75.72','2021-07-22 19:52:34','2021-07-29 19:52:34'),(81,1054,'d69cbf80534cb055c10b22aa6302b390bb8d13651f45aa539af0c12b7c0f26e4','::ffff:14.186.91.251','2021-07-22 19:54:14','2021-07-29 19:54:14'),(82,2,'404784a60d2b85a569cae9112f4953d129b44bbbe013fcb28b9e3f35839fa689','::1','2021-07-24 12:17:03','2021-07-31 12:17:03'),(83,2,'00cca655eea1c712077bdd299abc07c6aa41ce19811b2b9c9385f1edeba99dc1','::1','2021-07-24 15:51:16','2021-07-31 15:51:16'),(84,2,'2f0856e475826ed7cb369485d20b0ac35f2ebe056718f1dd4a15868704f570a5','::1','2021-07-24 17:50:25','2021-07-31 17:50:25'),(85,1055,'11945be0f4a6a8a00954dfc7288ff199b3ef16e459bd947bf3ebd385801f67d3','::ffff:14.186.91.251','2021-07-24 21:57:40','2021-07-31 21:57:40'),(86,2,'6d8ab1d04399b9d9a6725e0fffee141a578c6588c3be0d5c36499b6e64ab77f4','::ffff:42.113.75.72','2021-07-25 03:24:54','2021-08-01 03:24:54'),(87,2,'e76609362b542f3dbbf2976933bdf83019874b89b51a2a22418d4a0b2456cf66','::ffff:42.115.110.60','2021-07-31 12:08:39','2021-08-07 12:08:39'),(88,1056,'f7f0c3d4bfd50a0589e5d55e646c12d468550679cf7b4cf325ec2a19c2e5a722','::ffff:14.186.91.251','2021-07-31 12:12:32','2021-08-07 12:12:32'),(89,2,'6f6f91e53beae77f0031020b97ba1301f9b89bfb7cf66f40700d4efae196fc04','::ffff:42.115.110.60','2021-07-31 12:15:42','2021-08-07 12:15:42'),(90,2,'ddf6c77fd8f4660749b54a7d426d03f31846e5ef1e201da59d8695160ca60510','::1','2021-07-31 12:26:09','2021-08-07 12:26:09'),(91,1057,'f2098eb64ac215d32bfb77f5ba50814a7549e6125523917f09a13ea0130a773d','::ffff:42.115.110.60','2021-07-31 13:35:57','2021-08-07 13:35:57'),(92,2,'bb2640e74505d154f72a1c6902433f7b03fc11334b5cc2df601f09bd83425951','::1','2021-07-31 13:40:46','2021-08-07 13:40:46'),(93,1057,'ffd834058a4849e634a7601d99f4bb773b1a08d512bd7571b7edd4a3e0cbebe2','::1','2021-07-31 13:47:14','2021-08-07 13:47:14'),(94,1058,'42e3f7098a92f55113d7773d4c7482153b20197e84682729c9a11b35dbba3ce5','::ffff:42.115.110.60','2021-07-31 15:25:55','2021-08-07 15:25:55'),(95,2,'1d38001abbaeec3b2e5cb20977b2161bc15a11bfcd8f55e8e4db768021579df2','::ffff:42.115.110.60','2021-07-31 15:30:49','2021-08-07 15:30:49'),(96,1056,'88d5acddc9a6de336415caa2375ebc16ed9f1c96ab9fc7ed02fbb28067f73c57','::1','2021-07-31 16:21:17','2021-08-07 16:21:17'),(97,1056,'1abb0a81c6a6804572d0502a9a043d000c407ca41b99ab90f0673f904e77f180','::ffff:14.186.91.251','2021-07-31 16:36:36','2021-08-07 16:36:36'),(98,1057,'409dc9b47e94cf977dbb24a7ad56ed0ce2fce0ae56bd0aa35fa9babbb95dde3f','::1','2021-08-01 12:29:46','2021-08-08 12:29:46'),(99,2,'06904bff682ccd0fd832db82fcfe0b8e33811fd90233fea2e2df25a146788eb0','::1','2021-08-01 12:30:18','2021-08-08 12:30:18'),(100,2,'0a8ee9c9ccc42a5e81893be24905dd978ca5fa2dc3637ee5a523b984ac10648b','::1','2021-08-07 15:39:48','2021-08-14 15:39:48'),(101,2,'9d06d72fedc63c602e4fec229e713776ac855d4cdb18ba072e1973743f579a36','::1','2021-08-10 21:00:37','2021-08-17 21:00:37'),(102,2,'9f0c0330fc90b46988363feafc6ee404ca9a923cf43ca10df98ac53eece933f1','::ffff:118.71.35.66','2021-08-10 22:58:48','2021-08-17 22:58:48'),(103,2,'ff3a63871f1324a2765a7b8fa3b6d5b99bddc9dfd5b7481627c296efbb0ce3b1','::1','2021-08-11 13:24:56','2021-08-18 13:24:56'),(104,1056,'0c64a2ee7814fd5b66647e471c016eb48634eca00e34b9f894b8c4afcd66b4dd','::ffff:14.186.74.241','2021-08-11 13:55:31','2021-08-18 13:55:31'),(105,1059,'6958e56710a5b2bbd0b952dea9c720fcee497e887b1341ad82b68981bbc38d99','::ffff:118.71.35.66','2021-08-11 13:58:16','2021-08-18 13:58:16'),(106,2,'ba8b0dc4e683d22d35181b19edf5645ab331057a1f6b9154ddf4e1e090da7698','::ffff:118.71.35.66','2021-08-11 14:05:56','2021-08-18 14:05:56'),(107,1059,'7f32ebc88488c9dad30018690ab716d5f962ff280ed3a13f26001b786c96cb44','::ffff:118.71.35.66','2021-08-11 15:28:08','2021-08-18 15:28:08'),(108,2,'76d4ca7d336032cbeddcb99dbe6c0032c29b922f45526412b65e3c47a29245ea','::1','2021-08-11 15:30:36','2021-08-18 15:30:36'),(109,1059,'57fb2308351859add696a17953c7228aadeae2c8d11cf5de60039dea86f44b42','::1','2021-08-11 15:31:02','2021-08-18 15:31:02'),(110,2,'f559b6ad6564b5caea9a1723428bce2fc3f327d9dd15e17737c7f2c2ddda9875','::ffff:118.71.35.66','2021-08-11 15:47:02','2021-08-18 15:47:02');
/*!40000 ALTER TABLE `refresh_token` ENABLE KEYS */;
UNLOCK TABLES;

--
-- Table structure for table `user`
--

DROP TABLE IF EXISTS `user`;
/*!40101 SET @saved_cs_client     = @@character_set_client */;
/*!50503 SET character_set_client = utf8mb4 */;
CREATE TABLE `user` (
  `id` int NOT NULL AUTO_INCREMENT,
  `email` varchar(255) CHARACTER SET utf8 COLLATE utf8_unicode_ci NOT NULL,
  `password` varchar(255) CHARACTER SET utf8 COLLATE utf8_unicode_ci NOT NULL,
  `firstName` varchar(45) CHARACTER SET utf8 COLLATE utf8_unicode_ci DEFAULT NULL,
  `lastName` varchar(45) CHARACTER SET utf8 COLLATE utf8_unicode_ci DEFAULT NULL,
  `dob` date DEFAULT NULL,
  `idGender` int DEFAULT '1',
  `idPreference` int DEFAULT '1',
  `idProvince` int DEFAULT NULL,
  `height` tinyint unsigned DEFAULT NULL,
  `weight` tinyint unsigned DEFAULT NULL,
  `bio` text CHARACTER SET utf8 COLLATE utf8_unicode_ci,
  `avatar` int DEFAULT NULL,
  `banner` int DEFAULT NULL,
  `status` int DEFAULT '1',
  `createdAt` datetime DEFAULT CURRENT_TIMESTAMP,
  `slug` varchar(90) CHARACTER SET utf8 COLLATE utf8_unicode_ci NOT NULL,
  PRIMARY KEY (`id`),
  UNIQUE KEY `email_UNIQUE` (`email`),
  UNIQUE KEY `slug_UNIQUE` (`slug`)
) ENGINE=InnoDB AUTO_INCREMENT=1060 DEFAULT CHARSET=utf8mb3 COLLATE=utf8_unicode_ci;
/*!40101 SET character_set_client = @saved_cs_client */;

--
-- Dumping data for table `user`
--

LOCK TABLES `user` WRITE;
/*!40000 ALTER TABLE `user` DISABLE KEYS */;
INSERT INTO `user` VALUES (1,'stungle154@gmail.com','383e0419f99bf1e56eb008db7da8b652','Dùng Soulatte','Người',NULL,1,1,NULL,NULL,NULL,NULL,NULL,NULL,1,'2021-04-25 23:01:34','123'),(2,'tungls9@fpt.com.vn','383e0419f99bf1e56eb008db7da8b652','Lê','Tùng','1999-04-15',2,2,2,186,81,'[Noni? Ghé thăm rồi thì chào nhau 1 câu đi nào]',137,138,1,'2021-04-30 10:58:32','stungleRjs'),(3,'testmail@gmail.com','383e0419f99bf1e56eb008db7da8b652','Dùng Soulatte','Người',NULL,1,1,NULL,NULL,NULL,NULL,NULL,NULL,1,'2021-05-02 13:34:30','141d6453-890b-441f-96e4-d3b1aa354761'),(4,'test2@gmail.com','383e0419f99bf1e56eb008db7da8b652','Dùng Soulatte','Người',NULL,1,1,NULL,NULL,NULL,NULL,NULL,NULL,1,'2021-05-02 13:36:08','7b35faf3-4fbd-43c2-b879-2f2465adb50c'),(5,'hackermutrang@emeil.com','695b361db917e676f900ef0ae2130253','Nguyên','Nguyễn Huỳnh','2002-03-27',2,3,1,172,100,'tôi là hackẻ',63,NULL,1,'2021-05-21 08:16:44','mutrang123'),(6,'admin@mail.com','97adea5b88802d9a3bfbf82b7aa13fba','User','Soulatte',NULL,1,1,NULL,NULL,NULL,NULL,NULL,NULL,1,'2021-05-22 03:06:02','fcda935f-95c1-4f77-b58c-9c4e0b5d17d3'),(7,'truong@gmail.com','ef73781effc5774100f87fe2f437a435','User','Soulatte',NULL,1,1,NULL,NULL,NULL,NULL,54,NULL,1,'2021-05-22 20:13:27','5a13db13-7aed-47ee-8b7d-1d02bc1579db'),(8,'hoailong129@gmail.com','f925916e2754e5e03f75dd58a5733251','User','Soulatte','2003-05-27',2,2,2,NULL,NULL,NULL,NULL,NULL,1,'2021-05-28 09:16:05','ed99c106-18cd-4a9d-a176-342a1b58ee13'),(9,'hailit2306@gmail.com','f49338c5deab61c4de0589f597dc2eee','Hải','Trần Thanh','1999-01-10',2,1,33,174,64,'haha',NULL,NULL,1,'2021-05-28 17:48:31','4e06507e-a76d-4b80-abe2-009ce556c2e9'),(11,'aduggleby0@quantcast.com','494d888f9ab6f122a88897ef05e1e914','Ambrosius','Duggleby','2014-02-18',3,3,11,167,116,'Phasellus in felis. Donec semper sapien a libero. Nam dui.',NULL,NULL,1,'2021-07-07 19:58:52','bd463faddebde9d894c4059a2204868084f72e52594529bdc90716690ee8d802'),(12,'mgundrey1@addthis.com','b61f950c223b21ace6c044ac00d1f88c','Matias','Gundrey','2016-11-12',5,3,47,210,57,'Sed sagittis. Nam congue, risus semper porta volutpat, quam pede lobortis ligula, sit amet eleifend pede libero quis orci. Nullam molestie nibh in lectus.',NULL,NULL,1,'2021-07-07 19:58:52','850f308781c68e7af035ea16e2beddc19698b86d14cc400bacd0bbc47a66fb0b'),(13,'iswannack4@un.org','cd9c0701ae4762221e762f02f10610c9','Issiah','Swannack','2021-02-08',2,3,40,202,106,'Curabitur gravida nisi at nibh. In hac habitasse platea dictumst. Aliquam augue quam, sollicitudin vitae, consectetuer eget, rutrum at, lorem.\n\nInteger tincidunt ante vel ipsum. Praesent blandit lacinia erat. Vestibulum sed magna at nunc commodo placerat.',NULL,NULL,1,'2021-07-07 19:58:54','e9e7c4e4ab305426c8cc34537536a3464120f022c20c4187a2e02bbaf407708d'),(14,'tdavidavidovics5@yolasite.com','8acb9474e5e120c85fec65492bb042c1','Thornie','Davidavidovics','2009-08-14',5,3,63,203,66,'Duis bibendum. Morbi non quam nec dui luctus rutrum. Nulla tellus.\n\nIn sagittis dui vel nisl. Duis ac nibh. Fusce lacus purus, aliquet at, feugiat non, pretium quis, lectus.',NULL,NULL,1,'2021-07-07 19:58:54','9c14c518c923d1bbd9c4bfbbd868b2062eb287cc50f8cef1278d4bf73cde6319'),(15,'kpowis6@ibm.com','d17ca884053f5084010f16f106f9027c','Kimberlyn','Powis','2014-11-16',1,1,5,181,91,'Aenean fermentum. Donec ut mauris eget massa tempor convallis. Nulla neque libero, convallis eget, eleifend luctus, ultricies eu, nibh.',NULL,NULL,1,'2021-07-07 19:58:54','4b7a7827866ed5886765413bb7f9bf57fa3b74a867ffe8d98bd76af83683eaa0'),(16,'cashtonhurst7@umn.edu','6ab09e40ecfa37f595dd92d75e2b319b','Codee','Ashtonhurst','2021-05-24',3,2,56,162,96,'Proin eu mi. Nulla ac enim. In tempor, turpis nec euismod scelerisque, quam turpis adipiscing lorem, vitae mattis nibh ligula nec sem.',NULL,NULL,1,'2021-07-07 19:58:54','9b5a89db6ce0036a11790169d5b109628da516cd1e833b74db4cc1beeafbee93'),(17,'bmerring9@huffingtonpost.com','e21ee10c725cb03f3b70a2d9da857ed0','Barbi','Merring','2018-12-06',3,4,51,166,81,'Proin leo odio, porttitor id, consequat in, consequat ut, nulla. Sed accumsan felis. Ut at dolor quis odio consequat varius.',NULL,NULL,1,'2021-07-07 19:58:55','4bf3f667c8fd0dcb731ca3d9938ed8c5a2a1b436d0cdf227e42a440ff0c51495'),(18,'dlyfeb@hud.gov','be991dbcba82a797883f6bc8b9c59901','Davidson','Lyfe','2005-09-10',4,4,17,193,53,'Cum sociis natoque penatibus et magnis dis parturient montes, nascetur ridiculus mus. Vivamus vestibulum sagittis sapien. Cum sociis natoque penatibus et magnis dis parturient montes, nascetur ridiculus mus.',NULL,NULL,1,'2021-07-07 19:58:56','6668a4b79a35dd695ef28c94744891ceab9c6f09f3d5f562c94212fc2008b1b2'),(19,'lidelc@usa.gov','240938c670e05a82dbfbc3e959c2fb24','Les','Idel','2004-07-19',3,3,9,181,87,'Maecenas ut massa quis augue luctus tincidunt. Nulla mollis molestie lorem. Quisque ut erat.',NULL,NULL,1,'2021-07-07 19:58:56','9e5de8e074155f3b35691f3b90fb7134607f46281a0876946e564b4bf6f80e17'),(20,'jmarnanee@zdnet.com','a3b6d4f77e4bae413250cb5668517519','Jessika','Marnane','2014-09-26',3,1,13,187,107,'Duis bibendum. Morbi non quam nec dui luctus rutrum. Nulla tellus.\n\nIn sagittis dui vel nisl. Duis ac nibh. Fusce lacus purus, aliquet at, feugiat non, pretium quis, lectus.',NULL,NULL,1,'2021-07-07 19:58:58','40b7b90e5ca033b14a58043b1eb66ff747063fb9a704b195b6d2e3039a191593'),(21,'mdykasf@adobe.com','270ab232f79520650fb05744278b98da','Maximilianus','Dykas','2008-12-30',2,2,29,200,88,'Sed sagittis. Nam congue, risus semper porta volutpat, quam pede lobortis ligula, sit amet eleifend pede libero quis orci. Nullam molestie nibh in lectus.\n\nPellentesque at nulla. Suspendisse potenti. Cras in purus eu magna vulputate luctus.',NULL,NULL,1,'2021-07-07 19:58:58','3d0b8e3374ab561d4846bea45e9d146aa84da290af5c8f87623e1b9c2449fd63'),(22,'gleamingg@delicious.com','10a5b6a52dc152fc9a414e7596dd3265','Gradey','Leaming','2018-12-25',4,1,34,203,88,'Nulla ut erat id mauris vulputate elementum. Nullam varius. Nulla facilisi.\n\nCras non velit nec nisi vulputate nonummy. Maecenas tincidunt lacus at velit. Vivamus vel nulla eget eros elementum pellentesque.',NULL,NULL,1,'2021-07-07 19:58:58','d2a16a81d9251804db5ea8c956d27ce49808d85bbe1a2d79b9322a941c79eee0'),(23,'schesnuth@acquirethisname.com','be3bbb66c4e36c80dc41c5f5dceedfcd','Sander','Chesnut','2002-07-16',6,4,13,175,61,'Maecenas tristique, est et tempus semper, est quam pharetra magna, ac consequat metus sapien ut nunc. Vestibulum ante ipsum primis in faucibus orci luctus et ultrices posuere cubilia Curae; Mauris viverra diam vitae quam. Suspendisse potenti.',NULL,NULL,1,'2021-07-07 19:58:59','c80cc0c5e7276e27bbb1b52416a7ec7b8ba44af805689988e14b952c0d5bbfc2'),(24,'celleringtoni@smh.com.au','db08d64cab2435036e4d16f250b94bf5','Caleb','Ellerington','2021-03-19',3,4,49,218,52,'Nullam porttitor lacus at turpis. Donec posuere metus vitae ipsum. Aliquam non mauris.\n\nMorbi non lectus. Aliquam sit amet diam in magna bibendum imperdiet. Nullam orci pede, venenatis non, sodales sed, tincidunt eu, felis.',NULL,NULL,1,'2021-07-07 19:58:59','d29c79cf8311219a960a2dd95864b96dcae3b7d1058e9bbb9d69f78fd32a75d5'),(25,'glyfej@prnewswire.com','d7b512a544e2b8142ab25af3b8fc98de','Gwenora','Lyfe','2016-12-23',3,2,35,181,60,'Nullam sit amet turpis elementum ligula vehicula consequat. Morbi a ipsum. Integer a nibh.',NULL,NULL,1,'2021-07-07 19:58:59','0ace4e7ed96ea6039cfdb74a017735d8d7e69297035f49ffc3222d8e86469c61'),(26,'svokinsk@reuters.com','84f405cecd23807cf0a3a039bc4d0e79','Spike','Vokins','2000-10-09',4,2,45,198,118,'Quisque porta volutpat erat. Quisque erat eros, viverra eget, congue eget, semper rutrum, nulla. Nunc purus.',NULL,NULL,1,'2021-07-07 19:59:20','6c253a606db83ed2c844cfd3713c702f4c8291006a7e987894b8de93acd85f81'),(27,'kmuzzin@typepad.com','8acf3d9ffd9a6efdb395bfa23f70856f','Kenny','Muzzi','2017-10-15',1,1,61,218,83,'Nulla ut erat id mauris vulputate elementum. Nullam varius. Nulla facilisi.',NULL,NULL,1,'2021-07-07 19:59:26','b098f1dfd5761ffe26b9c3969fcf0cf063fc5dfa9aedc2877bd52fee27134b37'),(28,'ktavenerq@example.com','ec8002668df9ce0cd54b6633547c9689','Kristin','Tavener','2015-08-23',6,1,38,213,92,'Nulla ut erat id mauris vulputate elementum. Nullam varius. Nulla facilisi.\n\nCras non velit nec nisi vulputate nonummy. Maecenas tincidunt lacus at velit. Vivamus vel nulla eget eros elementum pellentesque.',NULL,NULL,1,'2021-07-07 19:59:26','b6d1ad453ee2a6109231f1ff62f00ad25cbb192785a41bba37f07915b4345987'),(29,'tdellentys@telegraph.co.uk','40defeb3e0a158a8c81622c9f29c4584','Tremain','Dellenty','2003-08-27',4,1,55,180,108,'Nullam porttitor lacus at turpis. Donec posuere metus vitae ipsum. Aliquam non mauris.\n\nMorbi non lectus. Aliquam sit amet diam in magna bibendum imperdiet. Nullam orci pede, venenatis non, sodales sed, tincidunt eu, felis.',NULL,NULL,1,'2021-07-07 19:59:26','7fb0276f962a11e12e9f05728e55454d50080ec6003334c647ec9ac4cf1d20c3'),(30,'mgeffeu@amazon.co.jp','148b8a3b91bf36ef934e629953334fe0','Myles','Geffe','2011-12-15',6,1,57,150,64,'Duis aliquam convallis nunc. Proin at turpis a pede posuere nonummy. Integer non velit.',NULL,NULL,1,'2021-07-07 20:00:09','3397a942fc01690ccb5732604bcc5a58104846c4d6a550e8dfc291e8b2d2a03b'),(31,'dgreesonv@wsj.com','d0f6cf9337f06df095d154379f9d147d','Damian','Greeson','2000-06-02',3,2,42,198,65,'In congue. Etiam justo. Etiam pretium iaculis justo.\n\nIn hac habitasse platea dictumst. Etiam faucibus cursus urna. Ut tellus.',NULL,NULL,1,'2021-07-07 20:00:09','2f61317601c42fa2d5d9b13b2347ba4b095454eea61fede8891157bffc0d93ae'),(32,'vparlettw@w3.org','c081dce4d5096039c5220b16acd123dd','Vicki','Parlett','2012-08-10',1,1,17,217,52,'Duis aliquam convallis nunc. Proin at turpis a pede posuere nonummy. Integer non velit.',NULL,NULL,1,'2021-07-07 20:00:09','a9cfb39c06869482539a8860478e64cc47e447fde77ba210b99c5d98e3e44b37'),(33,'parnattx@bravesites.com','506ac2924c8b3f588761fbd540ecd3a3','Pier','Arnatt','2009-09-29',6,2,22,206,66,'Integer ac leo. Pellentesque ultrices mattis odio. Donec vitae nisi.\n\nNam ultrices, libero non mattis pulvinar, nulla pede ullamcorper augue, a suscipit nulla elit ac nulla. Sed vel enim sit amet nunc viverra dapibus. Nulla suscipit ligula in lacus.',NULL,NULL,1,'2021-07-07 20:00:09','e7f5d6c2caf506f0a5e883fd6a908a4fe26cc37f820cd1fc11392cb1804eaae7'),(34,'mmadocjonesy@stanford.edu','e44a04d19f20cb4f753f15b4cf517b0b','Mordy','Madoc-Jones','2003-06-16',5,2,51,154,69,'Suspendisse potenti. In eleifend quam a odio. In hac habitasse platea dictumst.',NULL,NULL,1,'2021-07-07 20:00:09','44cc6559f3b5610bab85b703cfd91e018e70387d7e5c152ef3d195a31d438dbb'),(35,'rmarshall10@issuu.com','a6277b490ba8f709e126705bbe601b14','Ritchie','Marshall','2013-07-01',6,4,17,188,73,'Morbi porttitor lorem id ligula. Suspendisse ornare consequat lectus. In est risus, auctor sed, tristique in, tempus sit amet, sem.',NULL,NULL,1,'2021-07-07 20:00:09','50020b9b1bc21f4efa381e2f00d029558642bcdd1ff344bd9fda3293321b4588'),(36,'amoffett12@washingtonpost.com','5df15112d72939fcc31dd6cab24d3fcb','Ammamaria','Moffett','2018-02-28',4,3,60,178,64,'Phasellus in felis. Donec semper sapien a libero. Nam dui.\n\nProin leo odio, porttitor id, consequat in, consequat ut, nulla. Sed accumsan felis. Ut at dolor quis odio consequat varius.',NULL,NULL,1,'2021-07-07 20:00:10','1fca250ba7803aac1c1f362e90375e24ecd35a1dcd6804570b983e9df76f5c51'),(37,'dmuncer13@pinterest.com','38b40f09bf775bc27e8e3dcd5e824bb5','Darn','Muncer','2015-06-14',5,2,54,173,112,'In hac habitasse platea dictumst. Etiam faucibus cursus urna. Ut tellus.\n\nNulla ut erat id mauris vulputate elementum. Nullam varius. Nulla facilisi.',NULL,NULL,1,'2021-07-07 20:00:10','c18145407df072b7961a9489d8682e9b2c042f74ae6a4787d3d125ebeff841aa'),(38,'tscarf14@ucoz.ru','94ac0b7c18342b04e5f43b3caac0bf2b','Theda','Scarf','2002-06-15',5,1,48,158,72,'Morbi non lectus. Aliquam sit amet diam in magna bibendum imperdiet. Nullam orci pede, venenatis non, sodales sed, tincidunt eu, felis.',NULL,NULL,1,'2021-07-07 20:00:10','84680ab8861f52f221894b748b6648913191af7ee67268676e0c38842827eb29'),(39,'tmorehall15@shareasale.com','f755feecd862bfe697d9da9f669a457c','Tatiana','Morehall','2015-01-04',5,2,54,214,95,'Etiam vel augue. Vestibulum rutrum rutrum neque. Aenean auctor gravida sem.',NULL,NULL,1,'2021-07-07 20:00:10','b646a876c7f9de1ae4236c41de1680b1e3dcffd0df9d7a98e7ec548a5a4b5c1f'),(40,'lelner16@hatena.ne.jp','6f7aa2f9e74ade89ce08bdb9c9637c40','Leanor','Elner','2013-08-09',3,4,3,175,100,'In quis justo. Maecenas rhoncus aliquam lacus. Morbi quis tortor id nulla ultrices aliquet.',NULL,NULL,1,'2021-07-07 20:00:10','043806099f9b10827c9ec313667313b768f63612e572467da84f5a5003ab0cbd'),(41,'nfullman18@mit.edu','142ebfce6f96c86036ee948bf00d7997','Nora','Fullman','2017-07-10',3,4,42,187,90,'Lorem ipsum dolor sit amet, consectetuer adipiscing elit. Proin risus. Praesent lectus.',NULL,NULL,1,'2021-07-07 20:00:11','00c40ddd3a5a1b099caf63b41d026d583ca466d66abab360022850eb46686166'),(42,'vviste19@mit.edu','94360210da4a42bf28f23c908c08c32c','Vladimir','Viste','2000-10-27',4,1,60,167,86,'Fusce consequat. Nulla nisl. Nunc nisl.\n\nDuis bibendum, felis sed interdum venenatis, turpis enim blandit mi, in porttitor pede justo eu massa. Donec dapibus. Duis at velit eu est congue elementum.',NULL,NULL,1,'2021-07-07 20:00:12','4e961d6ae20c03d2958aa9259f7c0e3c4ac967dfd1f20f57dd66f9754884718d'),(43,'mdevries1b@theguardian.com','c9c266262669b9a705809400a58248ab','Marijn','De Vries','2005-07-01',6,2,3,175,60,'In sagittis dui vel nisl. Duis ac nibh. Fusce lacus purus, aliquet at, feugiat non, pretium quis, lectus.',NULL,NULL,1,'2021-07-07 20:00:12','5e352f43e14b41e5825af87321d98adf210eb14307cf83b0661fa9c25041de05'),(44,'rwasson1c@walmart.com','33827b5c4bca702c36c21349ec1a89ab','Rudyard','Wasson','2004-07-13',5,4,8,196,79,'Vestibulum ac est lacinia nisi venenatis tristique. Fusce congue, diam id ornare imperdiet, sapien urna pretium nisl, ut volutpat sapien arcu sed augue. Aliquam erat volutpat.\n\nIn congue. Etiam justo. Etiam pretium iaculis justo.',NULL,NULL,1,'2021-07-07 20:00:12','8aaf6c425745149ec16e3d91e7872da2c8cfe409698bbfe738dc172f59fb654c'),(45,'klehrahan1d@soundcloud.com','7cd0cd7bd3a02959a3cbc2b36760c083','Kendell','Lehrahan','2013-04-07',1,1,10,202,60,'Praesent blandit. Nam nulla. Integer pede justo, lacinia eget, tincidunt eget, tempus vel, pede.\n\nMorbi porttitor lorem id ligula. Suspendisse ornare consequat lectus. In est risus, auctor sed, tristique in, tempus sit amet, sem.',NULL,NULL,1,'2021-07-07 20:00:12','2d4a9847e759639ea983b94bfdd0493dc88381351432514327eac912e86fad5e'),(46,'cbleeze1e@163.com','fc9c61ba81347737d2b94b1963ebdab0','Claudetta','Bleeze','2011-04-22',3,1,44,215,73,'Maecenas ut massa quis augue luctus tincidunt. Nulla mollis molestie lorem. Quisque ut erat.\n\nCurabitur gravida nisi at nibh. In hac habitasse platea dictumst. Aliquam augue quam, sollicitudin vitae, consectetuer eget, rutrum at, lorem.',NULL,NULL,1,'2021-07-07 20:00:13','524f2d3c049039f6c75944a1d5d67d06e5174a7ff0a9b6482e2c2933ac460736'),(47,'bmithun1f@google.ca','176097f216e193693a232277cadc0265','Baxter','Mithun','2014-07-08',1,4,35,175,105,'Maecenas leo odio, condimentum id, luctus nec, molestie sed, justo. Pellentesque viverra pede ac diam. Cras pellentesque volutpat dui.',NULL,NULL,1,'2021-07-07 20:00:14','a5ca5c07ae7acd78a5a94d7f859afa5978a629ceeff5dc15baf134ea538f55d2'),(48,'smarling1g@dagondesign.com','ab5392d0cb46f6939560c6906c635cf5','Sonnnie','Marling','2021-05-28',4,3,4,218,117,'Phasellus in felis. Donec semper sapien a libero. Nam dui.\n\nProin leo odio, porttitor id, consequat in, consequat ut, nulla. Sed accumsan felis. Ut at dolor quis odio consequat varius.',NULL,NULL,1,'2021-07-07 20:00:14','00b8067dcd6ac53969d7b4d7fe589b508bProin leo odio, porttitor id10'),(49,'bhorstead1h@istockphoto.com','35bdfb315246a456ae6cb9f82ab6c481','Barret','Horstead','2006-02-02',1,2,11,195,80,'Praesent id massa id nisl venenatis lacinia. Aenean sit amet justo. Morbi ut odio.\n\nCras mi pede, malesuada in, imperdiet et, commodo vulputate, justo. In blandit ultrices enim. Lorem ipsum dolor sit amet, consectetuer adipiscing elit.',NULL,NULL,1,'2021-07-07 20:00:16','cb3fd3f9983a922b1132d6522e80792e9dfb9db6900542e15e9dfb6cdf6da650'),(50,'mlocal1i@infoseek.co.jp','775cf72856c82cf807e5aaebb80aab96','Mychal','Local','2009-08-22',6,4,5,186,92,'In hac habitasse platea dictumst. Etiam faucibus cursus urna. Ut tellus.',NULL,NULL,1,'2021-07-07 20:00:17','cf1a809255ba708d165cc0acf43a7790b45acad1813e044cfa34fc18fadac0f9'),(51,'sspowage1j@cornell.edu','c979fa65740be0a625957ca63b4f29ed','Sheena','Spowage','2018-08-25',3,4,38,207,102,'Phasellus sit amet erat. Nulla tempus. Vivamus in felis eu sapien cursus vestibulum.',NULL,NULL,1,'2021-07-07 20:00:18','067e377bc593c6096c4cf9b1c5cd0722daec84de1a3dfcefebc02e18d05378b1'),(52,'krosenblad1k@over-blog.com','3396998437831aede321d646a19e6d48','Kimberly','Rosenblad','2007-06-29',6,1,24,208,109,'Cras mi pede, malesuada in, imperdiet et, commodo vulputate, justo. In blandit ultrices enim. Lorem ipsum dolor sit amet, consectetuer adipiscing elit.',NULL,NULL,1,'2021-07-07 20:05:40','2e6232c43be5bed606590068a2234fe50b56a0f7304c61684f173c60cb1ce7c5'),(53,'mrabat1l@indiatimes.com','878c0199946ceeb099ba6f5f9db065dd','Marshal','Rabat','2011-10-17',6,2,45,157,61,'Duis aliquam convallis nunc. Proin at turpis a pede posuere nonummy. Integer non velit.',NULL,NULL,1,'2021-07-07 20:05:40','acaba9878289027e61019fbb55195b8f93712659a89334f8cf46cfb7a882cf4c'),(54,'gpays0@hubpages.com','c420435e8207245cdef18892d11ead81','Gardie','Pays','2013-08-20',2,4,44,165,103,'Morbi non quam nec dui luctus rutrum. Nulla tellus.',NULL,NULL,1,'2021-07-07 20:08:03','d9d5aec441b048d5e7efbe0fef4459a34a1ae7d0eb7f88712c9bccbe8aca284d'),(55,'ofaier1@hibu.com','5ff3e136dce490f98f9334cc1cafdfb6','Orlando','Faier','2019-01-23',5,4,56,218,106,'Nulla facilisi. Cras non velit nec nisi vulputate nonummy. Maecenas tincidunt lacus at velit.',NULL,NULL,1,'2021-07-07 20:08:05','725b2ce606234ec5a1a7f1fc2c281554099175bc2a0dc3e0825ad99c500f9a39'),(56,'nelverstone2@canalblog.com','2a790043bd39b0b982b98cd88d605657','Nolan','Elverstone','2020-09-09',5,4,4,150,118,'Aliquam sit amet diam in magna bibendum imperdiet.',NULL,NULL,1,'2021-07-07 20:08:05','2582d04d9e5de6a9b9c8c6f265a7037f4359e2e82fa83dc710001a134857024a'),(57,'acorbishley3@wordpress.org','d272e9ec78242e60b0a81c7f0f966533','Alicea','Corbishley','2013-09-03',5,1,28,215,110,'Aliquam erat volutpat.',NULL,NULL,1,'2021-07-07 20:12:59','7ed3865c0a370cbf02109de456a3ced54ef5c1667630afd2ccd7a9347574d8e3'),(58,'cdurrant4@xrea.com','9db3b18a1ea75fe5039f102c251e9f3d','Carter','Durrant','2002-09-13',2,3,63,220,120,'Fusce posuere felis sed lacus. Morbi sem mauris, laoreet ut, rhoncus aliquet, pulvinar sed, nisl.',NULL,NULL,1,'2021-07-07 20:12:59','e840798869a9111583ec50e80de15e40b100e88b3acd675f8a4250c1de2c854f'),(59,'ataillant5@cargocollective.com','ccdf8145ec609d99f54801aed853077d','Antonius','Taillant','2020-02-20',5,1,52,174,110,'Cum sociis natoque penatibus et magnis dis parturient montes, nascetur ridiculus mus. Vivamus vestibulum sagittis sapien.',NULL,NULL,1,'2021-07-07 20:12:59','99d187b703e661bf3339ded4ba6a966066081d27238e50437dcd37979cf8d922'),(60,'blynch6@intel.com','c59ca7b048c600a2c63eade450dd162b','Beth','Lynch','2017-10-22',6,1,2,214,102,'Vivamus tortor. Duis mattis egestas metus. Aenean fermentum.',NULL,NULL,1,'2021-07-07 20:13:00','1d96181fdf808e52c0422696f3ead3525c9562a41d1fcbb3546460ba96403a42'),(61,'wetheridge7@usgs.gov','96f064dc665f6af17c143439311d278c','Waite','Etheridge','2004-02-12',2,2,40,190,95,'Duis aliquam convallis nunc. Proin at turpis a pede posuere nonummy.',NULL,NULL,1,'2021-07-07 20:13:00','e8c04fb03288553b5718bc352a5c64a9ef0b039aadd56c0536238b7fea932346'),(62,'bmanville8@thetimes.co.uk','c3b1f38b599f7148d0cb78ab2fb16395','Brandon','Manville','2005-04-03',6,1,35,207,57,'Nulla tellus. In sagittis dui vel nisl.',NULL,NULL,1,'2021-07-07 20:13:00','2babc254cd192f5a8d3a80e6c93dd2dcf737e31ee19dfa359cf975d231ae256b'),(63,'eklus9@army.mil','b217f1b41f972569290f16dc323fd03d','Ephrem','Klus','2006-04-28',5,4,31,171,62,'Aliquam sit amet diam in magna bibendum imperdiet. Nullam orci pede, venenatis non, sodales sed, tincidunt eu, felis. Fusce posuere felis sed lacus.',NULL,NULL,1,'2021-07-07 20:13:00','de17bcbae013b7ae2c535c709fdbd7d4f865a0b89dec3322a374d92166933505'),(64,'nlawtona@va.gov','de1f844bb39bee68e2c2fce7dd2b79f9','Norby','Lawton','2003-06-08',5,3,44,198,69,'In blandit ultrices enim.',NULL,NULL,1,'2021-07-07 20:13:00','a5440e12178448dd31ec4ee52ba81ccc334a66e2cf1b7b6dc0b90a07137d69f9'),(65,'nlongfootb@chicagotribune.com','5a4ed1a7c50e858734ce30d5e7df3050','Nan','Longfoot','2014-03-27',5,3,54,219,62,'Sed sagittis.',NULL,NULL,1,'2021-07-07 20:13:00','3c4667d3dcf1e96a1038a104112cbac210c6d0621f84319514fd18e04199c7ac'),(66,'sfrapwellc@spotify.com','d5a535250c8509816bcdd3ec5709f7f8','Shell','Frapwell','2011-11-17',1,4,11,204,56,'Suspendisse potenti.',NULL,NULL,1,'2021-07-07 20:13:00','4bd4fc93214dd9eebd363664c63fca840bef32a80d383d79cdface969e879433'),(67,'drubroed@berkeley.edu','106e8b98f3050ed6be5d47216b2bf4b6','Denny','Rubroe','2015-11-25',3,3,17,158,95,'Cum sociis natoque penatibus et magnis dis parturient montes, nascetur ridiculus mus. Vivamus vestibulum sagittis sapien.',NULL,NULL,1,'2021-07-07 20:13:00','3dc8f360eaa93f65a1f0c428f92a04d6775142863ffa0fbc305fb56601c63396'),(68,'gmorecombe@studiopress.com','3c33b768cb0e466ba6df6b03479e5f2b','Goraud','Morecomb','1999-10-04',3,2,61,157,70,'Fusce consequat.',NULL,NULL,1,'2021-07-07 20:13:00','552ad4401459877330f8c3757c699d7d82d4a327cdecd9b0d9757b984c3be30e'),(69,'gakersf@cornell.edu','82b22737d467240a989cebcf73e5bbdb','Glendon','Akers','2018-04-11',3,4,40,161,106,'Mauris ullamcorper purus sit amet nulla. Quisque arcu libero, rutrum ac, lobortis vel, dapibus at, diam.',NULL,NULL,1,'2021-07-07 20:13:00','20bc83ce931b8bb2892082171f275f73b9c08bb7964dbf98acbec8b15a1ba859'),(70,'kdoeg@reddit.com','8874f5179b1f4ccb3bb1a70f6ff52e6c','Kerwinn','Doe','2006-12-12',3,3,16,170,88,'Phasellus id sapien in sapien iaculis congue. Vivamus metus arcu, adipiscing molestie, hendrerit at, vulputate vitae, nisl.',NULL,NULL,1,'2021-07-07 20:13:01','8deca0dd1542633feaa3e146cc532af7c4a9e1332027fd00405ea915018e3f58'),(71,'wkemmetth@rambler.ru','dca15eca8298cbf91bfeb78cc914a339','Waldemar','Kemmett','2004-08-31',5,2,1,215,51,'Duis aliquam convallis nunc. Proin at turpis a pede posuere nonummy.',NULL,NULL,1,'2021-07-07 20:13:01','5cfccce743386c99508a0f58f2643bd3ab650864f46bbd1035c23cb7609e6242'),(72,'mtawtoni@answers.com','701c3aeb43e14dd06ece3770d568902b','Maurise','Tawton','2019-08-03',4,1,1,155,119,'Morbi odio odio, elementum eu, interdum eu, tincidunt in, leo.',NULL,NULL,1,'2021-07-07 20:13:01','96f45f8fd2a6cb2a9973046f1e9c6feb35648d657ccf55f0933b58405ee069c3'),(73,'akirschj@admin.ch','8d666eb20d10f03e872e177a5a5d7904','Aurea','Kirsch','2002-12-10',2,1,49,166,82,'Fusce consequat. Nulla nisl.',NULL,NULL,1,'2021-07-07 20:13:01','baf04be8d7ca583bb72d05d7e691e1f57b0612e47ad5952d80dc9d26da015de9'),(74,'nrogerk@joomla.org','425ad6936c4e6847f46f58bf6f08e96f','Nicki','Roger','2008-03-24',1,2,5,179,70,'Duis aliquam convallis nunc. Proin at turpis a pede posuere nonummy. Integer non velit.',NULL,NULL,1,'2021-07-07 20:13:01','950c758cac49f0c44fa7b069371f0e432af4cd566bd95c7af95a775b520059a3'),(75,'spaulal@prweb.com','9d32b45f23f61312161d2275b88b585c','Sisely','Paula','2017-07-15',2,4,21,187,98,'Maecenas tincidunt lacus at velit.',NULL,NULL,1,'2021-07-07 20:13:01','1db0d6a8d931b999af77515a4a4eb3b97344d9d4432a12d4e38badc28f893360'),(76,'druddickm@ucoz.com','53f1589ceb4e1998abcc0e9fabcd2c37','Dennison','Ruddick','2010-08-28',2,3,16,169,85,'Phasellus sit amet erat.',NULL,NULL,1,'2021-07-07 20:13:01','49a74c1739cf52b415ff4b9786f655324cdf243ef1374c3dae4266b2bc8b895b'),(77,'bkuzman@lycos.com','e0b5a9806e50269ebd16f91f5e1ee6c8','Briggs','Kuzma','2018-12-11',5,1,27,177,72,'Nullam sit amet turpis elementum ligula vehicula consequat.',NULL,NULL,1,'2021-07-07 20:13:01','15a17df61e5a8288ec894b3eefc115c5c636187d9a57c38fcfa4b360703fbf06'),(78,'agameto@etsy.com','20b5a50a7c716817b8569170155cc209','Aubrey','Gamet','2006-06-14',6,2,4,158,83,'Curabitur gravida nisi at nibh. In hac habitasse platea dictumst.',NULL,NULL,1,'2021-07-07 20:13:01','a4fc8152d68e37160f8ee320e4ee08b05c040aa22d2af7c2e60d2fa92a45de2e'),(79,'ajirasp@hugedomains.com','713ed01eecb8d845253fcb6a53e9dbf6','Alisander','Jiras','2008-08-12',4,3,2,155,108,'Suspendisse potenti. Nullam porttitor lacus at turpis.',NULL,NULL,1,'2021-07-07 20:13:01','2932a524f4ae3989b927d4d7a821a98da51be8c824ef3bcb8edce8443c3f93cc'),(80,'hmarcoolynq@google.it','59932f73eeaf324848d5deefa7ca272f','Haleigh','Marcoolyn','2001-03-24',3,1,28,156,52,'Sed vel enim sit amet nunc viverra dapibus.',NULL,NULL,1,'2021-07-07 20:13:02','7bdb8848b6bf512adab70c62971ad16173d6a03a3de6148c79d6a5c84595fc12'),(81,'umatschukr@blogtalkradio.com','d925a9cc16dfb6d8def5f70ef9784eb5','Ulises','Matschuk','2011-07-26',1,3,36,220,113,'In hac habitasse platea dictumst. Etiam faucibus cursus urna. Ut tellus.',NULL,NULL,1,'2021-07-07 20:13:02','0b8d7861f80dbe48fb4678315c88d1220d3f5a9f5f8c61a9a628b8cabd1f2ae3'),(82,'lwainmans@earthlink.net','74c0cb8c44928a6c72dfead3138b9d71','Lorry','Wainman','2005-02-28',6,4,55,210,87,'Maecenas tristique, est et tempus semper, est quam pharetra magna, ac consequat metus sapien ut nunc. Vestibulum ante ipsum primis in faucibus orci luctus et ultrices posuere cubilia Curae; Mauris viverra diam vitae quam.',NULL,NULL,1,'2021-07-07 20:13:02','4282b403469249359994b897725205bbce5bb9bd1bb7096166e421aed4554c9f'),(83,'stabourelt@harvard.edu','250d9b1417d3f5099c8790577f0cd2b1','Sheila','Tabourel','2002-10-18',3,1,22,158,61,'Aenean sit amet justo. Morbi ut odio. Cras mi pede, malesuada in, imperdiet et, commodo vulputate, justo.',NULL,NULL,1,'2021-07-07 20:13:02','38b3e40813b9f5d690f0008686049bd34273b178c1c3b64da8047c183d7aec97'),(84,'calisonu@senate.gov','1b748f5d3a9772a69d43e705b7b71f2f','Cirilo','Alison','2009-04-24',3,3,24,187,110,'Etiam faucibus cursus urna.',NULL,NULL,1,'2021-07-07 20:13:02','fac07213d0e9da3746b2cbe7c49b5293d576a6707165b7b2aff2b2cdfa77f473'),(85,'tratkev@wordpress.com','cd10589f131448a1a92f7e17c1c653b0','Tamas','Ratke','2013-11-30',6,2,28,195,101,'Donec odio justo, sollicitudin ut, suscipit a, feugiat et, eros. Vestibulum ac est lacinia nisi venenatis tristique.',NULL,NULL,1,'2021-07-07 20:13:02','1f43cddde0106f6255e6db211cafee8432fdc96deb506a61e701d8baa61c87dc'),(86,'wsmailsw@examiner.com','43ef3e98fc807fb49f229dd9ff7a4b9d','Welby','Smails','2004-08-05',4,1,35,200,113,'Maecenas ut massa quis augue luctus tincidunt. Nulla mollis molestie lorem.',NULL,NULL,1,'2021-07-07 20:13:02','be0acf35eee0d5d099686f1ffef29d9e42f5f06c58d0fdc270e8fb029e3badab'),(87,'srodmellx@bloomberg.com','f0fa9850efd2de350a3c557379e67c41','Saree','Rodmell','2010-11-16',1,2,49,164,96,'Integer pede justo, lacinia eget, tincidunt eget, tempus vel, pede. Morbi porttitor lorem id ligula. Suspendisse ornare consequat lectus.',NULL,NULL,1,'2021-07-07 20:13:02','ac12b32e055004c63c4a8cf9f74578b1f3760a15fd2a7dabf38512e2a80944df'),(88,'omawy@kickstarter.com','674b25ae0605dc20c1a32326743250b7','Ozzie','Maw','2020-05-02',4,4,14,211,73,'Nunc nisl. Duis bibendum, felis sed interdum venenatis, turpis enim blandit mi, in porttitor pede justo eu massa. Donec dapibus.',NULL,NULL,1,'2021-07-07 20:13:02','c098b73a82450713626df41a18c1a1217b2644a61808323eeb33b9e6d8cdf48f'),(89,'clanfarez@amazon.co.jp','91d95844eafbe727daf4d6bb7cf9e82e','Cristine','Lanfare','2000-07-26',2,2,19,198,56,'Nulla mollis molestie lorem. Quisque ut erat. Curabitur gravida nisi at nibh.',NULL,NULL,1,'2021-07-07 20:13:02','9a2e7e65f03548e24b5389fbb3fec558907d2c6d4151e742356118bece499871'),(90,'dkapiloff10@cnet.com','46e44f560cd5968d2b0808d61c080bbc','Dani','Kapiloff','2019-06-10',2,3,56,166,92,'Aenean fermentum. Donec ut mauris eget massa tempor convallis.',NULL,NULL,1,'2021-07-07 20:13:02','29cce1cbb19402a6b827b9c79d5a83c23b3c2a4be513e727826799a62b505fc0'),(91,'ebinion11@examiner.com','f18845f8b8e83ecf77926b45ccce354a','Ettore','Binion','2005-08-04',6,1,28,151,95,'Donec dapibus.',NULL,NULL,1,'2021-07-07 20:13:03','f95c2cc5a2b4524d0e2e0dfc59d5ad77e48220846fd459556e9efb8388664c92'),(92,'hmourton12@yahoo.co.jp','a66e2df8cb86f525741f709c90497923','Heloise','Mourton','2007-09-19',3,4,58,213,66,'Nullam molestie nibh in lectus. Pellentesque at nulla.',NULL,NULL,1,'2021-07-07 20:13:03','90bac304758ae506b200e1a24fcbf160b447625fe0ec9c57456fdd61d2b0215b'),(93,'cherley13@tuttocitta.it','3209693b214599728be46558897aba50','Conny','Herley','2020-12-16',6,2,58,175,96,'Fusce lacus purus, aliquet at, feugiat non, pretium quis, lectus.',NULL,NULL,1,'2021-07-07 20:13:03','787a98af529cf51183eb39188841c072e8482d5db0b9a4bcd0690413dec5040d'),(94,'fharbin14@constantcontact.com','3ce81ffc9de7507d07ddac3c1838531a','Faye','Harbin','2013-11-05',5,4,55,173,80,'Duis consequat dui nec nisi volutpat eleifend.',NULL,NULL,1,'2021-07-07 20:13:03','0b927facb36815f8995ca44f364f7a734c2db000e3472cedaa6a4c8c0a524f10'),(95,'plundbeck15@youtu.be','7d7bdc0065d74cdf28a2b9e40d7c9139','Patrica','Lundbeck','2012-10-15',5,1,33,196,52,'Nulla ac enim. In tempor, turpis nec euismod scelerisque, quam turpis adipiscing lorem, vitae mattis nibh ligula nec sem.',NULL,NULL,1,'2021-07-07 20:13:03','f756bad6025be7141a3fc90d39d1b1e9e8fed4e44d775e35423b1b7d33cd6039'),(96,'cellor16@unblog.fr','4fdfdde3908e1e642975c826c5b0996d','Cora','Ellor','2020-06-14',2,4,62,214,58,'Vivamus in felis eu sapien cursus vestibulum.',NULL,NULL,1,'2021-07-07 20:13:03','989c672e8ce11f002aa40e358c03c3749ed177c7a5537774f740ff4a501f8c5e'),(97,'rtunnadine17@pagesperso-orange.fr','90b1cc1047eb180041549ce00be5ff88','Ray','Tunnadine','2012-12-16',6,2,54,150,50,'Integer aliquet, massa id lobortis convallis, tortor risus dapibus augue, vel accumsan tellus nisi eu orci. Mauris lacinia sapien quis libero.',NULL,NULL,1,'2021-07-07 20:13:03','7ad792ad3ba9f3781295252b54dbfffa303fc1dfabf6551793dacf20d05f18e2'),(98,'wobrallaghan18@mac.com','28f8a15f221074a9e18b83a59dd25c8c','Willy','O\'Brallaghan','2005-08-29',1,2,28,193,109,'Maecenas tincidunt lacus at velit. Vivamus vel nulla eget eros elementum pellentesque.',NULL,NULL,1,'2021-07-07 20:13:03','90c6b3fac588522e174b574510ec90ee09c5f7be8c55f5fccd638e2670a9c927'),(99,'aminichillo19@phpbb.com','6b79a8eecbd5ca74c177ed3326e00aae','Adolphe','Minichillo','2002-06-29',4,1,35,185,99,'Proin risus. Praesent lectus.',NULL,NULL,1,'2021-07-07 20:13:03','1432c2cd25599f77342482277f1ed766895aebfd04b69655c87d7330f25cd035'),(100,'clevis1a@samsung.com','e1eb62b7adbc57806ab9cdd7fcdff4de','Corrianne','Levis','2015-05-28',3,2,5,158,95,'Donec ut dolor. Morbi vel lectus in quam fringilla rhoncus.',NULL,NULL,1,'2021-07-07 20:13:03','73c8c44d203d1793d5c64909d3953067cf5d0164866022d78a95af8557255b00'),(101,'dillston1b@slashdot.org','62f68ce8c42b132e9b90a94d5dbcec09','Dacie','Illston','2010-02-17',3,2,40,192,91,'Aliquam quis turpis eget elit sodales scelerisque.',NULL,NULL,1,'2021-07-07 20:13:04','2ae1266bbf9f6c53cb505e61062c893d85384282543675af8d4a6ac0370a63c5'),(102,'fmurrish1c@etsy.com','5d6b1a5ccaca90ce6f78fceb18067dce','Fabe','Murrish','2005-09-22',6,4,7,170,55,'Nam nulla. Integer pede justo, lacinia eget, tincidunt eget, tempus vel, pede. Morbi porttitor lorem id ligula.',NULL,NULL,1,'2021-07-07 20:13:04','67027bed2feeb125421ccf1011a2862f50737511429b9940a8ae204d74f70f55'),(103,'bdenge1d@guardian.co.uk','ef2298b4af4bba1bc6af47eb3301fc34','Bessy','Denge','2007-05-14',2,1,51,167,83,'Duis mattis egestas metus. Aenean fermentum.',NULL,NULL,1,'2021-07-07 20:13:04','c6a4bff66d2688afe0ae4b4d0148fb8ec31b974b34a3c96ea82b83584ef193bd'),(104,'ksturley1e@eepurl.com','1f3f131ff728d25e594f47e0d2bfa440','Kira','Sturley','2009-12-30',2,4,8,203,81,'Vestibulum ac est lacinia nisi venenatis tristique. Fusce congue, diam id ornare imperdiet, sapien urna pretium nisl, ut volutpat sapien arcu sed augue.',NULL,NULL,1,'2021-07-07 20:13:04','4aba25795b276d8bc4ac2e49ecffc1b3ba7f46fee58162679b98d894e0f4e580'),(105,'knaylor1f@dot.gov','73aa2f3440812fe29e79369ab21b2fdd','Kingston','Naylor','2009-02-26',4,1,53,208,67,'Vestibulum ante ipsum primis in faucibus orci luctus et ultrices posuere cubilia Curae; Mauris viverra diam vitae quam.',NULL,NULL,1,'2021-07-07 20:13:04','839b44de5d934e2d9aa5faab063f55b75ecf553ffe64d8dfa7355eac62136c37'),(106,'vtoombs1g@furl.net','56747175cee451aff68fc8a3923b78d8','Vincent','Toombs','2010-06-22',5,1,30,218,88,'Proin leo odio, porttitor id, consequat in, consequat ut, nulla. Sed accumsan felis.',NULL,NULL,1,'2021-07-07 20:13:04','66bb43faded393df06fe4935a73e45bfb9e4b6a3693cf373a999f698e689246f'),(107,'apanther1h@oaic.gov.au','e23303de828f73d956a56170ab26dfd6','Archy','Panther','2016-03-21',2,4,49,157,117,'Maecenas tristique, est et tempus semper, est quam pharetra magna, ac consequat metus sapien ut nunc. Vestibulum ante ipsum primis in faucibus orci luctus et ultrices posuere cubilia Curae; Mauris viverra diam vitae quam. Suspendisse potenti.',NULL,NULL,1,'2021-07-07 20:13:04','b71091aa5cb3afa55bf985604ea36c263d14646f0ec31976f74ed1c0327094bd'),(108,'fbirrell1i@nyu.edu','9839d8d9377b6b323a569af5057da21b','Farley','Birrell','2020-01-11',5,3,61,150,50,'Vivamus metus arcu, adipiscing molestie, hendrerit at, vulputate vitae, nisl. Aenean lectus. Pellentesque eget nunc.',NULL,NULL,1,'2021-07-07 20:13:04','523673ed5d26ae1f4d34c95df2d833e66f6d2746f71d0870580d6ea29dac5880'),(109,'egallichan1j@wordpress.org','dc2dcbc2f2d84fabe377aa2686be7185','Eddy','Gallichan','2005-03-10',6,2,48,157,83,'Integer ac neque. Duis bibendum. Morbi non quam nec dui luctus rutrum.',NULL,NULL,1,'2021-07-07 20:13:04','11d1b08cab8a5e8fbd7ea1e01159b0e9cd726ef164f133967825a28bdcc5fa14'),(110,'lpingston1k@seesaa.net','05b2009e851dec3eb61ffa625679d12b','Lissi','Pingston','2009-10-11',5,1,63,172,79,'Etiam vel augue. Vestibulum rutrum rutrum neque.',NULL,NULL,1,'2021-07-07 20:13:04','ae769c3e6bae2040171d4c3a03468028033d97b6916770ee101002bbe354abb1'),(111,'mgoulstone1l@sbwire.com','1fb369c1ec69a1718bab89720d00afa2','Marion','Goulstone','2013-02-10',1,3,58,190,114,'Vestibulum sed magna at nunc commodo placerat. Praesent blandit.',NULL,NULL,1,'2021-07-07 20:13:05','79e62a870ee41234efb439196d6024578bef330d450c4ebdd348cc30a6857e27'),(112,'oskokoe1m@nyu.edu','18c9198d5ee5d1503e7fd266834c90b2','Othella','Skokoe','2016-04-09',3,4,27,187,61,'Pellentesque ultrices mattis odio.',NULL,NULL,1,'2021-07-07 20:13:05','cbcf94e854a23b23e1ddc60075dfcab6d78f4118b55c0c326aa56c0d3b865fbb'),(113,'peyre1n@delicious.com','cb5d64159dd0b47fc9230683d4e99006','Pietra','Eyre','2018-08-03',5,1,42,165,99,'Morbi a ipsum. Integer a nibh.',NULL,NULL,1,'2021-07-07 20:13:05','c7621801e9a59f79b9512e73de9a1e12f38d36888ba8771d2f2c986dc7b0cd9f'),(114,'aferraretto1o@telegraph.co.uk','56c8b2ca78c624829bd9cc3921e999ef','Aeriel','Ferraretto','2021-06-17',5,1,10,180,75,'Vivamus vel nulla eget eros elementum pellentesque. Quisque porta volutpat erat. Quisque erat eros, viverra eget, congue eget, semper rutrum, nulla.',NULL,NULL,1,'2021-07-07 20:13:05','13f86216169ec1fbea7e30d7d60895a619394475bdf14077e963399ffc4afcdb'),(115,'gdagless1p@adobe.com','3383609dc8cb25f69b4a19773c9fcaf5','Gabby','Dagless','2013-07-05',6,3,51,161,65,'Aliquam sit amet diam in magna bibendum imperdiet. Nullam orci pede, venenatis non, sodales sed, tincidunt eu, felis.',NULL,NULL,1,'2021-07-07 20:13:05','e9c44af738c0ce1b440f7f6f655c240843c5791eb23827af2b4dc84d3eb0ca89'),(116,'etottman1q@topsy.com','8b6f6cc3a6a209618226c8c9d73eb0a6','Eb','Tottman','2016-07-05',6,4,46,164,84,'Mauris sit amet eros. Suspendisse accumsan tortor quis turpis. Sed ante.',NULL,NULL,1,'2021-07-07 20:13:05','b067118cfd6c0bad38ff19db4479ce34a03e372c3a5b7c32fad27de99fd45806'),(117,'ccritchard1r@clickbank.net','283d586bfc3a9510ce51024313983131','Cristian','Critchard','2004-01-25',1,2,59,156,77,'In tempor, turpis nec euismod scelerisque, quam turpis adipiscing lorem, vitae mattis nibh ligula nec sem. Duis aliquam convallis nunc.',NULL,NULL,1,'2021-07-07 20:13:05','95c983962829db1cf994a84174688e6e2bbbc7e306f2536125637cfce0034e79'),(118,'bpavek1s@posterous.com','c626e31af1290c5ba8a5ea8443c3deea','Berna','Pavek','2008-08-25',4,2,39,182,75,'Aliquam augue quam, sollicitudin vitae, consectetuer eget, rutrum at, lorem. Integer tincidunt ante vel ipsum.',NULL,NULL,1,'2021-07-07 20:13:05','a566e2a6f78efb2f5f94aa6095126ad8246cae93993c1a565b62e67e65f78ad0'),(119,'hyanyushkin1t@topsy.com','cb1460649fd02d841224d2ba322f026a','Hilary','Yanyushkin','2007-04-16',2,2,30,209,116,'Vestibulum quam sapien, varius ut, blandit non, interdum in, ante. Vestibulum ante ipsum primis in faucibus orci luctus et ultrices posuere cubilia Curae; Duis faucibus accumsan odio.',NULL,NULL,1,'2021-07-07 20:13:05','6116206e7986a51448a198756ab39deb1fba7ecb7508556ec454503f1102064e'),(120,'wbolland1u@geocities.com','1a7f7625315729e2f7c3d6828886f4d5','Wren','Bolland','2016-05-27',2,2,3,214,109,'Sed sagittis. Nam congue, risus semper porta volutpat, quam pede lobortis ligula, sit amet eleifend pede libero quis orci. Nullam molestie nibh in lectus.',NULL,NULL,1,'2021-07-07 20:13:05','c45a85e0562d1851453faaf7f8ab5a26c3b01fcaa8abe08650d94ff1b413ef23'),(121,'rpettet1v@guardian.co.uk','d23697ce8c55577c9e0ff6afcf011a6f','Royal','Pettet','2016-06-04',1,3,42,166,88,'Donec posuere metus vitae ipsum.',NULL,NULL,1,'2021-07-07 20:13:06','7b5493a7c93539691155c1bf41bab1f5dee48707cb69deecf83865a7b96b350f'),(122,'mcircuit1w@icio.us','f0e1d4392842935b630c4cced77a7db6','Marjorie','Circuit','2010-11-24',3,4,22,154,98,'Morbi odio odio, elementum eu, interdum eu, tincidunt in, leo. Maecenas pulvinar lobortis est. Phasellus sit amet erat.',NULL,NULL,1,'2021-07-07 20:13:06','07950fd37ac7c25e6e332d40fef6c38ca25de0fea1a4f52aa762799c3490738a'),(123,'cbelison1x@fc2.com','b4a5b8082abbd80cb246aab48ad3743c','Chrissy','Belison','2009-05-05',2,4,56,160,71,'Quisque erat eros, viverra eget, congue eget, semper rutrum, nulla.',NULL,NULL,1,'2021-07-07 20:13:06','e57d8baf5dc353a43501c21c90dad23b6f8b97198af02362efd129dd955930d8'),(124,'gwalls1y@ted.com','5d1511d4d798751f062a4da3e0e4a8bf','Gar','Walls','2013-05-31',2,1,58,167,79,'Sed vel enim sit amet nunc viverra dapibus.',NULL,NULL,1,'2021-07-07 20:13:06','cc3e3167a6be573ff982b0d09f41c80323c11deca72fdc868c134f7d5014c2f1'),(125,'tjacobovitz1z@about.com','f1a3d8fe68857e94d20ac4df1d6766e9','Thoma','Jacobovitz','2017-10-11',4,4,25,186,107,'Etiam faucibus cursus urna.',NULL,NULL,1,'2021-07-07 20:13:06','84551ce114c9c2b59819822ef6d6d14e057c3eebae61969dbf339f6a153fe570'),(126,'saubrey20@shinystat.com','ddef9c6575c05779ecf4b5d6e4792da2','Stefania','Aubrey','2002-10-19',6,4,1,199,54,'Vivamus tortor. Duis mattis egestas metus. Aenean fermentum.',NULL,NULL,1,'2021-07-07 20:13:06','a85284a3efd5f8c27ae0d2bd62c8e3b5f189d54a77229f2c1b42f6372381ac72'),(127,'sfitch21@youku.com','91fc8edbed511b18291b12609761e6cf','Sara','Fitch','2009-01-17',4,1,36,169,114,'Nulla ut erat id mauris vulputate elementum.',NULL,NULL,1,'2021-07-07 20:13:06','a5c0798e15b8147f5b7593d72ed019e1b8446abcdc6f43db3a37baea9a32e38a'),(128,'aciciari22@i2i.jp','0643641fcab853a55f70723ef9570c27','Angie','Ciciari','2008-12-20',5,2,43,195,117,'In hac habitasse platea dictumst. Maecenas ut massa quis augue luctus tincidunt.',NULL,NULL,1,'2021-07-07 20:13:06','04612ae02878e3c2a07c282f3cd4fe0c991b8044450db39549d5aea838b9f0f9'),(129,'oriseborough23@yolasite.com','6db52a8bf63c056749c978d9b3ca5523','Oby','Riseborough','2017-01-26',4,2,9,155,81,'Cum sociis natoque penatibus et magnis dis parturient montes, nascetur ridiculus mus.',NULL,NULL,1,'2021-07-07 20:13:06','b7868d64edf6e1bc6a20e8da6614dac04404f7df2d4589a0c2919a65c6b54884'),(130,'eaubert24@altervista.org','1a97c5825b0c09d0476bc201e15f5018','Edwina','Aubert','2000-01-18',3,3,45,190,51,'Aenean sit amet justo. Morbi ut odio. Cras mi pede, malesuada in, imperdiet et, commodo vulputate, justo.',NULL,NULL,1,'2021-07-07 20:13:06','59c9cef6303c9e405813a487bfa3d7e4adefe8e14432e9e48d3c2b14fea1e547'),(131,'molivazzi25@jimdo.com','29581e7619deb521046d3f8e509986aa','Maggi','Olivazzi','2015-05-13',2,1,26,197,78,'Vestibulum sed magna at nunc commodo placerat.',NULL,NULL,1,'2021-07-07 20:13:07','1b99722510f56b722a6bbe021fc75641a70c7c85de3b5f853cc259c42e4665c1'),(132,'awakes26@hostgator.com','3bd74201e62f6af8036852b93a76f736','Angie','Wakes','2010-07-11',1,4,20,184,86,'Phasellus in felis. Donec semper sapien a libero.',NULL,NULL,1,'2021-07-07 20:13:07','46a36a208a7188467302840af79b0ab3355b07c776fa4021d0cf8a65cfdd1fcf'),(133,'nwimpenny27@auda.org.au','a0861b95c9706c74e609aef94586a770','Nomi','Wimpenny','2014-11-18',4,4,19,171,68,'Lorem ipsum dolor sit amet, consectetuer adipiscing elit. Proin interdum mauris non ligula pellentesque ultrices.',NULL,NULL,1,'2021-07-07 20:13:07','3a4259d8c6d355abf06357d96f53d8870784c4e48be2d07f24b0f486658556c6'),(134,'pmcallister28@de.vu','1174c82ed5cd7da9f7bedec7df920244','Pennie','McAllister','2002-01-26',3,2,25,213,116,'Morbi odio odio, elementum eu, interdum eu, tincidunt in, leo. Maecenas pulvinar lobortis est. Phasellus sit amet erat.',NULL,NULL,1,'2021-07-07 20:13:07','5a8b6635b1726d41c8bcba2527cd07d12bb5862f1fe744cce182ff6f14900ed8'),(135,'dboniface29@privacy.gov.au','d100a4d7a29c0a86cd5d5c962c2b5121','Dennison','Boniface','2019-05-04',6,1,2,150,88,'Morbi ut odio.',NULL,NULL,1,'2021-07-07 20:13:07','21b9e57048dd1d8c7fd72f2549fefcca1eb263b0eab147e7e0bb1eede09daf1f'),(136,'dbroke2a@utexas.edu','7822b1fdb49418237d81d44bf397084d','Delmar','Broke','2019-03-18',3,4,7,162,50,'Curabitur at ipsum ac tellus semper interdum.',NULL,NULL,1,'2021-07-07 20:13:07','9f64becb2b2662e8ba528045ff9239b03c57d9f1f1e5f386cd1d1d4f26f58a9f'),(137,'gvials2b@google.fr','2e4a47ef57b737ed855612495762e9b4','Gerri','Vials','1999-10-20',2,1,54,156,64,'Quisque erat eros, viverra eget, congue eget, semper rutrum, nulla. Nunc purus. Phasellus in felis.',NULL,NULL,1,'2021-07-07 20:13:07','eac7c5e914f692af9d51ec60ce63955cffe12990117dfe9e757a141b93b208f2'),(138,'mpuddin2c@epa.gov','e19fe45b7afb2ea159db3fb16b9a8a8e','May','Puddin','2017-07-24',5,3,40,166,73,'Proin risus.',NULL,NULL,1,'2021-07-07 20:13:07','b73591689b16bd4b3f5986e20bb880bbc2b6a125c4a203ae07f81fa7b7df8258'),(139,'hchristophers2d@globo.com','0b062eb2c796ecd4397b74246cb5e52b','Hamlin','Christophers','2021-06-04',3,2,41,185,62,'Duis bibendum, felis sed interdum venenatis, turpis enim blandit mi, in porttitor pede justo eu massa. Donec dapibus. Duis at velit eu est congue elementum.',NULL,NULL,1,'2021-07-07 20:13:07','3cfb5c143906182e6738bc074ef2746b26ed3cf2693edecf77908a57869cce1c'),(140,'gstote2e@aboutads.info','c6293172b0181e71e1b4afe3339083de','Gonzalo','Stote','2005-11-04',1,2,24,157,67,'Vivamus tortor. Duis mattis egestas metus. Aenean fermentum.',NULL,NULL,1,'2021-07-07 20:13:07','d432f875d563542f9ca8e09638db3d535a1802c6c4732f6d11d285cb37f0d103'),(141,'ftunder2f@ow.ly','a65bfcf1cc3e941fa1340eeb5c3bec1a','Fax','Tunder','2001-06-13',2,3,23,186,86,'Cras non velit nec nisi vulputate nonummy. Maecenas tincidunt lacus at velit. Vivamus vel nulla eget eros elementum pellentesque.',NULL,NULL,1,'2021-07-07 20:13:08','46b30bff8eae46cd84c20ed36093c7d8276468e17835ec48fa10f549d82c3a2d'),(142,'ajuszczak2g@google.nl','2c68fe99ecc8c32c993df9c898084a08','Allison','Juszczak','2001-06-03',3,3,22,159,57,'Curabitur at ipsum ac tellus semper interdum.',NULL,NULL,1,'2021-07-07 20:13:08','998955b28b8ab9e64451dbafe5fa9427db4ff9791af2808a3a9e6a6dfd856156'),(143,'jfronsek2h@php.net','3a38cae895a69c3ae7c514cbeb38173d','Jecho','Fronsek','2020-03-25',6,2,13,175,113,'Donec semper sapien a libero.',NULL,NULL,1,'2021-07-07 20:13:08','e23fc56379ea2c9c05722258e0c448eef434858b41a1ecc944f5b6ca4c67e43e'),(144,'zclemenzo2i@cpanel.net','f3fcad64ca3c2dd6dcf36ecfd4d04269','Zahara','Clemenzo','2014-11-05',3,2,34,157,57,'Integer aliquet, massa id lobortis convallis, tortor risus dapibus augue, vel accumsan tellus nisi eu orci.',NULL,NULL,1,'2021-07-07 20:13:08','b5c12bb3c364ea5daf32dbb8abf5af930c9f642314bbe5ae426cf10a7b7c63fd'),(145,'smuehler2j@yelp.com','3acc0adf805dcb3f0b21119d9edfbc01','Sioux','Muehler','2020-01-14',6,2,19,219,62,'Duis mattis egestas metus. Aenean fermentum.',NULL,NULL,1,'2021-07-07 20:13:08','61a9955eae6df839bdeebdc7cefe6cf8892219ead6bc9d9e93c3cec2bcbcfe6a'),(146,'mcasaccia2k@mtv.com','ccf90f7ee73a5c167cc92185b672e988','Monte','Casaccia','2013-02-12',1,4,19,161,92,'Nam ultrices, libero non mattis pulvinar, nulla pede ullamcorper augue, a suscipit nulla elit ac nulla. Sed vel enim sit amet nunc viverra dapibus. Nulla suscipit ligula in lacus.',NULL,NULL,1,'2021-07-07 20:13:08','61feb834e17a3f18d3e60465adeaac55c9f6e376e27683ae12357feda25e9a41'),(147,'calderton2l@senate.gov','c01475ae90e4e67e7673c786ad0c55cf','Conrade','Alderton','2006-08-10',4,2,36,163,104,'Donec posuere metus vitae ipsum. Aliquam non mauris.',NULL,NULL,1,'2021-07-07 20:13:08','eac7f3dd3a523ee46af6c518f215b987f7111366abb5eca6694e42e5fde10139'),(148,'bfallows2m@washingtonpost.com','d6ebcf64fc55e4755651e4d67122059e','Bee','Fallows','2006-04-10',5,1,38,177,52,'Aliquam augue quam, sollicitudin vitae, consectetuer eget, rutrum at, lorem. Integer tincidunt ante vel ipsum. Praesent blandit lacinia erat.',NULL,NULL,1,'2021-07-07 20:13:08','a0a9d744f20c5dd318ac5ac9edcdf5f73df44ce7df23704b3e7a8fbd2c035ea1'),(149,'agarroway2n@desdev.cn','7f1d67de75ca790763ad1b31208776a7','Aguie','Garroway','2001-11-02',6,4,56,151,117,'Fusce posuere felis sed lacus. Morbi sem mauris, laoreet ut, rhoncus aliquet, pulvinar sed, nisl. Nunc rhoncus dui vel sem.',NULL,NULL,1,'2021-07-07 20:13:08','1031879aea78f68994e8177281f196fdacb1e3bd896b10594e16e6244041e12b'),(150,'nlongson2o@jalbum.net','3ee9efb96315e35047bc553693b38b85','Norene','Longson','2005-01-06',6,1,62,219,63,'Vestibulum ante ipsum primis in faucibus orci luctus et ultrices posuere cubilia Curae; Mauris viverra diam vitae quam.',NULL,NULL,1,'2021-07-07 20:13:08','cd932daa55567e3ed941a32ce80ef4dfde6e5a7ff15bbd810cf61a6ad3066c4d'),(151,'ashillington2p@independent.co.uk','fccf4bdafc19ce195cbfb20802f6f9f3','Alyss','Shillington','2019-01-11',3,4,42,153,94,'Praesent lectus. Vestibulum quam sapien, varius ut, blandit non, interdum in, ante.',NULL,NULL,1,'2021-07-07 20:13:09','16d3b0bfe915972e9c028bd0986b0d360b33b55dae3be71ae2d2294c6e70910a'),(152,'pmarfe2q@hugedomains.com','09b69debd0b422fbfa009f0122c8ad5c','Padraig','Marfe','2020-09-16',2,3,45,217,81,'Suspendisse accumsan tortor quis turpis. Sed ante. Vivamus tortor.',NULL,NULL,1,'2021-07-07 20:13:09','bc62e1b6f6bfab8758a15a01fa3bafcc35369d287d3e5838e48ae5dec3c3101c'),(153,'aizen2r@eepurl.com','24c3dbbdd48614d7536361e93042bab4','Andris','Izen','2002-04-25',4,1,10,156,118,'Nullam orci pede, venenatis non, sodales sed, tincidunt eu, felis. Fusce posuere felis sed lacus.',NULL,NULL,1,'2021-07-07 20:13:09','eca4fe795618cbfac49150d0d181bb943f7d9ea4e5f22746f41305435a70f16f'),(154,'owhifen2s@npr.org','8d4499ab17ca9e7931f8292a84aaafaf','Orel','Whifen','2006-04-28',5,1,37,213,106,'In est risus, auctor sed, tristique in, tempus sit amet, sem. Fusce consequat.',NULL,NULL,1,'2021-07-07 20:13:09','8c396ee06a55d5cbf23f9e2254375d9c41acc1a112d4c9e2f67d74ba47d6bae5'),(155,'dbransden2t@miibeian.gov.cn','420be392399250e37c74d63810d7fecd','Damita','Bransden','2006-08-23',2,4,55,181,60,'Sed ante. Vivamus tortor. Duis mattis egestas metus.',NULL,NULL,1,'2021-07-07 20:13:09','c8dbfd46c915d16afd0571726b35c0232aee8875eefa84a5e660420369534c4b'),(156,'amcdougall2u@storify.com','139f80735b343d6fb362eab5cd2d8316','Adele','McDougall','2002-09-07',3,4,11,189,64,'Proin interdum mauris non ligula pellentesque ultrices.',NULL,NULL,1,'2021-07-07 20:13:09','1bb8a82f77980a1dcf4b549bdb3013b36744d553a637546f3bf046faf61d72d7'),(157,'vfairholme2v@acquirethisname.com','4e19dfbc80d0a694ae1cdaa8aa58a142','Vergil','Fairholme','2013-12-17',5,3,33,158,115,'Curabitur gravida nisi at nibh. In hac habitasse platea dictumst. Aliquam augue quam, sollicitudin vitae, consectetuer eget, rutrum at, lorem.',NULL,NULL,1,'2021-07-07 20:13:09','c7af690316e2c65589c94a6dedc5cd5032438a7b5b59dc305fbcf0519c257492'),(158,'dnoad2w@devhub.com','def3a4308c67f2331e25a8a2efe3d9c1','Dedie','Noad','2020-11-03',2,1,51,163,94,'Proin leo odio, porttitor id, consequat in, consequat ut, nulla. Sed accumsan felis.',NULL,NULL,1,'2021-07-07 20:13:09','13d658e11b217904b28e1d3ea96ee54f3f222234dd636f5cfdf815292de962c2'),(159,'rpietzner2x@europa.eu','9fe52d2f4f8e4a31589ecd70a0bb38ee','Rozanna','Pietzner','2012-08-06',4,4,27,185,62,'Nulla facilisi. Cras non velit nec nisi vulputate nonummy.',NULL,NULL,1,'2021-07-07 20:13:09','b9eba5b32343d85dffad0b78c94dc2d9c84b29946fed552f36194295bbea1b4c'),(160,'wdachey2y@go.com','de09dca5db84d6cca29ca800988e2439','Wendeline','Dachey','2015-10-08',5,3,26,163,55,'Duis ac nibh.',NULL,NULL,1,'2021-07-07 20:13:09','d9285e587e55db8388a6c4bfcfa013b44e49a1594a68a13ae0825a61435e96b0'),(161,'gaspland2z@nationalgeographic.com','f43758423096453085691b8a64fa7813','Gayle','Aspland','2018-02-25',5,3,58,160,56,'Ut tellus. Nulla ut erat id mauris vulputate elementum. Nullam varius.',NULL,NULL,1,'2021-07-07 20:13:10','daa834ee4d66b486217b1eef71f703a22032d7d5ba1b595d0f923835a04be157'),(162,'tkruschov30@foxnews.com','c0949c33deb76ec8c189caa9bf493273','Tymon','Kruschov','2014-12-17',3,4,46,215,60,'Nunc rhoncus dui vel sem. Sed sagittis. Nam congue, risus semper porta volutpat, quam pede lobortis ligula, sit amet eleifend pede libero quis orci.',NULL,NULL,1,'2021-07-07 20:13:10','4150db8050b0b8d4a9573710426c402dca310a9f6242c354e33ec8e05a9c1cff'),(163,'erickeard31@yellowbook.com','421bca1b75e412bd3371f794092ec810','Esme','Rickeard','2010-11-06',6,3,46,184,72,'Cras non velit nec nisi vulputate nonummy. Maecenas tincidunt lacus at velit. Vivamus vel nulla eget eros elementum pellentesque.',NULL,NULL,1,'2021-07-07 20:13:10','2cc563634efb95f5377efe55b529d7496721823367a185b0357cd016b1b29779'),(164,'csmieton32@reference.com','5b8908cab801b5b4f97b537163df65ee','Clyde','Smieton','2007-06-26',4,3,48,175,75,'Lorem ipsum dolor sit amet, consectetuer adipiscing elit.',NULL,NULL,1,'2021-07-07 20:13:10','3c1d200a69850f7f306bc6aa3cb75ea222a85a70e2dffbe795be8bbdea5cb0cc'),(165,'nlobe33@cornell.edu','22227f28924ef02e4de246e856474b21','Noreen','Lobe','2009-03-17',2,4,41,214,72,'Donec dapibus. Duis at velit eu est congue elementum.',NULL,NULL,1,'2021-07-07 20:13:10','777ec3ee4541c05c58fed811ba47995b73a4d1a33e61f3489909514496710eee'),(166,'dliddel34@lulu.com','f5df583b4e02c7cf34be3a305f2b4a39','Davide','Liddel','2009-03-27',5,1,47,181,74,'Mauris sit amet eros. Suspendisse accumsan tortor quis turpis.',NULL,NULL,1,'2021-07-07 20:13:10','a5bd3b94fd624719ed9edfb4868cfd0e60d1039eba732d68634cea6ea55c882c'),(167,'zestevez35@jiathis.com','6dd19fa7a388ccd2aece2e89d77d7319','Zechariah','Estevez','2013-07-18',6,1,50,183,117,'Suspendisse potenti. Cras in purus eu magna vulputate luctus. Cum sociis natoque penatibus et magnis dis parturient montes, nascetur ridiculus mus.',NULL,NULL,1,'2021-07-07 20:13:10','b9d7c4db41986579a55e70bae1944ff6eb9eb123b27dff5ac6b3add80ac589bf'),(168,'nathy36@mapy.cz','10f501f39e2ab42eb08518c8fe188d7b','Nicky','Athy','2010-12-10',4,3,45,198,58,'Nullam molestie nibh in lectus. Pellentesque at nulla. Suspendisse potenti.',NULL,NULL,1,'2021-07-07 20:13:10','cb682d67651f81a6577546a8f9ddc928b98860ddb190f94d1724e355647e2f25'),(169,'hgrizard37@networkadvertising.org','b1ad2aef76b9ffb3e16fa1e727d7b2e1','Hilde','Grizard','2003-04-09',5,2,6,162,116,'Nullam orci pede, venenatis non, sodales sed, tincidunt eu, felis. Fusce posuere felis sed lacus.',NULL,NULL,1,'2021-07-07 20:13:10','70ad36c9ff053d753473afda38cfd8225b09c6b888da538012d378a74eee3a69'),(170,'dchenery38@whitehouse.gov','e12fe9bda1c664f161a021d0e4c48eca','Dale','Chenery','2010-12-14',2,1,27,216,89,'Morbi non quam nec dui luctus rutrum.',NULL,NULL,1,'2021-07-07 20:13:10','03277a17892ff5785748d75a20ad4fc6262ab822ee55b15b551855cec7bd5054'),(171,'ilapham39@parallels.com','bec5717bc6506db6c60d9e2ffa030193','Issy','Lapham','2018-01-16',5,2,3,182,100,'Morbi a ipsum.',NULL,NULL,1,'2021-07-07 20:13:11','bece430acc7fb41b2b59b490b8df170a80e76f83b5b6e4b83ee692076a4b7ebb'),(172,'eabbe3a@quantcast.com','5b9d3d3f6bbd0652e351195f2d8a2a83','Earlie','Abbe','2007-03-15',6,4,44,150,118,'Proin at turpis a pede posuere nonummy. Integer non velit.',NULL,NULL,1,'2021-07-07 20:13:11','574a352d477424e462d5e68b4f842588a3e9fe786ce511ad5f8406895ef2eb60'),(173,'lromanini3b@china.com.cn','f4e9703153f92912c15e5ab4192d4a98','Ludovico','Romanini','2005-01-17',1,2,4,202,109,'Suspendisse accumsan tortor quis turpis. Sed ante. Vivamus tortor.',NULL,NULL,1,'2021-07-07 20:13:11','fc087d7a48c66c1e35680e2a6690a41ee8e2d9fe1b3fed215320c001a0828435'),(174,'smartynka3c@youtube.com','0796bb84ab99464e594f824641324ed8','Shirlene','Martynka','2005-05-25',1,3,27,171,50,'Pellentesque viverra pede ac diam. Cras pellentesque volutpat dui. Maecenas tristique, est et tempus semper, est quam pharetra magna, ac consequat metus sapien ut nunc.',NULL,NULL,1,'2021-07-07 20:13:11','f4fdd200bfdbd35dccf7f76bc5a44598f424c92d96b7b4785be3078138fb0ee4'),(175,'tsandever3d@mozilla.com','db97e540954c22229d07ef9668311d61','Torre','Sandever','2012-10-12',5,2,7,151,89,'Quisque porta volutpat erat. Quisque erat eros, viverra eget, congue eget, semper rutrum, nulla.',NULL,NULL,1,'2021-07-07 20:13:11','3a6bf2b66ac832f4fd1a4985094946f27bd017df85c3e6f6a55cb2b0a10d5bbe'),(176,'dgoddman3e@forbes.com','d66ac36de8fb17435de887c58de83d24','Dominik','Goddman','2010-02-21',5,4,57,170,66,'Donec ut mauris eget massa tempor convallis. Nulla neque libero, convallis eget, eleifend luctus, ultricies eu, nibh.',NULL,NULL,1,'2021-07-07 20:13:11','76cdd8a39b4dd5ce36d9e732e9358050518f6050d645e036de463c16ae879a7f'),(177,'wbuesnel3f@google.de','871fda769b4242b90853106ec453fd45','Wallache','Buesnel','2005-05-02',4,3,2,169,120,'Praesent lectus. Vestibulum quam sapien, varius ut, blandit non, interdum in, ante. Vestibulum ante ipsum primis in faucibus orci luctus et ultrices posuere cubilia Curae; Duis faucibus accumsan odio.',NULL,NULL,1,'2021-07-07 20:13:11','f69601540e1982f44cfe89366a3e5773e4745ba5f8c8af59b1d8f9ca91574e51'),(178,'rferriby3g@wordpress.com','e6af8eb3a2e9a8daf2b59efce5a12bf7','Raffaello','Ferriby','2017-11-13',3,2,40,176,70,'Duis mattis egestas metus. Aenean fermentum.',NULL,NULL,1,'2021-07-07 20:13:11','5bdf98ef9a7297c699d911bf6d1bee7f6dbfa42a296c05ed2e4dcebb4edcfbb4'),(179,'mbrabbins3h@census.gov','475106aa7a92754a7ea7d5bbc7e241ce','Malena','Brabbins','2013-09-02',1,1,27,195,72,'Morbi odio odio, elementum eu, interdum eu, tincidunt in, leo. Maecenas pulvinar lobortis est.',NULL,NULL,1,'2021-07-07 20:13:11','f91532b6803051ddb879450083240610bbf828a575aa0138ab1ce80f377269e9'),(180,'jwillshere3i@smh.com.au','df271f309ffea140383702568db2c700','Jamie','Willshere','2004-01-14',6,4,22,160,108,'Proin at turpis a pede posuere nonummy.',NULL,NULL,1,'2021-07-07 20:13:11','6afba0976198367d5cf5f2cc2b87eb9ae2a647589ccb17a53360f90678bbf232'),(181,'ssatterfitt3j@ucla.edu','07c2d62a939c5f450069e915a403c7c3','Shelba','Satterfitt','2002-04-11',3,4,14,181,113,'Curabitur in libero ut massa volutpat convallis. Morbi odio odio, elementum eu, interdum eu, tincidunt in, leo.',NULL,NULL,1,'2021-07-07 20:13:12','59322e1c4a84fd917605c4b77a3c0df4df23b5643b29480d3488f7c702561562'),(182,'mbredes3k@dailymail.co.uk','623c1005f67c1e5f9baaf080950b8e51','Morley','Bredes','2000-12-23',3,1,46,197,80,'Mauris lacinia sapien quis libero.',NULL,NULL,1,'2021-07-07 20:13:12','90d4237caf9172bc66dc2fc21181f6149083a3f2312a95bb1e6c035804ca7fd4'),(183,'adoul3l@hugedomains.com','7b7517bb535cde0606d337c2dcb87779','Anna-maria','Doul','2016-12-07',6,4,43,185,82,'Integer ac neque.',NULL,NULL,1,'2021-07-07 20:13:12','70feed8d7ed54de08647fe716c0e16627ff4fc24bbed24264d6f334410c0e928'),(184,'ccoppo3m@oracle.com','24f5c8d1fc36368c3d2897b98453e6ee','Christy','Coppo','2003-10-06',3,2,55,196,117,'Praesent lectus. Vestibulum quam sapien, varius ut, blandit non, interdum in, ante. Vestibulum ante ipsum primis in faucibus orci luctus et ultrices posuere cubilia Curae; Duis faucibus accumsan odio.',NULL,NULL,1,'2021-07-07 20:13:12','0ac5cffc384e88a438a3783e8db3a2fdd27fdd4346663e5cfa4b475005859632'),(185,'scousen3n@sitemeter.com','0f3e811aba304d4eaf4f8f09a5243824','Sammy','Cousen','2016-05-12',2,1,27,207,88,'Nullam sit amet turpis elementum ligula vehicula consequat. Morbi a ipsum. Integer a nibh.',NULL,NULL,1,'2021-07-07 20:13:12','53b1107bfc8d59051837e08e3fe6c275f71226497fab4d8ceb902524a895e650'),(186,'ftomaskov3o@odnoklassniki.ru','9b2c95253cbff52611b8bbf94dffeeed','Flinn','Tomaskov','2015-09-29',3,3,24,212,93,'Praesent id massa id nisl venenatis lacinia. Aenean sit amet justo. Morbi ut odio.',NULL,NULL,1,'2021-07-07 20:13:12','a95101d95958cc33bce0fd74b7b61e3ea9ab9377e93b7b6645712662be7c369c'),(187,'hkimber3p@ameblo.jp','a13860eb0a6ef4c4a3a56d5d780c1904','Hoyt','Kimber','2002-11-16',4,2,13,198,98,'Mauris sit amet eros. Suspendisse accumsan tortor quis turpis. Sed ante.',NULL,NULL,1,'2021-07-07 20:13:12','e3f3fd68387dd39965a8ef1bf7681402f9b6a03518ee1dce76ee657b801f43ff'),(188,'dandover3q@berkeley.edu','5b0baff16b3d9f1e2785b0818f7b1566','Doti','Andover','2016-12-23',4,4,27,203,72,'Morbi vel lectus in quam fringilla rhoncus. Mauris enim leo, rhoncus sed, vestibulum sit amet, cursus id, turpis. Integer aliquet, massa id lobortis convallis, tortor risus dapibus augue, vel accumsan tellus nisi eu orci.',NULL,NULL,1,'2021-07-07 20:13:12','b384c3fa5f1dab7d147d24a51cf7f878b9f5f1b3f86f11e20d61951d3609afe0'),(189,'cbudleigh3r@gov.uk','9890b1a64095cf81d6082e3034e8821c','Cynthia','Budleigh','2012-02-11',2,2,36,154,50,'Aliquam sit amet diam in magna bibendum imperdiet. Nullam orci pede, venenatis non, sodales sed, tincidunt eu, felis. Fusce posuere felis sed lacus.',NULL,NULL,1,'2021-07-07 20:13:12','4640c4a83def3564d51a92ccd13cd96d34035470d3f153f43c84fd7dd73ed96b'),(190,'mdyton3s@google.nl','e5ceded699cc0ba85f0076b949e5981d','Marylee','Dyton','2001-11-11',2,1,22,192,107,'Nunc rhoncus dui vel sem.',NULL,NULL,1,'2021-07-07 20:13:12','d034521797898b9f9d4b3231f61f3e580097757b426f9878ada37e6196a9dc58'),(191,'clocks3t@yolasite.com','6f26604595a1791875f249ce45ade150','Cookie','Locks','2015-12-04',6,3,48,217,65,'Nulla justo. Aliquam quis turpis eget elit sodales scelerisque.',NULL,NULL,1,'2021-07-07 20:13:12','fcfea2ddaf347b60e0ea67c5437e8b5cb6bf073d998cff10832119e162377053'),(192,'rjimeno3u@craigslist.org','dcb799e5e365d60990635d099a12567a','Rheba','Jimeno','2021-07-02',3,4,1,161,118,'Cras pellentesque volutpat dui. Maecenas tristique, est et tempus semper, est quam pharetra magna, ac consequat metus sapien ut nunc. Vestibulum ante ipsum primis in faucibus orci luctus et ultrices posuere cubilia Curae; Mauris viverra diam vitae quam.',NULL,NULL,1,'2021-07-07 20:13:13','4f75ff74898b227895a0af3e8b972ebd4997f0faa81c73baeaa4fd303220174a'),(193,'wowain3v@cmu.edu','d0ce5c72f8acd04c7d09c2ed20c637c2','Wandie','Owain','2013-10-07',5,1,47,151,108,'Integer pede justo, lacinia eget, tincidunt eget, tempus vel, pede.',NULL,NULL,1,'2021-07-07 20:13:13','79d4e164e34c0f2f952fb1dbbdd4abc4ce1f57ac462d2e70e6dee98106dda4dd'),(194,'atownend3w@icq.com','ef8ab37938e686d7ea1adb8155cc2378','Ammamaria','Townend','2005-10-30',4,3,13,216,113,'Quisque ut erat.',NULL,NULL,1,'2021-07-07 20:13:13','82f882c57e8a79128b0504372d82bbccf482d7a04584a453ad9b87d9fdce4ae6'),(195,'slazenbury3x@meetup.com','aca69bb50d1381065bb4170843469d45','Susy','Lazenbury','2016-09-23',1,3,16,199,87,'In est risus, auctor sed, tristique in, tempus sit amet, sem. Fusce consequat. Nulla nisl.',NULL,NULL,1,'2021-07-07 20:13:13','13abd1427c2e38d4ec52384a7dc813ad746c69704d90b9be2d8b15e52f34d009'),(196,'aaubert3y@ucla.edu','91bb75fc01fe6aabc7b32ffa42658180','Anderson','Aubert','2015-08-10',6,1,32,205,60,'Integer pede justo, lacinia eget, tincidunt eget, tempus vel, pede.',NULL,NULL,1,'2021-07-07 20:13:13','67b71a426fc6a20505fdb294d730226e238058c62f974795dcaa6ee8e03fbbc0'),(197,'tdurtnall3z@alexa.com','8a7af23075cf1731bfcacf323b69a091','Tammara','Durtnall','2004-01-05',6,4,18,211,103,'Vivamus metus arcu, adipiscing molestie, hendrerit at, vulputate vitae, nisl. Aenean lectus.',NULL,NULL,1,'2021-07-07 20:13:13','377a3574596d75399dccd377afb0f2f6c6a5e1400a37d5b4bcf4d83a4a916f9f'),(198,'dpimblott40@mapy.cz','2f53cbb1a6d6ea8378e74c9a6ec428c9','Desirae','Pimblott','2004-04-16',3,1,59,190,88,'Duis bibendum, felis sed interdum venenatis, turpis enim blandit mi, in porttitor pede justo eu massa.',NULL,NULL,1,'2021-07-07 20:13:13','0b3b35f0874754af3274b56bd11d4fe50450406aea4f88b3431f8ced4cb45917'),(199,'gkembrey41@mapquest.com','4bd422509116298808866f5a59c7c3dc','Gardiner','Kembrey','2017-02-21',3,4,44,150,83,'Integer a nibh. In quis justo. Maecenas rhoncus aliquam lacus.',NULL,NULL,1,'2021-07-07 20:13:13','8d9aa9b65152752d472289eac4641470df4797d3f6a706af3d7b864506f3e5ef'),(200,'emorgon42@ucsd.edu','adcf08cc4aa81e99f756a6afdf5c1baf','Elene','Morgon','2006-03-29',4,1,9,218,103,'Cras pellentesque volutpat dui. Maecenas tristique, est et tempus semper, est quam pharetra magna, ac consequat metus sapien ut nunc. Vestibulum ante ipsum primis in faucibus orci luctus et ultrices posuere cubilia Curae; Mauris viverra diam vitae quam.',NULL,NULL,1,'2021-07-07 20:13:13','820e7d1bb3e129d25599f763a2c179a9837df5b7b2eee8369f6b29e8e97fabce'),(201,'landrews43@weebly.com','0089a274f6626fe4870227ac0d3d2c03','Lucienne','Andrews','2014-07-02',3,2,58,181,102,'Fusce posuere felis sed lacus.',NULL,NULL,1,'2021-07-07 20:13:13','cd660f311e0e1203a08c227efa875fdcfed8eb3ce1e4792f257a934fc87e2735'),(202,'hruslinge44@posterous.com','2b60f431440606c88710cc363c4327e6','Hartwell','Ruslinge','2021-01-04',4,1,18,168,57,'Quisque arcu libero, rutrum ac, lobortis vel, dapibus at, diam. Nam tristique tortor eu pede.',NULL,NULL,1,'2021-07-07 20:13:14','4ef25568d8581f961050a377f2d4ded2209f5ec3a52e6d19aa4a68c330c33b6a'),(203,'jdulanty45@yale.edu','739bb291131ed409fad82ff10a5d1cce','Jorgan','Dulanty','2005-10-30',2,4,58,217,53,'Maecenas tristique, est et tempus semper, est quam pharetra magna, ac consequat metus sapien ut nunc.',NULL,NULL,1,'2021-07-07 20:13:14','9f6002c799b52b8a497d9e60d31859992823310055d7d2cc9e66ab93fa3ad841'),(204,'ldrohan46@people.com.cn','2f7ee25eabf1b286f10b89f8cc5ebe5d','Leigh','Drohan','2006-05-14',1,1,56,193,99,'Aenean fermentum.',NULL,NULL,1,'2021-07-07 20:13:14','bfb282facaabfcd4afd46ae3f6459de88a4d757b2486f281e88a7d9d7d8c508f'),(205,'egladtbach47@kickstarter.com','198deb82f0f96e23802ecc90bde234c0','Ethelda','Gladtbach','2008-01-20',2,2,1,161,85,'Donec semper sapien a libero. Nam dui.',NULL,NULL,1,'2021-07-07 20:13:14','5828e281d035c25f611c541af24c9d5e185ce8a4ff04d73785e1496ff48987e1'),(206,'gpalfrie48@icio.us','b0603c288f56cbe85434890c5854cbad','Gian','Palfrie','2001-09-13',2,2,49,181,76,'Sed ante. Vivamus tortor.',NULL,NULL,1,'2021-07-07 20:13:14','80312c9182617b8e1529a2f5a1cf99cb216f1a3310fa10adc94e2928735963c5'),(207,'rfiennes49@intel.com','7da45c6751aed6cb031ad5da0333e0fd','Robina','Fiennes','2006-11-01',5,2,51,175,88,'Lorem ipsum dolor sit amet, consectetuer adipiscing elit. Proin risus.',NULL,NULL,1,'2021-07-07 20:13:14','c773c6d17161adbfc8421544cdf81328cd4aa584113d0eb5f101ad33e844de3b'),(208,'tfraschini4a@quantcast.com','3ef784e918f433a469fcf6656d61d949','Trixi','Fraschini','2016-08-23',3,4,30,200,89,'Sed sagittis. Nam congue, risus semper porta volutpat, quam pede lobortis ligula, sit amet eleifend pede libero quis orci. Nullam molestie nibh in lectus.',NULL,NULL,1,'2021-07-07 20:13:14','91a60922a7a015c39f95f07ff6a0b9419c06d608ecdcd83e8b95b265efb25286'),(209,'sgrigson4b@boston.com','4c3f3cacab5f556a8f212ec28ba56b94','Susette','Grigson','2016-12-09',5,1,2,201,75,'Cum sociis natoque penatibus et magnis dis parturient montes, nascetur ridiculus mus. Etiam vel augue.',NULL,NULL,1,'2021-07-07 20:13:14','2192e5315b05e9362ac29d2843ca1c953a4c3cb5346e3ae1ec83a58fcab66583'),(210,'mcastelletto4c@dagondesign.com','a70dc80a0fdc1d9540d385e0f7cbd012','Morlee','Castelletto','2013-04-29',6,3,13,162,81,'Integer ac leo.',NULL,NULL,1,'2021-07-07 20:13:14','276493fc71e8cae6c63dccd85bd5e8b22fc1336da1a51a6988d9afd85a532c20'),(211,'emaund4d@hp.com','b111a2ff7cd44b4f3af424e770a8d0f2','Ellary','Maund','2004-07-19',4,2,10,190,60,'Vivamus vestibulum sagittis sapien.',NULL,NULL,1,'2021-07-07 20:13:14','bbf9348f34559b3b1b2f88f492e02f9fdd5ad2b185f6bd05ff2fb2ec9d47cdb8'),(212,'mdemer4e@nationalgeographic.com','5dfdb7f02b264bd180a9f7245c0a1836','Marlyn','Demer','2005-06-28',4,2,11,192,98,'Quisque porta volutpat erat. Quisque erat eros, viverra eget, congue eget, semper rutrum, nulla. Nunc purus.',NULL,NULL,1,'2021-07-07 20:13:15','4a745163ddacc56d3fb3a0da72099a4d92e8f5d69ac8ddbadbd337a92236ef76'),(213,'mbaudains4f@tmall.com','ecf708523d36c929bbc8b1192df8401f','Mitch','Baudains','2007-10-29',2,1,26,151,86,'Nulla ac enim. In tempor, turpis nec euismod scelerisque, quam turpis adipiscing lorem, vitae mattis nibh ligula nec sem.',NULL,NULL,1,'2021-07-07 20:13:15','55100eadf34b9c50bfdac09cafe8c79d31f23e23537b17f64f467fa260406c21'),(214,'jlemarquand4g@army.mil','03b7a37c8e214175aac8af941b308913','Jock','Le Marquand','2017-06-17',1,2,62,163,61,'Nam congue, risus semper porta volutpat, quam pede lobortis ligula, sit amet eleifend pede libero quis orci. Nullam molestie nibh in lectus. Pellentesque at nulla.',NULL,NULL,1,'2021-07-07 20:13:15','89bb8a83e506def2bde96754137858a36d2db15a90fb2739485327a1b6034a76'),(215,'jmcvitty4h@google.fr','7caf19164f662d46d50773f761f8b751','Jaquenette','McVitty','2008-03-10',4,1,4,186,75,'In hac habitasse platea dictumst. Etiam faucibus cursus urna.',NULL,NULL,1,'2021-07-07 20:13:15','52925c3c0969c7a7c2a69efb3008009d99b0c38decc68216e9a01ec886fe482c'),(216,'dewen4i@ibm.com','e0896824859a6d9cff3cc0f2cbdfbbbf','Duane','Ewen','2013-03-19',5,1,59,161,92,'Aliquam non mauris. Morbi non lectus.',NULL,NULL,1,'2021-07-07 20:13:15','344fb50b72dd11b87887f317eec2a187fc50040466c1b24f8585622cae086c4e'),(217,'ppuckett4j@miitbeian.gov.cn','0d0de9e31fa8f17b5111064754d8d78c','Pauly','Puckett','2006-03-29',5,3,7,158,114,'Morbi sem mauris, laoreet ut, rhoncus aliquet, pulvinar sed, nisl. Nunc rhoncus dui vel sem.',NULL,NULL,1,'2021-07-07 20:13:15','d606563269d567a818c1230b017b33c4b21f50b60b3c68de2943e90dc8ec48ca'),(218,'rsavil4k@google.com','7fe32562aaa7abb36a242da6d3eebc7b','Rodolfo','Savil','2003-11-05',6,3,35,199,61,'Nunc rhoncus dui vel sem. Sed sagittis.',NULL,NULL,1,'2021-07-07 20:13:15','7bd0218bc3a8d350ad41f909cfd6e2d161d7110f0eb46ec00036bfe60883aa34'),(219,'rvolant4l@bluehost.com','48b140bd2fe7cd32972a8f625893bde4','Rriocard','Volant','2002-02-11',5,1,43,208,76,'Donec posuere metus vitae ipsum. Aliquam non mauris. Morbi non lectus.',NULL,NULL,1,'2021-07-07 20:13:15','0281f7cbccb4213fab317f51f9b227dcc6e97b2556ea82e51a8779c860507772'),(220,'abrasner4m@wufoo.com','bd6a307409cf60c499510461b8c405c0','Atlanta','Brasner','2016-01-10',6,3,33,184,52,'Aenean lectus. Pellentesque eget nunc.',NULL,NULL,1,'2021-07-07 20:13:15','34abd67e9b229d7dd40b0066779cd506d38bc4e162a868af475ed4d78fcf01fa'),(221,'hmcquin4n@cargocollective.com','19e74ce0ec261a866ac80906709d5852','Helena','McQuin','2009-09-01',3,4,47,176,88,'Integer ac leo. Pellentesque ultrices mattis odio.',NULL,NULL,1,'2021-07-07 20:13:15','09aac8ddaf032b32a427bf213226390acd655814e260517f3a1d5b954722d7fd'),(222,'gmacveigh4o@sitemeter.com','af38993afc1769a524f12ea2a5a0106a','Giavani','Macveigh','2012-06-09',2,3,32,205,70,'Pellentesque at nulla.',NULL,NULL,1,'2021-07-07 20:13:16','60876370e06e977dd50b488775d75e79ef9f2c3c4086bde83406ad7536431ca1'),(223,'kceely4p@xrea.com','f456b2e29b7c05c4ce11d603832c8351','Kassey','Ceely','2011-07-21',3,3,35,194,89,'Nullam porttitor lacus at turpis.',NULL,NULL,1,'2021-07-07 20:13:16','36942b9d0b0f5c899a61660a4825a73ee3728c1800a6648727371226f6b7e712'),(224,'bkaliszewski4q@cornell.edu','5b2e735f5433f19b5f66e77a629d77de','Bette','Kaliszewski','2015-05-16',6,1,22,205,94,'Donec ut dolor.',NULL,NULL,1,'2021-07-07 20:13:16','1c20fc9a9f2af6b587fd390a016fcd29ab1558fd444c5582dab626e66ee8dcee'),(225,'wperkins4r@fastcompany.com','241613fa5b6ebedf09cf2597377a5e7a','Willem','Perkins','2005-01-17',3,3,51,209,115,'Integer pede justo, lacinia eget, tincidunt eget, tempus vel, pede.',NULL,NULL,1,'2021-07-07 20:13:16','7045aea4c13a46e1293658b86d3f22145021d6f60f751f5e402f70d7d7081b21'),(226,'klabarre4s@booking.com','9c94fd3286d02b2d6ec629c8b1c321ea','Kristoffer','Labarre','2005-01-15',2,4,45,150,81,'Donec ut mauris eget massa tempor convallis.',NULL,NULL,1,'2021-07-07 20:13:16','5e7f0233d08c69e0dd60d598d53ba9b8c59627deef23fa6faf58369cfe997cc9'),(227,'gmckinnell4t@shop-pro.jp','95146b02478e3b1351443a66e2febb9f','Gusella','McKinnell','2020-10-17',2,4,46,160,53,'Vestibulum quam sapien, varius ut, blandit non, interdum in, ante.',NULL,NULL,1,'2021-07-07 20:13:16','46c18609e3ff6b752d66457dd27d8b37e9ff644ad06d5366e748bda21bf374a1'),(228,'cdevereu4u@archive.org','c8c9f82ae16380da07f00b5706e5fdc5','Charlene','Devereu','2000-07-18',1,1,62,170,102,'Nullam molestie nibh in lectus.',NULL,NULL,1,'2021-07-07 20:13:16','49667b02e86973881827c53fee1baedafab6ff93cbab47d2e8a197ad120f67f8'),(229,'lbromilow4v@ebay.com','5aacb78f98222c0ec789588d28756e45','Loralee','Bromilow','2006-12-29',4,3,60,151,107,'Ut at dolor quis odio consequat varius.',NULL,NULL,1,'2021-07-07 20:13:16','40d9dd3d46dbbe9f28c323bfd0d5521d058bf821fc1bfe3ffa5984f2ce3377cb'),(230,'brantoul4w@oracle.com','092d2e439052751d783c58d7c4fd6983','Brand','Rantoul','2020-12-02',5,3,43,202,110,'Fusce congue, diam id ornare imperdiet, sapien urna pretium nisl, ut volutpat sapien arcu sed augue. Aliquam erat volutpat.',NULL,NULL,1,'2021-07-07 20:13:16','e343bd1294223974d81bc439443b396b8222d7bb0af1a1d9b19c993c374c3e41'),(231,'gworge4x@spotify.com','60763a33a214a652b6e84609562fae9c','Gris','Worge','2007-06-22',3,4,60,207,95,'Aliquam erat volutpat. In congue. Etiam justo.',NULL,NULL,1,'2021-07-07 20:13:16','93618754cd03a62fc9dcc08e9f0075594f937e813ecf2c7e46ac555e94d9d967'),(232,'hserrell4y@google.com','4cb99f0bc4d4bf2694122aa8f2891770','Haley','Serrell','2018-10-13',5,2,19,204,94,'Donec posuere metus vitae ipsum. Aliquam non mauris.',NULL,NULL,1,'2021-07-07 20:13:17','f970c32b0c50b6335cc1ecb9c818f3de6833c3ed48194a0f9215702174dbaeda'),(233,'iburroughes4z@cnbc.com','5f4caa72a462eb06909b83a5c5bab14e','Inglis','Burroughes','2011-07-23',3,2,17,168,98,'Vivamus in felis eu sapien cursus vestibulum. Proin eu mi. Nulla ac enim.',NULL,NULL,1,'2021-07-07 20:13:17','c4bdfcd2ea89b0441a2919528e369266c3192f27ba62d29d2744917b89e098cb'),(234,'nwollen50@ocn.ne.jp','666f7d0022900b48e9b474746c71342c','Nicola','Wollen','2002-07-11',1,3,11,161,117,'Maecenas pulvinar lobortis est. Phasellus sit amet erat.',NULL,NULL,1,'2021-07-07 20:13:17','de2444425246fc3b10f4bc69e8a0f93e030e867b4291db4ba407b31e64374779'),(235,'rhaysey51@posterous.com','116813101a989f85c18228769d632a1b','Robinet','Haysey','2008-05-11',4,3,49,153,119,'Vivamus metus arcu, adipiscing molestie, hendrerit at, vulputate vitae, nisl. Aenean lectus.',NULL,NULL,1,'2021-07-07 20:13:17','460d8eaccd12170b0206a472cbb03f391ed486afe9c7a8007fcdbcb29ea05517'),(236,'ctrivett52@noaa.gov','c7f9c9394f8f617566d1eaac12b0152d','Catharine','Trivett','2015-03-07',5,4,39,198,60,'Pellentesque ultrices mattis odio.',NULL,NULL,1,'2021-07-07 20:13:17','b4418d65b49d8ff92237d651ab2cec7fbb9232f6f5886a0da364bcfac3296bd5'),(237,'hcowmeadow53@accuweather.com','d307455a33f99a461bee8eee176b4338','Hale','Cowmeadow','2013-08-20',4,2,11,217,107,'Suspendisse potenti. Cras in purus eu magna vulputate luctus. Cum sociis natoque penatibus et magnis dis parturient montes, nascetur ridiculus mus.',NULL,NULL,1,'2021-07-07 20:13:17','99f7677a9889102cef6356f6b735eb8d4cc765470d7f3f2d1f09cf5e0aecf6c0'),(238,'zgirtin54@angelfire.com','4af250cc8e798e89fe5fdb326164d7ba','Zachariah','Girtin','2012-03-11',6,3,45,189,84,'Integer ac leo.',NULL,NULL,1,'2021-07-07 20:13:17','9ef167e10e26376deaad0ecc10f1e1c9cf2ab5e4e7f7381fddd7f101c8e315a3'),(239,'rchad55@mozilla.com','9df31a52e0d2e830923a4742003bdf79','Rica','Chad','2014-02-25',3,3,24,197,120,'Integer tincidunt ante vel ipsum. Praesent blandit lacinia erat. Vestibulum sed magna at nunc commodo placerat.',NULL,NULL,1,'2021-07-07 20:13:17','d406d6e38ebc69fdbe094ae5ea5ae7585fe9a1ed2c7903f462652d432d397beb'),(240,'bewebank56@dailymotion.com','2c73e92495feb585760bc13b33a25a61','Brig','Ewebank','2013-09-23',2,2,42,196,58,'Nunc nisl. Duis bibendum, felis sed interdum venenatis, turpis enim blandit mi, in porttitor pede justo eu massa.',NULL,NULL,1,'2021-07-07 20:13:17','57e85fa1a5d7b34e3f647aab99b562c5c658f0a76c4ce27f8bf736ac7e7eaa2d'),(241,'mvisick57@furl.net','28e4ace4f3c809b3deb2cb8560e29a8d','Marylinda','Visick','2005-06-23',1,3,36,198,96,'Donec dapibus. Duis at velit eu est congue elementum. In hac habitasse platea dictumst.',NULL,NULL,1,'2021-07-07 20:13:17','45639276ec73f45529a4d56533b23dd702cc1b140ba96551bd152932624dca19'),(242,'agreatbatch58@oakley.com','4e4d0c4e0337dff6b14e733187ee96c6','Alessandra','Greatbatch','2020-05-22',1,1,58,190,87,'Quisque ut erat.',NULL,NULL,1,'2021-07-07 20:13:18','73a6a1c3d7e783064cffd8bbd487040bc0687cfbef30bb697a9175e39328e94a'),(243,'mtheuff59@umn.edu','b1d2c52926fc91b1e8940e12d5cfd440','Maggie','Theuff','2021-02-07',2,1,26,177,94,'Phasellus id sapien in sapien iaculis congue. Vivamus metus arcu, adipiscing molestie, hendrerit at, vulputate vitae, nisl.',NULL,NULL,1,'2021-07-07 20:13:18','5c1437dad854cc68ff7f30f27ccaaea22b09a41b546d5d0d977229c913161cc8'),(244,'kpartner5a@ucoz.com','650a739b1f4b572c0a0b68e0ceb5035a','Kimmie','Partner','2008-02-07',3,2,9,180,53,'Nulla justo. Aliquam quis turpis eget elit sodales scelerisque.',NULL,NULL,1,'2021-07-07 20:13:18','fcf8d0cbb33b7b20df7c5dc0f9220e3300636948deaadbf0988f649a8246c6fd'),(245,'vwalsh5b@chronoengine.com','b717835c6522cacd3f6ecce99d708244','Valaree','Walsh','2005-04-18',4,4,42,167,73,'Nulla ut erat id mauris vulputate elementum. Nullam varius.',NULL,NULL,1,'2021-07-07 20:13:18','02f21cffffd74a8aae2d61fb11466cc4a874a2bb660c6b93ea88de15bae0ca78'),(246,'bcluelow5c@theglobeandmail.com','7cfe016432615418de9abb3fc367f293','Berkie','Cluelow','2006-07-14',1,4,42,206,81,'Maecenas rhoncus aliquam lacus. Morbi quis tortor id nulla ultrices aliquet.',NULL,NULL,1,'2021-07-07 20:13:18','b6c53724f2ab0450ebf2c2012da665b06cca574d52190e9a9727d82a2fe3d2a8'),(247,'tredborn5d@oakley.com','406c5f957ba8006e35ee0490ee257169','Traver','Redborn','2014-02-10',6,2,13,190,104,'Quisque ut erat.',NULL,NULL,1,'2021-07-07 20:13:18','500cbef364649cee06f147dfe20f540a7e45867af06ae72e855bb9a988256173'),(248,'hmclukie5e@zdnet.com','a82e0c7f77452753c47836831ebd1929','Hans','McLukie','2014-04-27',5,4,55,152,100,'Praesent lectus. Vestibulum quam sapien, varius ut, blandit non, interdum in, ante.',NULL,NULL,1,'2021-07-07 20:13:18','d6064b3d35709ede4397136372fa0d730a11b3bff128aefd7b3583bd7b5f2e5c'),(249,'aberriman5f@loc.gov','4a31d4283d0a2473d922ab592f1bb22d','Adelheid','Berriman','2011-12-28',4,1,14,174,88,'Nulla neque libero, convallis eget, eleifend luctus, ultricies eu, nibh.',NULL,NULL,1,'2021-07-07 20:13:18','181ee9053855726e65ff67bb6f1bed5334a8e11f4b3054c21f3526796edb66af'),(250,'jtrodden5g@google.nl','9cd9d6a84621164e901e056a7cf39c7d','Jose','Trodden','2016-05-11',6,4,6,216,67,'Duis consequat dui nec nisi volutpat eleifend.',NULL,NULL,1,'2021-07-07 20:13:18','3e3f282094d025999cbdbc57ee47a79c6bc9a3e2aacbfc8e515c9e4f55fe27b7'),(251,'ljanik5h@shinystat.com','858131c8f93231c729458a7e115a7d1e','Lezley','Janik','2011-08-26',5,2,42,164,120,'Suspendisse accumsan tortor quis turpis.',NULL,NULL,1,'2021-07-07 20:13:18','3c6574167086ba81a596b8e9d8ad7da5c056f2d5ecbd5ccd7967b36228123d7e'),(252,'ncumbridge5i@ox.ac.uk','35f23039777f4eb65340a4458dca36bb','Natassia','Cumbridge','1999-10-27',3,2,9,157,89,'Curabitur convallis.',NULL,NULL,1,'2021-07-07 20:13:19','dadd7749cfbe77db22102fc0d91f3935481117616603819aea8f013caf5e123a'),(253,'igoodale5j@imgur.com','6345f82e6573d7f59105aa424e9347eb','Immanuel','Goodale','2010-10-03',3,3,8,161,92,'Phasellus sit amet erat.',NULL,NULL,1,'2021-07-07 20:13:19','6a8aa0c685f590bba06e720e829aa95d88981b885fd36c7baa0e0e21a5506216'),(254,'prizzini5k@dot.gov','8475860293721ec30691f36f45ff4ddb','Pat','Rizzini','2012-10-20',4,3,42,162,99,'Nulla suscipit ligula in lacus.',NULL,NULL,1,'2021-07-07 20:13:19','1981fa2108bf393e3f9976e72382f755f54d1dd68138eb87642d9887e6094e0a'),(255,'gveltmann5l@sohu.com','1cadcb8517727dae60a3b9facfbb2ce3','Gasparo','Veltmann','2008-11-14',3,3,46,191,59,'Nulla suscipit ligula in lacus. Curabitur at ipsum ac tellus semper interdum. Mauris ullamcorper purus sit amet nulla.',NULL,NULL,1,'2021-07-07 20:13:19','02dab8a062bf78d82e5c40866c09b726989ae768ceaeb7a30f542deb0f758490'),(256,'nspindler5m@fema.gov','91a59e4cd29cb462b2a326f18ce8f5f7','Nicolai','Spindler','2003-01-06',1,2,49,175,77,'Nullam orci pede, venenatis non, sodales sed, tincidunt eu, felis. Fusce posuere felis sed lacus. Morbi sem mauris, laoreet ut, rhoncus aliquet, pulvinar sed, nisl.',NULL,NULL,1,'2021-07-07 20:13:19','9394e15e23dbb7432d80f6a8ca186d16ebfe2e1d440cf72b75d77b0684c67355'),(257,'ahassall5n@reference.com','afbe4dfa461ac63b2cedbe03ef04a178','Agace','Hassall','2000-12-28',2,1,46,163,62,'Aliquam non mauris.',NULL,NULL,1,'2021-07-07 20:13:19','423190103c439a851b37843025b4eabf54ec3aaf6038a36e857508c7c0f99f67'),(258,'msibbering5o@bloomberg.com','1e983d9aca4a3580c4910f852d914184','Michal','Sibbering','2020-10-09',1,2,34,171,83,'Donec ut mauris eget massa tempor convallis. Nulla neque libero, convallis eget, eleifend luctus, ultricies eu, nibh. Quisque id justo sit amet sapien dignissim vestibulum.',NULL,NULL,1,'2021-07-07 20:13:19','1b39145f57bfae62b8aa63a7086fe238a0740e68ba780e16885073d7f0397dac'),(259,'cseven5p@so-net.ne.jp','c5a7ee58a4cc5c520fc5a4c7e19220cb','Carolyn','Seven','2005-10-20',1,1,15,218,90,'Ut tellus. Nulla ut erat id mauris vulputate elementum.',NULL,NULL,1,'2021-07-07 20:13:19','fa372d33a7f49e7aed34ed6e197c55e5f556959eefbae6a7a2c3d7486e547208'),(260,'ahugonet5q@blogger.com','58c6b476cf3559e3b000e070bcc42981','Allin','Hugonet','2013-07-13',6,1,63,188,74,'Nulla neque libero, convallis eget, eleifend luctus, ultricies eu, nibh. Quisque id justo sit amet sapien dignissim vestibulum.',NULL,NULL,1,'2021-07-07 20:13:19','0f6bb0b3a1b9245a76098a499d1608622f58a5df8c0dda23a80984ca23f41f55'),(261,'kreffe5r@economist.com','987ed41b8c7f29443996feabda9350ac','Kaycee','Reffe','2003-03-21',2,4,46,157,76,'Sed vel enim sit amet nunc viverra dapibus. Nulla suscipit ligula in lacus. Curabitur at ipsum ac tellus semper interdum.',NULL,NULL,1,'2021-07-07 20:13:19','cae4f5619666a48ab9c3acd5827ab0bb48cbd2a342ff56a46d9aa143928aa5ee'),(262,'bmantrip5s@1688.com','93b32e1c6df809ffe3e530c82c6b56ac','Brent','Mantrip','2007-08-28',2,4,58,183,89,'Maecenas tincidunt lacus at velit. Vivamus vel nulla eget eros elementum pellentesque. Quisque porta volutpat erat.',NULL,NULL,1,'2021-07-07 20:13:20','8749a4edd7824fe67e160e59271f5562995116b1ef8dd053ed18f921197bcff2'),(263,'mvaan5t@booking.com','e56fe87a09d4231349cd8d2b12419766','Michal','Vaan','2021-02-03',3,4,5,183,51,'Pellentesque viverra pede ac diam. Cras pellentesque volutpat dui. Maecenas tristique, est et tempus semper, est quam pharetra magna, ac consequat metus sapien ut nunc.',NULL,NULL,1,'2021-07-07 20:13:20','5dff25569d8bad8b2f8b00fd99a0155a9febe7da0d35735b4ddda34bbe62fb60'),(264,'klannon5u@seattletimes.com','a7e43ec1dd29aef99598c6f959ae7ecc','Kerwinn','Lannon','2012-03-23',1,1,30,154,107,'Mauris lacinia sapien quis libero. Nullam sit amet turpis elementum ligula vehicula consequat. Morbi a ipsum.',NULL,NULL,1,'2021-07-07 20:13:20','244c8ab59fff145755f714e957d16d936ebf1ddc07d55b0ea68366bbac4b47f6'),(265,'eedser5v@jigsy.com','9b6903a01d6479d40ad444e6f849aff3','Ernest','Edser','2011-08-21',1,1,39,157,79,'Aliquam quis turpis eget elit sodales scelerisque. Mauris sit amet eros. Suspendisse accumsan tortor quis turpis.',NULL,NULL,1,'2021-07-07 20:13:20','fe16980e69e9fd80833eb806dddbf71001c8b4c68aa07359dbb94ab14579ebf5'),(266,'nhuggard5w@ftc.gov','5a2f271e43d2d94e7f81f5f26dfd51f0','Norma','Huggard','2010-09-26',1,3,49,189,90,'In sagittis dui vel nisl. Duis ac nibh.',NULL,NULL,1,'2021-07-07 20:13:20','659f01bc910f599ea4a4ae8cb2932bc73bc4da5347880504a9471e555f2353f2'),(267,'dmaher5x@ifeng.com','603e4f23ef755cc717fb5289e2e70845','Dorie','Maher','2019-01-28',1,3,25,214,63,'Integer ac leo. Pellentesque ultrices mattis odio.',NULL,NULL,1,'2021-07-07 20:13:20','3511fc1feb7ec4efdcd08b760b923960b2fe9d6ed51eda9aaa6dc0994deb7c0f'),(268,'mkneafsey5y@mysql.com','33fea3455b4c8dc41b2563ff6d82bdd9','Maynord','Kneafsey','2000-03-10',4,4,27,198,64,'Vestibulum quam sapien, varius ut, blandit non, interdum in, ante. Vestibulum ante ipsum primis in faucibus orci luctus et ultrices posuere cubilia Curae; Duis faucibus accumsan odio. Curabitur convallis.',NULL,NULL,1,'2021-07-07 20:13:20','5a1d99560bfb636a8fba07253ef59b6847e0e714c1c50699ffa0415fa6113ff0'),(269,'cwife5z@ed.gov','b040a10aa5e4ae35bafc66552dfe342f','Cosimo','Wife','2018-07-21',2,1,45,175,77,'Donec dapibus. Duis at velit eu est congue elementum.',NULL,NULL,1,'2021-07-07 20:13:20','869b9eeef730d7d332b339b8699250510aa487d5d934aa19f8a17d70c939b9ad'),(270,'ldwane60@mlb.com','5718e4e4cacbf1da884f74f323a332f2','Levi','Dwane','2005-07-25',3,2,18,204,87,'Phasellus id sapien in sapien iaculis congue.',NULL,NULL,1,'2021-07-07 20:13:20','7f7abadb3a69164ee6f94fe26e957e8f70e9097de0c2a1f44dd23bcc8a0b0ed0'),(271,'eblunderfield61@livejournal.com','0ec7c9640a466e5aed080e1381f4b7cf','Edvard','Blunderfield','2011-06-08',4,1,48,191,54,'Nullam varius. Nulla facilisi.',NULL,NULL,1,'2021-07-07 20:13:21','291ccc3c03acdc1bdd5ffe28899cecaaa9a472dc41ac5f41e2ef1367e7328c85'),(272,'bgolston62@scientificamerican.com','0b677d942b01763cd9fce599a9249e4d','Bent','Golston','2008-06-13',3,3,17,220,96,'Ut tellus.',NULL,NULL,1,'2021-07-07 20:13:21','53d4120e7e2ac9137336d75c3a8743d2a9e44381efd8d235d40d49ee0460d944'),(273,'jcattlow63@hc360.com','a8bc5bf42559a8a09b239221e7581d60','Judon','Cattlow','2014-03-03',1,1,33,151,109,'Etiam vel augue. Vestibulum rutrum rutrum neque. Aenean auctor gravida sem.',NULL,NULL,1,'2021-07-07 20:13:21','0f7a9d338742caef658773a4a9c22dce38b993c244c7c27e9817e2fee78535df'),(274,'dtadd64@multiply.com','e1c7eabce3f8d1552b3f280d36ac3dbd','Doro','Tadd','2011-01-10',2,4,8,167,99,'Curabitur convallis. Duis consequat dui nec nisi volutpat eleifend. Donec ut dolor.',NULL,NULL,1,'2021-07-07 20:13:21','1650f9acd2131e2592748c4f2530453da6451926876edf85b7ab5f451521c49f'),(275,'vbetonia65@java.com','d85bb25b98e774ee90c7aec197fb1d17','Vinny','Betonia','2019-11-21',5,4,40,181,106,'Donec dapibus. Duis at velit eu est congue elementum. In hac habitasse platea dictumst.',NULL,NULL,1,'2021-07-07 20:13:21','aa3f3e533f63e3e999e715f28650dad307801a15306338bd77c9dd455179a6db'),(276,'ndavitashvili66@reuters.com','a771ab55a682af43b8e21c17d25931b7','Nanette','Davitashvili','2008-07-22',4,1,3,189,57,'Curabitur gravida nisi at nibh. In hac habitasse platea dictumst.',NULL,NULL,1,'2021-07-07 20:13:21','2c91327e8f45731921b206f56e0a8defa4ab7b72a37744264517150a33656b4e'),(277,'bashley67@marriott.com','906b6e54df3c7b99313fd9c3cdd8151c','Birdie','Ashley','2018-03-21',2,1,47,212,68,'Maecenas rhoncus aliquam lacus.',NULL,NULL,1,'2021-07-07 20:13:21','94bea4312e8afaafdcbe7bdbfc505142d30aa41b3021ada8f5b13844bfc64746'),(278,'kmustarde68@intel.com','2a942bb593f4d3b94d308996f093ab93','Keven','Mustarde','2015-07-31',2,2,48,172,94,'Nulla nisl. Nunc nisl. Duis bibendum, felis sed interdum venenatis, turpis enim blandit mi, in porttitor pede justo eu massa.',NULL,NULL,1,'2021-07-07 20:13:21','99e6b5c919b5cc2aaee7e94316ce6ac5f87c17b8d11547216726e009e046429e'),(279,'slambole69@jalbum.net','6b43f96930f8f0b59d63df01d713f959','Shep','Lambole','2019-01-30',1,4,40,152,115,'Aliquam quis turpis eget elit sodales scelerisque.',NULL,NULL,1,'2021-07-07 20:13:21','d13532c461929f4acf8201b82a0623c4fb73e6dd155a9a4e9163765fa1bf8837'),(280,'csabathe6a@github.com','e692f2727af2cfcc8bbce929bd2c5f77','Cheston','Sabathe','2014-03-04',4,2,25,177,86,'Duis at velit eu est congue elementum.',NULL,NULL,1,'2021-07-07 20:13:21','0eac3e31b7aa4678db846c243db14a5c8731252c6f4e24890af5cec0ec6dd3f4'),(281,'kcooch6b@reference.com','b0e88cffbaf247b281fdb967d346f0d8','Konrad','Cooch','2015-08-17',2,4,21,180,93,'Integer tincidunt ante vel ipsum. Praesent blandit lacinia erat. Vestibulum sed magna at nunc commodo placerat.',NULL,NULL,1,'2021-07-07 20:13:22','cc8025fe9c5044ef967329d0763432a29fc12f74397f3eecfa53b241c6e0711f'),(282,'aleacy6c@scribd.com','591857b7fabc2a15ee47fd366b5ec20d','Alina','Leacy','2021-05-14',1,4,39,193,97,'Integer ac neque. Duis bibendum.',NULL,NULL,1,'2021-07-07 20:13:22','df74fb6675519a782237d2428bf7b82add8999d224c6344ca3b6291554d416bd'),(283,'dmarie6d@indiegogo.com','e679286f21e0ae22441c908161a49233','Doria','Marie','2011-02-17',5,3,35,196,86,'Vivamus vel nulla eget eros elementum pellentesque. Quisque porta volutpat erat.',NULL,NULL,1,'2021-07-07 20:13:22','3b18de42e5968d4d9118149f846fcc1e6d9878829569b33b897ad94e367656c8'),(284,'jcowcha6e@youku.com','1532804c0f9bc49477aba1e3b4f139ec','Joellen','Cowcha','2016-10-04',5,3,50,168,53,'Nulla justo. Aliquam quis turpis eget elit sodales scelerisque.',NULL,NULL,1,'2021-07-07 20:13:22','b64a0949849c601d4574c1c37b0cef83bdda293436c086c6feebb9c4fef1410a'),(285,'rmckern6f@yolasite.com','daaabafcf21575cb4521f316b4269037','Ruthy','McKern','2010-11-04',3,4,6,157,88,'Donec semper sapien a libero.',NULL,NULL,1,'2021-07-07 20:13:22','d9d1680bb60f6de40f9fac00ecbb325a75cc3d2b58d37fefe0337c0e2f5609d9'),(286,'uweir6g@ucoz.ru','36199ead9f69d09a190bfa83871f32fa','Ulrikaumeko','Weir','2013-12-22',1,4,12,159,103,'Ut at dolor quis odio consequat varius. Integer ac leo.',NULL,NULL,1,'2021-07-07 20:13:22','172ed30b6ad7e59902124c3ecf62d1af4baec2bf70a665ef08809decf1a1908f'),(287,'parnoud6h@delicious.com','9a0aa11704b6955cca4757b77c3af1d1','Peder','Arnoud','2002-07-18',1,3,2,208,108,'Aliquam non mauris. Morbi non lectus.',NULL,NULL,1,'2021-07-07 20:13:22','216ca3999a17885faa8f3059024b3f4c11ebe09153acda8ef7332fe695a25c8e'),(288,'leddowes6i@technorati.com','68a7b78c07d1f787e718ab7193182092','Lincoln','Eddowes','2001-01-23',4,4,39,190,95,'Nulla tellus.',NULL,NULL,1,'2021-07-07 20:13:22','647b6e6e57d2392274173310488053569a2007fb4d920cc9cac4259f1870a790'),(289,'aguntrip6j@answers.com','f75cc5d662b01b680f2508331859a4b0','Adan','Guntrip','2009-12-01',6,1,12,182,82,'Donec diam neque, vestibulum eget, vulputate ut, ultrices vel, augue. Vestibulum ante ipsum primis in faucibus orci luctus et ultrices posuere cubilia Curae; Donec pharetra, magna vestibulum aliquet ultrices, erat tortor sollicitudin mi, sit amet lobortis sapien sapien non mi. Integer ac neque.',NULL,NULL,1,'2021-07-07 20:14:06','2a958e19e7db1c6f06cc513863cba60bc6683116d6ca69f6d28532a479757e3f'),(290,'dparkman6k@freewebs.com','631c980a0628f275c71f0dafb557b65f','Dorice','Parkman','2013-11-01',2,2,53,183,69,'Proin interdum mauris non ligula pellentesque ultrices.',NULL,NULL,1,'2021-07-07 20:14:07','cf9d94e802604c34bdc9d6ce20a15bf48c5a66f76e0d99b6dc6c531bee0eef5e'),(291,'dramos6l@goo.gl','49bb7178747c0f5c1c79b186a654423a','Dorri','Ramos','2004-06-30',2,1,25,162,80,'Sed ante. Vivamus tortor. Duis mattis egestas metus.',NULL,NULL,1,'2021-07-07 20:14:07','43625aa6af6dd39f7c003c2b1d955b31d0de46e38a784f262fd41839880f2d1e'),(292,'wedy6m@furl.net','22589ff414be5ca46f4619f1a9901b9a','Wiley','Edy','2002-06-04',4,2,38,152,72,'Donec semper sapien a libero.',NULL,NULL,1,'2021-07-07 20:14:07','045712028e79e6a52301fe96ccf9b3486eee22e39e29402c2ef5047d462e4899'),(293,'abrisard6n@delicious.com','bbdeb0ff53a3db713640767e9a731617','Ariel','Brisard','2019-02-24',1,1,16,187,58,'Aliquam erat volutpat.',NULL,NULL,1,'2021-07-07 20:14:07','d53694209463d20e2bb311401db223048460cbb8ac5c961bdce1c0b7dc672426'),(294,'ashilladay6o@discovery.com','0b9e2922289f68c901e4e82e9fa52023','Adolph','Shilladay','2004-07-03',6,3,2,154,103,'In hac habitasse platea dictumst. Maecenas ut massa quis augue luctus tincidunt.',NULL,NULL,1,'2021-07-07 20:14:07','00b8457f62bcb5bd3474658325756a4bce910c6a5f02fb831d69d42500cce5f6'),(295,'rbowe6p@state.tx.us','d7f8b56af16ba1639b4e5db798adeb86','Rebecka','Bowe','2010-11-24',4,2,3,209,106,'Cum sociis natoque penatibus et magnis dis parturient montes, nascetur ridiculus mus. Vivamus vestibulum sagittis sapien. Cum sociis natoque penatibus et magnis dis parturient montes, nascetur ridiculus mus.',NULL,NULL,1,'2021-07-07 20:14:07','045c7aa7966c737fee482fbd1f06d891bfe98f0c96f26ada1bd6260a627bfdf8'),(296,'abadrock6q@bandcamp.com','9405f62e6f447f22068aac72f43d3332','Alexi','Badrock','2012-05-25',4,4,56,210,106,'Suspendisse potenti. Cras in purus eu magna vulputate luctus. Cum sociis natoque penatibus et magnis dis parturient montes, nascetur ridiculus mus.',NULL,NULL,1,'2021-07-07 20:14:07','7b8c7f34519bcef6cf81ccc4723f177cc521d1853156a5b4060b6f6b50be12be'),(297,'ccardon6r@prweb.com','654d52c51e4b905135ef2548ba930c64','Constantine','Cardon','2014-03-06',6,4,32,195,82,'In hac habitasse platea dictumst. Etiam faucibus cursus urna.',NULL,NULL,1,'2021-07-07 20:14:07','ca87d2b43087cc4ee111eda9896ce78155acd1b540f23fd9002391f855ce3d19'),(298,'kdeshon6s@fastcompany.com','d2df47496dc79c514c84e036d624e134','Karilynn','Deshon','2011-04-29',3,3,40,174,119,'Nam dui. Proin leo odio, porttitor id, consequat in, consequat ut, nulla.',NULL,NULL,1,'2021-07-07 20:14:08','f07b4891d369ee7325d851441594d397f17e45045184ee532a8d904242206586'),(299,'kquixley6t@washingtonpost.com','b45de2ab9364e9e63f5e316f66af5073','King','Quixley','2013-08-01',4,4,46,174,118,'Nunc nisl.',NULL,NULL,1,'2021-07-07 20:14:08','133583bdca4265f2aefc6b68d252366236f5bac2cb915aeb29ca33f007c1ee05'),(300,'ayellowlee6u@upenn.edu','4385358a1db247e51b30fcbd2e678cd9','Alfonso','Yellowlee','2018-05-15',4,3,30,203,65,'In est risus, auctor sed, tristique in, tempus sit amet, sem.',NULL,NULL,1,'2021-07-07 20:14:08','51e5e589a173bb92789a36a4ba51da27c5b6143efe840167aea9dd125e6bef44'),(301,'mquirke6v@disqus.com','098d04035c9aed346ca0d91c04fed73b','Mabelle','Quirke','2005-12-30',4,3,17,171,72,'In eleifend quam a odio. In hac habitasse platea dictumst. Maecenas ut massa quis augue luctus tincidunt.',NULL,NULL,1,'2021-07-07 20:14:08','b6a05f81cd39d60f910c6dcc382f25aca793b994e1cc3c36d3dd3cca40a28534'),(302,'lkirstein6w@google.fr','5c964acf07ddf695bb26c158cc582b60','Lani','Kirstein','2000-03-28',2,4,5,220,55,'Vivamus vel nulla eget eros elementum pellentesque. Quisque porta volutpat erat.',NULL,NULL,1,'2021-07-07 20:14:08','fe923d46e1afb289d3e359e93d9968f632feb15e02dbf405d4b7603f3447bdc6'),(303,'gbrayn6x@sfgate.com','a209b96f95f995b8b6c78f4ddc10360b','Georgianna','Brayn','2009-07-23',1,1,42,205,61,'Nam ultrices, libero non mattis pulvinar, nulla pede ullamcorper augue, a suscipit nulla elit ac nulla. Sed vel enim sit amet nunc viverra dapibus. Nulla suscipit ligula in lacus.',NULL,NULL,1,'2021-07-07 20:14:08','5596ff614fa9fed67550b114d5026ca9e846caed0678a6d718dfc0734fe57377'),(304,'ltebbutt6y@europa.eu','086bb275759e6d76409222bf939241ef','Lesya','Tebbutt','2001-12-28',2,2,6,158,109,'Vestibulum ac est lacinia nisi venenatis tristique.',NULL,NULL,1,'2021-07-07 20:14:08','699ee390b68520bef477aaf07fa4a1690eaef4fb3b30545dfed12d3983a7004b'),(305,'ppedycan6z@pen.io','1a7b3381ad7a8f14f54616dd958bbd02','Perrine','Pedycan','2000-02-14',6,3,60,166,117,'Lorem ipsum dolor sit amet, consectetuer adipiscing elit. Proin risus.',NULL,NULL,1,'2021-07-07 20:14:08','5421c1381f6332f3e1cfb291d06f61b8501e131cc955c23cc0b0b7fc374f4006'),(306,'katton70@google.co.uk','7e33778179f28eca23321145aff82f4b','Kayne','Atton','2008-07-17',4,4,9,189,56,'Duis consequat dui nec nisi volutpat eleifend. Donec ut dolor. Morbi vel lectus in quam fringilla rhoncus.',NULL,NULL,1,'2021-07-07 20:14:08','886b0aecdab7e64354cdd705a21fe94ba947bb7b3192be0b2202d90579760db1'),(307,'tsowten71@biblegateway.com','e7712092bb6623f2df5fbacfebd8f628','Tyson','Sowten','2007-07-24',5,1,53,192,75,'Maecenas tincidunt lacus at velit.',NULL,NULL,1,'2021-07-07 20:14:09','90af55b8c44409b505b30540d38faa98e2aae57044d455119f6c59be413b5f86'),(308,'kyerlett72@sina.com.cn','7e804afb25c1ebee5f695d12dd659ab4','Karlen','Yerlett','2017-07-31',4,4,3,164,63,'Integer aliquet, massa id lobortis convallis, tortor risus dapibus augue, vel accumsan tellus nisi eu orci.',NULL,NULL,1,'2021-07-07 20:14:09','b2b3c08ed89ad88e57f91692dca31c48f06058300e358080ba4994c8461fd892'),(309,'dnarducci73@ning.com','3cb124d69af43645ba1c0db681c40002','Deena','Narducci','2018-04-08',5,1,42,181,85,'In tempor, turpis nec euismod scelerisque, quam turpis adipiscing lorem, vitae mattis nibh ligula nec sem. Duis aliquam convallis nunc.',NULL,NULL,1,'2021-07-07 20:14:09','9ec51b3a4c0ecfeff804744ef3a337cccd794a7101a83c87571bd5e1372f97d8'),(310,'lruoss74@storify.com','ecc165a784ea7b884be78cef1574446b','Leisha','Ruoss','2005-06-30',5,1,27,208,69,'Curabitur convallis.',NULL,NULL,1,'2021-07-07 20:14:09','a9de017b124c9f6769d96cf78b62d4043b25347a51fa0103ac3daae401aa3ac0'),(311,'bwitul75@php.net','371740c312bd4c46e1c41b22bca90b0a','Barth','Witul','2008-03-20',6,1,44,161,67,'Nam nulla.',NULL,NULL,1,'2021-07-07 20:14:09','0908f79501f68008aa0dba432e3ec9f84e2b4e7722559feb3156cdcc34006b58'),(312,'spettican76@spiegel.de','546ac98f192863403c992b4812431556','Shelley','Pettican','2001-04-18',1,3,55,207,114,'Morbi a ipsum.',NULL,NULL,1,'2021-07-07 20:14:09','74311b116d0d469463bf01b4069408858121b3e1500ef0367c138cbee0a756ce'),(313,'bdunbobin77@zimbio.com','ad8ac07b534936ac490c5d2e2c849dbe','Beatrix','Dunbobin','2019-06-11',3,4,59,200,91,'Phasellus sit amet erat. Nulla tempus. Vivamus in felis eu sapien cursus vestibulum.',NULL,NULL,1,'2021-07-07 20:14:09','38b85cabf73588703f4c083007a7c3351678f95c8074f3d4327a00e3f63b7a9f'),(314,'dpagram78@nbcnews.com','d1f5760f6105a4d39373d08908e93ac2','Delmor','Pagram','2004-06-19',1,3,18,191,115,'Donec ut dolor. Morbi vel lectus in quam fringilla rhoncus. Mauris enim leo, rhoncus sed, vestibulum sit amet, cursus id, turpis.',NULL,NULL,1,'2021-07-07 20:14:09','b318230b8b3d2169946fe9f9a312fd91de3ac91865d16eaf21fe8cf751dbf2c1'),(315,'spyne79@cbslocal.com','687a8ee3f8fc5b105c68c5f286b28edb','Shirl','Pyne','2019-12-04',1,2,39,203,120,'In tempor, turpis nec euismod scelerisque, quam turpis adipiscing lorem, vitae mattis nibh ligula nec sem. Duis aliquam convallis nunc. Proin at turpis a pede posuere nonummy.',NULL,NULL,1,'2021-07-07 20:14:09','e92abf3154cd5d7c59c4624351f1f001ba894b0f693fa31f7d1a5dcd700054f1'),(316,'ehonacker7a@time.com','79cf2aa2318232fb2c4d617f38357f1f','Elsworth','Honacker','2008-05-14',3,3,10,201,69,'Donec vitae nisi. Nam ultrices, libero non mattis pulvinar, nulla pede ullamcorper augue, a suscipit nulla elit ac nulla. Sed vel enim sit amet nunc viverra dapibus.',NULL,NULL,1,'2021-07-07 20:14:10','7e1dedfe2ace273a3e4d40aa45201058d9cf7bd0e37c114ae0e5dc933e517ef1'),(317,'shirtzmann7b@t-online.de','ec2efc2d1f2fc979e9baf144053dbb8c','Simona','Hirtzmann','2000-03-11',3,1,51,174,114,'Integer non velit. Donec diam neque, vestibulum eget, vulputate ut, ultrices vel, augue. Vestibulum ante ipsum primis in faucibus orci luctus et ultrices posuere cubilia Curae; Donec pharetra, magna vestibulum aliquet ultrices, erat tortor sollicitudin mi, sit amet lobortis sapien sapien non mi.',NULL,NULL,1,'2021-07-07 20:14:10','2950734b80b37af2ae16011e2efcda5faf866e572801847521bf78c448c5563d'),(318,'knevins7c@vinaora.com','dc0953eac5d7e85617866cb628283906','Karleen','Nevins','2013-05-06',2,1,8,173,85,'Nullam sit amet turpis elementum ligula vehicula consequat.',NULL,NULL,1,'2021-07-07 20:14:10','84748b3ed6560732de2c5b9eee051251b8e8cfb33ebf73b530ea724cade97851'),(319,'ktibalt7d@cocolog-nifty.com','b7a87ac7843a5583719121c3f9c16878','Kandy','Tibalt','2009-01-02',6,1,8,208,101,'Nam dui.',NULL,NULL,1,'2021-07-07 20:14:10','f8545911f34f666babd9be61e0e30666fbce1806dbe535fcbca574716440a4e7'),(320,'cbehnecken7e@fotki.com','4db431c8255cd660182d279d56b2e2cd','Cosetta','Behnecken','2020-05-20',5,4,43,209,97,'Vestibulum ante ipsum primis in faucibus orci luctus et ultrices posuere cubilia Curae; Donec pharetra, magna vestibulum aliquet ultrices, erat tortor sollicitudin mi, sit amet lobortis sapien sapien non mi. Integer ac neque.',NULL,NULL,1,'2021-07-07 20:14:10','60f51564917cbe25f4cef6c893f421966c5e049fb80afdb4738bdd858cf6c968'),(321,'reckersall7f@craigslist.org','a275c740b7748906e63f52ac8f35fc18','Rozella','Eckersall','2010-08-01',4,4,38,176,62,'Vestibulum rutrum rutrum neque.',NULL,NULL,1,'2021-07-07 20:14:10','960c0ec99597f06e956e2f77c7c7f45e035bda66b1a6181e558463f9a00209be'),(322,'mmildmott7g@columbia.edu','4338c6ed0b7cd39db22a30532767ee73','Meyer','Mildmott','2018-05-11',2,4,5,180,103,'Cras in purus eu magna vulputate luctus. Cum sociis natoque penatibus et magnis dis parturient montes, nascetur ridiculus mus. Vivamus vestibulum sagittis sapien.',NULL,NULL,1,'2021-07-07 20:14:10','b4bdbd0d44859a1dff3b54be7e3385cd9d5c1540a7e20bee83a01f3ebc84a9c5'),(323,'dgosneye7h@washingtonpost.com','5b57f4a673a4df27197fb740e61b6ed2','Dannel','Gosneye','2005-09-22',2,4,32,210,55,'Donec posuere metus vitae ipsum. Aliquam non mauris. Morbi non lectus.',NULL,NULL,1,'2021-07-07 20:14:10','caff037a62b2d98f1b8cf599e0d7e6e9f2322d60f768a7e69da8fd5464f566c2'),(324,'cbleazard7i@shutterfly.com','019455f2a041e704eefd4e816e28b376','Cara','Bleazard','2015-07-04',4,2,32,188,62,'In est risus, auctor sed, tristique in, tempus sit amet, sem. Fusce consequat.',NULL,NULL,1,'2021-07-07 20:14:10','a0ff5ce9c76314cbea60b9b0213155189c47679afe9137d8e5b8f0aaa59da372'),(325,'mestabrook7j@theatlantic.com','21c0c2b5113c271f24979a979be6f7e5','Mirabelle','Estabrook','2001-11-04',2,1,17,156,118,'In hac habitasse platea dictumst. Etiam faucibus cursus urna.',NULL,NULL,1,'2021-07-07 20:14:11','0887718cb79d7ec75e7b9b80af728139d02c014b6b0fda5f3e050f98fd2025e6'),(326,'jhampstead7k@theglobeandmail.com','596add6658966fcd79096066ad49c7c0','Juli','Hampstead','2009-02-26',1,2,63,208,118,'Integer aliquet, massa id lobortis convallis, tortor risus dapibus augue, vel accumsan tellus nisi eu orci. Mauris lacinia sapien quis libero. Nullam sit amet turpis elementum ligula vehicula consequat.',NULL,NULL,1,'2021-07-07 20:14:11','cc9e9b825879dd19e806ea1487f6203d81e1c536dc22faa1cc0b0e43278f5df9'),(327,'askeermor7l@wordpress.com','3f994a61d86898888fc9996878ba7f35','Aloysius','Skeermor','2017-12-06',1,3,51,161,95,'Nullam varius. Nulla facilisi.',NULL,NULL,1,'2021-07-07 20:14:11','22dc2d0f7433209caa27ac89b128aa422d430e43e6ab194b775399b7cf18f17c'),(328,'gpottes7m@ow.ly','cda38c3b0740a5e345693b7a5d40050a','Gilda','Pottes','2005-02-25',2,3,22,194,90,'Maecenas tincidunt lacus at velit. Vivamus vel nulla eget eros elementum pellentesque.',NULL,NULL,1,'2021-07-07 20:14:11','275267c167b8a93aab30aa4be495501ab1dc6dda0d03fa3494835f10eff8ae29'),(329,'hilchenko7n@booking.com','63bc37817395026d2d90e5e3fb10a874','Helene','Ilchenko','2019-03-23',3,1,38,215,90,'Cum sociis natoque penatibus et magnis dis parturient montes, nascetur ridiculus mus. Etiam vel augue. Vestibulum rutrum rutrum neque.',NULL,NULL,1,'2021-07-07 20:14:11','ceae16514abd8ee489599a72f0465a50d713b70bc4b2d439b3400d08e2357170'),(330,'cegarr7o@hexun.com','568ffd9463447fa4519450c8b4db838c','Cletus','Egarr','2015-11-20',5,3,40,192,72,'Donec diam neque, vestibulum eget, vulputate ut, ultrices vel, augue. Vestibulum ante ipsum primis in faucibus orci luctus et ultrices posuere cubilia Curae; Donec pharetra, magna vestibulum aliquet ultrices, erat tortor sollicitudin mi, sit amet lobortis sapien sapien non mi. Integer ac neque.',NULL,NULL,1,'2021-07-07 20:14:11','b9d4472b7567c7123aba0624bfd2223d49c3eaad3ae46190ba73017045b182da'),(331,'trabbatts7p@a8.net','ec75f74968125af7011dd0c6aa2850a7','Tatiania','Rabbatts','2020-05-25',5,3,24,201,54,'Aenean auctor gravida sem. Praesent id massa id nisl venenatis lacinia.',NULL,NULL,1,'2021-07-07 20:14:11','6aad5a2aade657d701a26bb8770d0cc1b2c9784ae73dad127c7ff097ffe47759'),(332,'nwinkle7q@bandcamp.com','e8ec5d5049233ee83f7c4805ee813b06','Netti','Winkle','2001-10-03',5,2,15,153,120,'Nullam varius. Nulla facilisi.',NULL,NULL,1,'2021-07-07 20:14:12','eaf2d86f8ac85f9561e1bc158696b774eeed3ac41a235f4a3c0ac0ee39c7772b'),(333,'abriers7r@chron.com','b74cd8b12e44d2fa332129010df03540','Austine','Briers','2020-10-15',3,1,10,161,69,'In hac habitasse platea dictumst. Etiam faucibus cursus urna.',NULL,NULL,1,'2021-07-07 20:14:12','bace7bc46eeef44af7c7403fbff2ddd6c7370bae503a83f66d2d4c98bcac4e90'),(334,'rwillishire7s@sfgate.com','b1699dcaa9f90853dc9d7db37f2b8a20','Rennie','Willishire','2019-11-30',2,4,29,197,74,'In hac habitasse platea dictumst.',NULL,NULL,1,'2021-07-07 20:14:12','499d673944fcbad1429c4de6c46f3ec4e4a5b3bb9dd9a2b6a1bc74b0405d7b12'),(335,'isegeswoeth7t@ifeng.com','c2651a858c4dc64bee186469c63a2452','Inglis','Segeswoeth','2004-09-28',5,1,36,162,79,'Sed sagittis. Nam congue, risus semper porta volutpat, quam pede lobortis ligula, sit amet eleifend pede libero quis orci.',NULL,NULL,1,'2021-07-07 20:14:12','2644aea56050adde39ee992625384aabf6f2be9178f843dcee44bbf9df61e9ec'),(336,'bhawksby7u@cisco.com','9ec4b7669c536b22bd15dd426c5cfab3','Brander','Hawksby','2020-06-06',4,3,22,198,67,'Nulla neque libero, convallis eget, eleifend luctus, ultricies eu, nibh. Quisque id justo sit amet sapien dignissim vestibulum.',NULL,NULL,1,'2021-07-07 20:14:12','258107b54a022df5e873aee5ab9a42c252be7ea1983d7368480bb5e1cfdb1875'),(337,'apimmocke7v@lulu.com','720be83b8eea9e9b1a86357f03fbc442','Adolpho','Pimmocke','2001-02-16',4,4,11,170,74,'Duis mattis egestas metus. Aenean fermentum.',NULL,NULL,1,'2021-07-07 20:14:12','5ade72f4bcd3543f5f9658f499a1791bdb7fccab878199593dde8166dd862774'),(338,'bcraister7w@typepad.com','9c2c02037be72df773ef4304cc05a2b5','Bridie','Craister','2008-03-30',5,2,14,216,106,'Suspendisse potenti. Nullam porttitor lacus at turpis.',NULL,NULL,1,'2021-07-07 20:14:12','1300988587784137c3ea18124dc66c74d76e26ae10e3bec6c3450b648464dc5f'),(339,'gdefreyne7x@oakley.com','54f4c017e90380e25a55fc89fa81f791','Gherardo','De Freyne','2012-11-23',3,3,47,184,51,'In blandit ultrices enim.',NULL,NULL,1,'2021-07-07 20:14:12','c541a92c43f7890cd571d20ca54417f56f7f7b06fb291ccad635cbd4fd77e64c'),(340,'lrenhard7y@salon.com','836d0ef7311ce35758bc0d5a5bb1b200','Lauralee','Renhard','2006-05-01',3,4,62,182,99,'Proin leo odio, porttitor id, consequat in, consequat ut, nulla. Sed accumsan felis.',NULL,NULL,1,'2021-07-07 20:14:12','ead1a6c415d11d8fb2ff54e028106ee266558c95a4343113932e64be10cff342'),(341,'khuskinson7z@shutterfly.com','39159b1c09fae7a1c7664b5e167817e6','Kristoforo','Huskinson','2019-05-03',4,2,10,213,93,'Nunc nisl. Duis bibendum, felis sed interdum venenatis, turpis enim blandit mi, in porttitor pede justo eu massa. Donec dapibus.',NULL,NULL,1,'2021-07-07 20:14:12','d88e4cce919447f5e5e9e0dacf7d7ce688620baef3252f77a4d47799402fbdfe'),(342,'pmcmurrugh80@jalbum.net','63416ca03e72eb76073600908aec9766','Philip','McMurrugh','2008-01-14',5,3,41,208,85,'Fusce congue, diam id ornare imperdiet, sapien urna pretium nisl, ut volutpat sapien arcu sed augue. Aliquam erat volutpat.',NULL,NULL,1,'2021-07-07 20:14:13','59a8bd3a410324d6366be2286fba15c19c47b944e9d5200d0b0560b0b856c80c'),(343,'litscovitz81@list-manage.com','72a5f7538b30f998970bd0a16985dd0c','Lilyan','Itscovitz','2019-01-11',6,4,61,174,113,'Suspendisse potenti.',NULL,NULL,1,'2021-07-07 20:14:13','fc16bcb14db4dee8640ad4a660a629f862bb7cf311a0cf7fe80b6ef333801728'),(344,'twardrop82@samsung.com','d7ad892a4494496b074c8f67c1b52a93','Terrijo','Wardrop','2010-09-29',2,1,13,182,116,'Nam congue, risus semper porta volutpat, quam pede lobortis ligula, sit amet eleifend pede libero quis orci. Nullam molestie nibh in lectus.',NULL,NULL,1,'2021-07-07 20:14:13','688f071fe1e1a2d620dcae7b153e3af351fe4a23ee82cc7f956ed44e6decd34d'),(345,'edell83@nifty.com','8582fb1a6ba119bfd38de9d100c75da6','Evered','Dell','2006-03-20',6,2,30,166,89,'Nulla ut erat id mauris vulputate elementum. Nullam varius. Nulla facilisi.',NULL,NULL,1,'2021-07-07 20:14:13','8af482e82ffdc32c0f01d33746842d65a35dac34b7e1b6284a60e535b19d087d'),(346,'fbrightie84@reverbnation.com','3e5f4669df0126653f441dba2acc4f65','Fifi','Brightie','2007-11-25',4,4,27,173,68,'Donec ut mauris eget massa tempor convallis. Nulla neque libero, convallis eget, eleifend luctus, ultricies eu, nibh. Quisque id justo sit amet sapien dignissim vestibulum.',NULL,NULL,1,'2021-07-07 20:14:13','1cad13ad716b2643de03812acef51c32c8087a7a7baff646af36212a5c400c36'),(347,'bcrosland85@yahoo.com','abb85af7856618417076fca2ba6189a1','Brena','Crosland','2007-03-16',6,4,46,207,59,'Cras non velit nec nisi vulputate nonummy. Maecenas tincidunt lacus at velit. Vivamus vel nulla eget eros elementum pellentesque.',NULL,NULL,1,'2021-07-07 20:14:13','2e2d904c88385dd6db8ffff9451563bb403be295a65a2542540cdafe223b6661'),(348,'rtimlett86@ustream.tv','0356766c2687e00df2a6a2f988135d61','Rossy','Timlett','2006-01-26',1,1,7,161,112,'Vestibulum ante ipsum primis in faucibus orci luctus et ultrices posuere cubilia Curae; Donec pharetra, magna vestibulum aliquet ultrices, erat tortor sollicitudin mi, sit amet lobortis sapien sapien non mi. Integer ac neque.',NULL,NULL,1,'2021-07-07 20:14:13','4e5d01b94eb4e5f3f091e59fb96ae3f87935d61b0ac2dd43ad416ced14407224'),(349,'tlibermore87@ucla.edu','d1dc5d688c3ad7c3002632d6f9a788ea','Tasha','Libermore','2005-08-16',3,1,47,162,51,'Vestibulum ante ipsum primis in faucibus orci luctus et ultrices posuere cubilia Curae; Donec pharetra, magna vestibulum aliquet ultrices, erat tortor sollicitudin mi, sit amet lobortis sapien sapien non mi.',NULL,NULL,1,'2021-07-07 20:14:13','a61c743f59d8fe66d369e4351937d607971e3f475663d172ac78ea62c6fd02a9'),(350,'hbraisher88@seesaa.net','ea4ba0ebe6612a9477f31d8c5ca508bd','Huey','Braisher','1999-12-12',1,1,3,209,62,'Vestibulum rutrum rutrum neque.',NULL,NULL,1,'2021-07-07 20:14:13','829f5a271e0b5e67bd722887a90c400025eac24ef3392aa318dd835406437b82'),(351,'kstorks89@lycos.com','3b19264a51fa62d0f772fb949f6f236c','Kristo','Storks','2018-08-18',1,1,35,154,91,'Cras pellentesque volutpat dui. Maecenas tristique, est et tempus semper, est quam pharetra magna, ac consequat metus sapien ut nunc.',NULL,NULL,1,'2021-07-07 20:14:13','bdcec3b3c5f607a68250355effa3124729112d96803f53cbc8eb8674033bdbe6'),(352,'joverbury8a@stumbleupon.com','d53d907d6f9a7ef150b9697317941eb8','Jennifer','Overbury','2004-05-23',5,3,18,163,52,'Pellentesque viverra pede ac diam. Cras pellentesque volutpat dui.',NULL,NULL,1,'2021-07-07 20:14:14','7d1edc9486c148fe193887974612343f1d4fec20a87ae5ff798a1dd3970a3e60'),(353,'myesinin8b@nytimes.com','3e67658190e0a8bea1fced26170c3ee9','Morry','Yesinin','2002-08-21',2,2,1,173,75,'Aenean lectus. Pellentesque eget nunc. Donec quis orci eget orci vehicula condimentum.',NULL,NULL,1,'2021-07-07 20:14:14','58b871dae920ba968ea6f85a1faa3f800cc214aea52b5d6471e9495b76b16541'),(354,'brought8c@desdev.cn','e1d6b34ad3abeaf7c6d2528f0ec850cd','Brooke','Rought','2001-12-25',5,3,30,191,57,'Proin interdum mauris non ligula pellentesque ultrices. Phasellus id sapien in sapien iaculis congue. Vivamus metus arcu, adipiscing molestie, hendrerit at, vulputate vitae, nisl.',NULL,NULL,1,'2021-07-07 20:14:14','102bb42b19414c53df9d1042d9486fd66a6c91c34528c714b329f376c67b4306'),(355,'tsambeck8d@who.int','14b87b96284a24c46ead051a5b3952cf','Tanney','Sambeck','2015-02-12',1,4,18,159,101,'Donec vitae nisi.',NULL,NULL,1,'2021-07-07 20:14:14','4700566c7299e50cd06727967f71f4b64b0a1f34ce5a0bbad329e3ddfccf56ab'),(356,'hbowdery8e@unc.edu','c754adbfae64fe6e5d5f36eaa6e048f4','Husein','Bowdery','2013-07-18',3,4,63,216,98,'Donec odio justo, sollicitudin ut, suscipit a, feugiat et, eros. Vestibulum ac est lacinia nisi venenatis tristique.',NULL,NULL,1,'2021-07-07 20:14:14','abbc379233c674aa92e4dfb1dce083eed82bf1704627f2c22ddd57023091e4bf'),(357,'cwrigley8f@icio.us','900d372ab95fc5e6b357868228610f14','Con','Wrigley','2009-05-12',5,1,9,204,100,'Nullam porttitor lacus at turpis.',NULL,NULL,1,'2021-07-07 20:14:14','9a7c836fd0eec480fceeaafd34f083221fbe7154690236559a8e1217f9d6c82b'),(358,'pludlow8g@whitehouse.gov','5b5c9196c7ce567e7eaae5b8c4b69ac3','Paulie','Ludlow','2000-05-24',4,3,29,158,100,'Mauris lacinia sapien quis libero. Nullam sit amet turpis elementum ligula vehicula consequat. Morbi a ipsum.',NULL,NULL,1,'2021-07-07 20:14:14','7185257cc321a4d593589f8d3a32f2132dde580e246f8d2706a63db764a233b7'),(359,'chehnke8h@techcrunch.com','37221a770ed6ec11ed611f5b8ac22a3b','Chip','Hehnke','2016-09-26',1,2,5,164,81,'Curabitur convallis. Duis consequat dui nec nisi volutpat eleifend. Donec ut dolor.',NULL,NULL,1,'2021-07-07 20:14:14','e1efeb182be21bdec7de17cd9a703834677f1eb6180dbcc34338cd51096f8d25'),(360,'mbloodworth8i@livejournal.com','4fd126ca5c07cc4dd4b26a8cf61f9f78','Marjorie','Bloodworth','2001-03-04',5,3,51,160,68,'Maecenas pulvinar lobortis est. Phasellus sit amet erat.',NULL,NULL,1,'2021-07-07 20:14:15','6a4bb536f707a7ba425c7d9a860dd18f3076bb1dd5752721e14c6229cfc43722'),(361,'rpackman8j@bbc.co.uk','720d86e6dd6a8027f4f6cef7e2576724','Roxane','Packman','2002-03-28',5,3,31,158,95,'Nulla tellus. In sagittis dui vel nisl.',NULL,NULL,1,'2021-07-07 20:14:15','683051dd92086236d5f629f5de5db4bc62ab9e3738bfb8ec7884aebed728e438'),(362,'rbalma8k@dagondesign.com','77f7026162ed7f8c2ab838c5f9c9afcf','Raviv','Balma','2013-04-21',4,4,44,195,75,'Praesent blandit.',NULL,NULL,1,'2021-07-07 20:14:15','dbc7cd0d8805e51969dfdb6bf03956307493a0c1501f4c9c4061646fb68a37b0'),(363,'rmacnockater8l@google.com.au','d31840f98b6eefc1bcf3e87d8249d111','Reinaldos','MacNockater','2008-07-11',4,1,55,161,70,'Nulla suscipit ligula in lacus. Curabitur at ipsum ac tellus semper interdum. Mauris ullamcorper purus sit amet nulla.',NULL,NULL,1,'2021-07-07 20:14:15','5b0cb2c42053e60afed0055ca7b51b5f0f90cd4ee5251a71acca4fea74cea9c9'),(364,'apoundford8m@youtube.com','55323b7f26f1910c0aca4d3712aa8d2b','Annabela','Poundford','2015-01-20',5,1,25,192,100,'Morbi non quam nec dui luctus rutrum. Nulla tellus. In sagittis dui vel nisl.',NULL,NULL,1,'2021-07-07 20:14:15','df1b652d824cbb5add9d8166d37f33f1577be115670d0ec9c941dea56b668cad'),(365,'cmoye8n@posterous.com','9322c33f2f315730e7224ee852e87b4f','Carolann','Moye','2010-06-14',4,2,49,189,83,'Integer aliquet, massa id lobortis convallis, tortor risus dapibus augue, vel accumsan tellus nisi eu orci. Mauris lacinia sapien quis libero. Nullam sit amet turpis elementum ligula vehicula consequat.',NULL,NULL,1,'2021-07-07 20:14:15','129e9952fd223b7dfa0deb7083f8e83653a345f62f819b7c1e528442a3539a1d'),(366,'vsheen8o@oracle.com','37b46a7d1e8af7581fd60b5b2321a07e','Vivyanne','Sheen','2006-04-01',1,3,28,171,81,'Mauris ullamcorper purus sit amet nulla.',NULL,NULL,1,'2021-07-07 20:14:15','5002328c16f87d20bf28ff616aa1b1bf2949b53a0d3aaf127d2e3f55c25c85e3'),(367,'lgieves8p@purevolume.com','bad18207bd39b8861db36eb576ce0290','Lyndsie','Gieves','2005-02-01',5,3,50,216,75,'In blandit ultrices enim. Lorem ipsum dolor sit amet, consectetuer adipiscing elit. Proin interdum mauris non ligula pellentesque ultrices.',NULL,NULL,1,'2021-07-07 20:14:15','d9d01db176ddb7fd329a05d8954ec90de32cf3d121dafeb918c9ccbbb3c4f4e3'),(368,'rnewstead8q@berkeley.edu','c26c022db676d57408fef67f07102cb0','Ranique','Newstead','2004-08-29',1,1,15,209,96,'Mauris sit amet eros. Suspendisse accumsan tortor quis turpis. Sed ante.',NULL,NULL,1,'2021-07-07 20:14:15','0ba9c055042744260e060cea62df4b348a1cde3fa2880233872623ed4334fbbe'),(369,'adavern8r@vk.com','2c9b6d42eb91ea5af37549892ca4428a','Ailene','Davern','2000-09-04',5,1,56,152,99,'Morbi porttitor lorem id ligula.',NULL,NULL,1,'2021-07-07 20:14:15','9d3d706a51d370afd1ee467947495d586d5a3523806664b75249fe763839505c'),(370,'vrikkard8s@gmpg.org','6f7c9e94552ea51c7d42291c233d2a5c','Vannie','Rikkard','2007-03-29',5,4,38,186,50,'Vivamus in felis eu sapien cursus vestibulum.',NULL,NULL,1,'2021-07-07 20:14:16','a983a2f9dfdf62cab5847d1e020b3c27e84f3bf5565b2bd286c2c367bc35ba84'),(371,'pdupre8t@macromedia.com','b679f35a3ecabb8eb0994319abff2763','Prudence','Du Pre','2000-11-25',3,3,10,186,68,'Suspendisse potenti. In eleifend quam a odio. In hac habitasse platea dictumst.',NULL,NULL,1,'2021-07-07 20:14:16','c1f2bfef8e051bb53592f81dac0449f2ed1da80892fe6a0b5466b490b446c0b5'),(372,'kmuttitt8u@comsenz.com','0d9ab6b1a17d07cf4d87a19cac1bc304','Kikelia','Muttitt','2006-03-04',6,3,47,187,86,'Nam dui.',NULL,NULL,1,'2021-07-07 20:14:16','5654f95e493e78693f8d12627f5b35e2fcdb3779d8e747280ed626a9b088a92b'),(373,'kaggus8v@opensource.org','f1655fbf665133a7d734b1c09f924384','Kelley','Aggus','2002-08-16',2,2,10,152,86,'Pellentesque ultrices mattis odio. Donec vitae nisi.',NULL,NULL,1,'2021-07-07 20:14:16','63c9c803c89dbf706176771297d0d6b6c9e200fa43c60d88ed75b8805a91a539'),(374,'cezzell8w@umich.edu','b09e06ad7bee9ecf324b2e32758e91a8','Charmine','Ezzell','2000-02-23',3,2,24,192,76,'Proin at turpis a pede posuere nonummy. Integer non velit.',NULL,NULL,1,'2021-07-07 20:14:16','5968c33817082fd71d7d71531bfa219cf1c909e153df5a7e957599e9b20c997f'),(375,'ndurrad8x@com.com','3107085ee866ed3a221268d518a4e433','Nettle','Durrad','2013-04-14',1,2,4,154,84,'Duis mattis egestas metus. Aenean fermentum. Donec ut mauris eget massa tempor convallis.',NULL,NULL,1,'2021-07-07 20:14:16','17578d068fff6ece6aec388f598b46996118146687d3b160c85e3f4df9f97467'),(376,'lberesford8y@answers.com','2ccc80277dd7304c5c692b7d6ff0100c','Luise','Beresford','2007-05-05',5,1,59,209,117,'In hac habitasse platea dictumst.',NULL,NULL,1,'2021-07-07 20:14:16','039dae12b1cb14e2912a3959d07602a8f2fbef85ca9f983688cb17cf1234f739'),(377,'tlulham8z@nydailynews.com','b1f1fb9ddca4097b88b77c4ad7a2ed78','Tessi','Lulham','2018-02-26',3,3,60,156,106,'Etiam vel augue. Vestibulum rutrum rutrum neque.',NULL,NULL,1,'2021-07-07 20:14:16','146fce458c372acc53bac94f15de7ca8e1cff66d1ffa54975f033f6e47ce453f'),(378,'idusting90@wikia.com','2a52f4cf14e9dcdc741821faffbf92c6','Ilysa','Dusting','2020-10-11',6,3,3,194,90,'Sed sagittis. Nam congue, risus semper porta volutpat, quam pede lobortis ligula, sit amet eleifend pede libero quis orci. Nullam molestie nibh in lectus.',NULL,NULL,1,'2021-07-07 20:14:16','2e07d8ef002a3234cb085be7e944e138f93bd649c978000f9164ba3b0f9c5c00'),(379,'uheathcoat91@cisco.com','026bc0c4ec5678acc5933f62a1a88fc4','Urson','Heathcoat','2010-03-30',3,3,23,190,98,'Nullam orci pede, venenatis non, sodales sed, tincidunt eu, felis. Fusce posuere felis sed lacus. Morbi sem mauris, laoreet ut, rhoncus aliquet, pulvinar sed, nisl.',NULL,NULL,1,'2021-07-07 20:14:16','e91af04c5cf86ede5824fc89bd07b43676286b915db8e0704de8d5f91ae5ba5e'),(380,'rhaslehurst92@imgur.com','f8e412bff3b40d55657ff2a909d12474','Rowney','Haslehurst','2006-05-10',4,4,30,211,117,'Etiam pretium iaculis justo.',NULL,NULL,1,'2021-07-07 20:14:17','28dcf7625dbaf601885510a4728fb94cee0a0a57d84fabbcf2f494fdf7d5b400'),(381,'atape93@mit.edu','c5f093064d9078e05d3ae1a1aba42c79','Almira','Tape','2002-10-05',4,1,43,156,86,'Pellentesque eget nunc. Donec quis orci eget orci vehicula condimentum. Curabitur in libero ut massa volutpat convallis.',NULL,NULL,1,'2021-07-07 20:14:17','5689a4fa4a6e264ed8eac55aaa8cc659bd071a09ccae540797e5a9fa51f608a0'),(382,'rhuggen94@deliciousdays.com','295f72fa100d224b9ded15c617f9d7c9','Rossie','Huggen','2014-06-14',2,2,10,206,51,'Fusce posuere felis sed lacus. Morbi sem mauris, laoreet ut, rhoncus aliquet, pulvinar sed, nisl.',NULL,NULL,1,'2021-07-07 20:14:17','2a4e65f6eb8c4c78d1a81cfabd499bd14eb970a1ccf14f8932cdb1ed166cdcf3'),(383,'macton95@parallels.com','4980ed56e95995e15be614ef17a4a3f7','Marylynne','Acton','2007-01-25',2,1,8,155,86,'Quisque ut erat. Curabitur gravida nisi at nibh.',NULL,NULL,1,'2021-07-07 20:14:17','eae48441fd08affc57b1e88b1c03e8a6f659236ef75db6f01b1769509a637a12'),(384,'mantoniat96@phoca.cz','020a02abc45166c8aeb18a2e9479daa3','Maegan','Antoniat','2012-05-29',6,4,27,187,74,'Curabitur at ipsum ac tellus semper interdum. Mauris ullamcorper purus sit amet nulla. Quisque arcu libero, rutrum ac, lobortis vel, dapibus at, diam.',NULL,NULL,1,'2021-07-07 20:14:17','1ac74867bce041151117fc425699e2615841f2bdb385a84fa0f31ca25a092d3f'),(385,'gstachini97@t-online.de','9c42e149265e9007d43fd1ea6bd08125','Gerry','Stachini','2005-08-25',2,3,19,212,78,'Suspendisse ornare consequat lectus. In est risus, auctor sed, tristique in, tempus sit amet, sem. Fusce consequat.',NULL,NULL,1,'2021-07-07 20:14:17','dc817b8de5dbf34c76e401bd20e009df676c365e7b138e6991cf17258c0c56c8'),(386,'song98@github.io','cd14e695e3c045a561b6e52ed41bb72f','Sigismond','Ong','1999-10-26',6,4,29,179,71,'Duis bibendum. Morbi non quam nec dui luctus rutrum. Nulla tellus.',NULL,NULL,1,'2021-07-07 20:14:17','e0f85021f5dbe831bfdec9130c562ef507cc69b98e802cc398143f69ce349f17'),(387,'isalmons99@gmpg.org','5b0dbc7cad0183ea647ee1d5f441b004','Ileane','Salmons','2021-04-23',1,3,57,174,103,'Morbi ut odio.',NULL,NULL,1,'2021-07-07 20:14:17','e4401a95112c4aab83c6a4f1560a6d1ae03f65faa258bdc2d5184c3ff8dd9d48'),(388,'obutterley9a@vinaora.com','cc9a9227d268bd64d0e7f35bcac0d118','Odie','Butterley','2004-04-22',4,3,44,198,102,'Curabitur convallis. Duis consequat dui nec nisi volutpat eleifend.',NULL,NULL,1,'2021-07-07 20:14:17','d4e0b14add95c022a3b5fde45d4bd1a10565512b66d5d3be47fd1228cbfc8bc7'),(389,'kgowry9b@mediafire.com','f627adb1a4d890486b48e9c06a1b4a9c','Krystal','Gowry','1999-12-21',5,4,26,190,118,'Fusce consequat. Nulla nisl. Nunc nisl.',NULL,NULL,1,'2021-07-07 20:14:17','f05d5a0af86370dfeb6124f5cdf9463158d28b9ae2ef17feeddaf4c36e8271e6'),(390,'wmesser9c@github.com','3905956eb1aa92f92d78391a57d40793','Wynn','Messer','2013-07-26',4,3,38,185,97,'Aenean fermentum. Donec ut mauris eget massa tempor convallis.',NULL,NULL,1,'2021-07-07 20:14:18','1906842c955176d9df0c92dd92376704f801c0d4de04594d2346808152aac89a'),(391,'tscarman9d@berkeley.edu','8efe423b6499eb51d59ce1c4e8a1be87','Theo','Scarman','2000-03-16',5,3,18,161,92,'Vivamus vestibulum sagittis sapien. Cum sociis natoque penatibus et magnis dis parturient montes, nascetur ridiculus mus.',NULL,NULL,1,'2021-07-07 20:14:18','eb379c228958cc1a3a1812b85be726252892ade6f697855369d5a943b20cd683'),(392,'rpilling9e@weather.com','b32943871d5282bfa37f85e8dfb1bb61','Ralina','Pilling','2002-12-28',3,1,21,182,61,'Morbi sem mauris, laoreet ut, rhoncus aliquet, pulvinar sed, nisl. Nunc rhoncus dui vel sem.',NULL,NULL,1,'2021-07-07 20:14:18','0452c93e4525012cbae4c77652a0b9e53f3a419e877d0db35df28ebf5f68e9ae'),(393,'vhugo9f@histats.com','d096203719e76ead5e7d7d78f6fc77a9','Veradis','Hugo','2002-04-04',4,1,59,220,92,'Suspendisse potenti. In eleifend quam a odio.',NULL,NULL,1,'2021-07-07 20:14:18','4bed4ae0a49ad4963e21e688561ad524151a5b7ebdc11e837de4a9741a2a5bc7'),(394,'rbrandsen9g@rakuten.co.jp','5ff1fab96bc13751b9a15cfbe7ad123a','Reube','Brandsen','2017-02-02',6,1,51,216,59,'Nunc nisl. Duis bibendum, felis sed interdum venenatis, turpis enim blandit mi, in porttitor pede justo eu massa. Donec dapibus.',NULL,NULL,1,'2021-07-07 20:14:18','728daccb89fd5a1aa67acc2727725c41ebbadaa6960d2840c3a65b88e3fe3484'),(395,'aabbie9h@friendfeed.com','f4062d6bc798c0c951a02caab34b7bc8','Angelico','Abbie','2012-11-28',3,3,35,166,116,'Maecenas leo odio, condimentum id, luctus nec, molestie sed, justo. Pellentesque viverra pede ac diam.',NULL,NULL,1,'2021-07-07 20:14:18','46a87a02a3b3842aaf519a4b6993dfef4457cd08c3d64c9baeb60f0a38cf86c7'),(396,'mzanicchelli9i@constantcontact.com','6888db5754507c788e4faad1955c7234','Merilyn','Zanicchelli','2003-08-12',3,3,49,215,60,'In quis justo. Maecenas rhoncus aliquam lacus.',NULL,NULL,1,'2021-07-07 20:14:18','a7f2ad81f4214cc63de75e66af4e0ff3cc2617b721326b8adad57cc8a1daef3a'),(397,'pspendley9j@patch.com','b85ecfb662a8805abf787de0419a3ee5','Phil','Spendley','1999-09-05',4,3,9,153,59,'Nunc purus. Phasellus in felis.',NULL,NULL,1,'2021-07-07 20:14:18','7ee0268c968bbd76b531ad4f11afc74c0a71c6091ec72770b58caa0d3f486222'),(398,'elinggood9k@bluehost.com','43aa2b81934c01fc8ab4317219918cc9','Elene','Linggood','2003-04-09',5,4,31,211,67,'Maecenas tristique, est et tempus semper, est quam pharetra magna, ac consequat metus sapien ut nunc. Vestibulum ante ipsum primis in faucibus orci luctus et ultrices posuere cubilia Curae; Mauris viverra diam vitae quam.',NULL,NULL,1,'2021-07-07 20:14:18','018ca190dd24d0b8de976a6378eaefbee107091215c8829899b8e04e3032497d'),(399,'mrablan9l@latimes.com','c9ca609b35be76a73e3aeb1d5ecef7af','Marsha','Rablan','2008-03-25',3,1,1,192,120,'Vivamus metus arcu, adipiscing molestie, hendrerit at, vulputate vitae, nisl.',NULL,NULL,1,'2021-07-07 20:14:18','d6e0b1e76c2a1385b01c1564657b27aa123455333add59c27644ff78fc05ff33'),(400,'bhoxey9m@pbs.org','9422700cf6f13e8fdeb5d66f4860a614','Belle','Hoxey','2005-09-11',4,4,21,194,76,'Morbi non quam nec dui luctus rutrum. Nulla tellus. In sagittis dui vel nisl.',NULL,NULL,1,'2021-07-07 20:14:19','385ac4f49a0294987d33de96ce0a5972962e564fb8a8f2d33c454c00e45b8af7'),(401,'lplewman9n@ucoz.com','b18640e3d511bc2b7ad3a5514c40707b','Lyon','Plewman','2013-12-28',2,2,6,214,109,'Integer ac leo. Pellentesque ultrices mattis odio.',NULL,NULL,1,'2021-07-07 20:14:19','91cd79f17dd1b29ec1d1e5fa14e3f24211ee6778e6ca963c394cadd2c916264c'),(402,'opattullo9o@ted.com','a237727d0d6de358cfef610b38d5d1f9','Olivie','Pattullo','2002-01-28',5,2,22,157,100,'Praesent id massa id nisl venenatis lacinia. Aenean sit amet justo. Morbi ut odio.',NULL,NULL,1,'2021-07-07 20:14:19','2088cef6b65bc5d2215b35acacb4dec0f19b988fdbaa564d79f0918c3557ff48'),(403,'lwesley9p@t.co','06ea1246bec26b933150c5f6aeafa989','Lily','Wesley','2007-09-29',6,3,31,163,83,'Vestibulum sed magna at nunc commodo placerat. Praesent blandit. Nam nulla.',NULL,NULL,1,'2021-07-07 20:14:19','48d0acd0a553c9e8c8a2e6f66f3f20037d75e93e5cf03694fdda4951f14212fc'),(404,'rklasen9q@digg.com','0df86c93ab5f32bcade549d403563a3f','Rooney','Klasen','2013-06-02',5,3,52,177,79,'Vivamus vel nulla eget eros elementum pellentesque.',NULL,NULL,1,'2021-07-07 20:14:19','671c2e963bda0da6d56eab365d406d091b2b6670034db55d468a7cbdabf28a58'),(405,'bpartleton9r@comcast.net','85030373c9dbd9afc3a4cdf9fd172381','Ben','Partleton','2008-10-19',5,3,43,151,72,'Aenean auctor gravida sem. Praesent id massa id nisl venenatis lacinia.',NULL,NULL,1,'2021-07-07 20:14:19','0a9bf938eba6fb5be639af3a8b3f2724397e47b1c0d79be99170cb99da966799'),(406,'lsaker9s@cam.ac.uk','a2f17680b858b7711da60ac31de44fa5','Libbi','Saker','1999-07-03',6,3,37,166,87,'Pellentesque eget nunc. Donec quis orci eget orci vehicula condimentum. Curabitur in libero ut massa volutpat convallis.',NULL,NULL,1,'2021-07-07 20:14:19','1ebd2abba2c1c2317c8aa6f99b8b0541cd089578a8e3b99d718eea7477be57b8'),(407,'alonghorn9t@4shared.com','c23e00f86efd6ec91ea27d9bd8979878','Allyson','Longhorn','2013-08-17',3,3,15,185,67,'Etiam vel augue. Vestibulum rutrum rutrum neque.',NULL,NULL,1,'2021-07-07 20:14:19','2804654cdc03fab14f33aa53c43f912cec17a7385fc865c1b9d02754028ec713'),(408,'eickovic9u@seesaa.net','af382546401642bd499c363a9b71b658','Erv','Ickovic','2018-06-25',4,3,12,159,108,'In blandit ultrices enim.',NULL,NULL,1,'2021-07-07 20:14:20','b176646d773d717beb1cdc3402229d54694a4364d29d4ec25b81639c4ebfb418'),(409,'mswainger9v@mozilla.org','dab426240aaafea497b68fb22a7043d5','Margeaux','Swainger','2020-07-29',5,3,36,197,100,'Nam dui. Proin leo odio, porttitor id, consequat in, consequat ut, nulla. Sed accumsan felis.',NULL,NULL,1,'2021-07-07 20:14:20','108724f140c5c53cd967010de30e7ee667bc3eb1f7c75f2180e104a4224c1aea'),(410,'rivantyev9w@printfriendly.com','feb8dd3a3a905f702db3fe627329fb14','Renee','Ivantyev','2009-07-28',5,2,14,181,81,'Mauris enim leo, rhoncus sed, vestibulum sit amet, cursus id, turpis. Integer aliquet, massa id lobortis convallis, tortor risus dapibus augue, vel accumsan tellus nisi eu orci. Mauris lacinia sapien quis libero.',NULL,NULL,1,'2021-07-07 20:14:20','0443b5002836bd243b757fc818a7807235024ed60901dd1b84751b886c8b8f67'),(411,'mmyderscough9x@nyu.edu','29b15eee9695a2c94fbdd1e45c55b26a','Marleen','Myderscough','2002-11-19',6,2,22,159,57,'In sagittis dui vel nisl.',NULL,NULL,1,'2021-07-07 20:14:20','d64c31401e1fbb6d27414ac862e602f938dbfa7c368e14a7754bf9e969473ac9'),(412,'ntournay9y@diigo.com','1791df155349eba2e90837c2073fc4d1','Nat','Tournay','2015-12-11',4,1,43,217,91,'Morbi non quam nec dui luctus rutrum.',NULL,NULL,1,'2021-07-07 20:14:20','632c3bc2c578c4c044dbb0a800959b70e52ec4649a8f81708fb59206c315849b'),(413,'zbutterley9z@icq.com','d50e8032d74c71043a3754d301442e0f','Zachary','Butterley','2006-07-20',3,4,8,200,81,'Phasellus sit amet erat. Nulla tempus.',NULL,NULL,1,'2021-07-07 20:14:20','0285a75164d72f45c606b0e3f72aae8f0a5c54879ac0d1a85a81348519be0f8e'),(414,'rdenmana0@salon.com','58c85896e47e20b1116b89f6dfc0b3db','Rustin','Denman','2000-07-15',1,4,20,212,90,'In congue. Etiam justo.',NULL,NULL,1,'2021-07-07 20:14:20','9e26f08c0b7407846bfbf8f1550b2a24ab2aee6a4e22575d80cd0d46ea30d8c1'),(415,'struesdalea1@sphinn.com','8de65bafbadb14a62ca04b529fe2fb59','Skipper','Truesdale','2012-06-05',3,3,19,199,98,'Mauris enim leo, rhoncus sed, vestibulum sit amet, cursus id, turpis.',NULL,NULL,1,'2021-07-07 20:14:21','a381b9fc797b822ae15ea9b621059d8e022507b64c7351ae1115341bc0d51c4f'),(416,'jmaletratta2@google.de','228c9b9f14d799267682153d0eff17ac','Jacquie','Maletratt','2018-09-30',3,3,27,203,52,'Curabitur at ipsum ac tellus semper interdum. Mauris ullamcorper purus sit amet nulla.',NULL,NULL,1,'2021-07-07 20:14:21','41a7035bca75a85b0b3f8e1d09d3c9c769a67549152b957297f8c504dffe4e85'),(417,'pcurraoa3@mozilla.com','1cca25d7f6390df40722223acc460e95','Paddie','Currao','2015-08-08',2,2,50,213,118,'Nulla ut erat id mauris vulputate elementum. Nullam varius.',NULL,NULL,1,'2021-07-07 20:14:21','0855b56a48084a8ec5a2135a091e75ce7a6fda5704992a65e728d000e9110e69'),(418,'escawena4@sphinn.com','dcf9405cb3ea69f326c541337bbd9494','Etheline','Scawen','2005-02-17',4,3,4,157,75,'Vivamus vestibulum sagittis sapien. Cum sociis natoque penatibus et magnis dis parturient montes, nascetur ridiculus mus.',NULL,NULL,1,'2021-07-07 20:14:21','b38ec4faad61908faddb71f0d2d48391f3f05073af504b867ec8480eaea6ed1f'),(419,'ztembya5@themeforest.net','a6b22dcd75343edabb3981ba34b18341','Zaccaria','Temby','2015-09-01',5,1,6,210,67,'Nulla ut erat id mauris vulputate elementum.',NULL,NULL,1,'2021-07-07 20:14:21','804847f41622aefbae3e339ccbaa8991826de3347ca64c82e0eb08e1d1e006a2'),(420,'mkeera6@canalblog.com','e48f75b72a2ff612e45002b908754a96','Madel','Keer','2012-02-26',3,1,58,210,52,'Phasellus id sapien in sapien iaculis congue. Vivamus metus arcu, adipiscing molestie, hendrerit at, vulputate vitae, nisl. Aenean lectus.',NULL,NULL,1,'2021-07-07 20:14:21','878b847ffb7ae78ec7a5566c3c8565a5ae0657dae47b7f0704052939e9f798b7'),(421,'tironsa7@shop-pro.jp','d915c7609e7781d564690b8d07bdbfb0','Tripp','Irons','2009-10-29',6,2,8,184,74,'Cum sociis natoque penatibus et magnis dis parturient montes, nascetur ridiculus mus. Etiam vel augue. Vestibulum rutrum rutrum neque.',NULL,NULL,1,'2021-07-07 20:14:21','b5c391ee36030d8c4a2138418fa32c5167415a7f9c470d94e8486ef5fa4875f3'),(422,'docannavana8@nyu.edu','37d8771407352b3b22919ab17f5754ba','Dinah','O\'Cannavan','2018-10-12',4,1,42,166,116,'Cras pellentesque volutpat dui. Maecenas tristique, est et tempus semper, est quam pharetra magna, ac consequat metus sapien ut nunc. Vestibulum ante ipsum primis in faucibus orci luctus et ultrices posuere cubilia Curae; Mauris viverra diam vitae quam.',NULL,NULL,1,'2021-07-07 20:14:22','0d5459dee92a87ef26503032c902ff387b920eb41d5842e330cc0f8c7a52d30c'),(423,'klinnocka9@npr.org','54d9572e6abec0766b22d152949f9456','Keefe','Linnock','2008-06-18',4,2,56,216,97,'Suspendisse accumsan tortor quis turpis. Sed ante.',NULL,NULL,1,'2021-07-07 20:14:22','ed46a4e2be3f94de174b6354e9f96598d171563e918f0ac3949eec3de8657c83'),(424,'mblackeslandaa@mayoclinic.com','f5087c1c1000d3bb7e0c2e781bdb3b25','Masha','Blackesland','2008-01-30',3,1,5,171,110,'Pellentesque viverra pede ac diam. Cras pellentesque volutpat dui. Maecenas tristique, est et tempus semper, est quam pharetra magna, ac consequat metus sapien ut nunc.',NULL,NULL,1,'2021-07-07 20:14:22','fd8e7d95288eecf8269be57108d34acf2fe5df857ec845788173b9f28a9ee728'),(425,'pchomiszewskiab@meetup.com','15694a696f2c4d73e109a676c2731c5d','Patsy','Chomiszewski','2018-06-25',2,4,21,209,97,'Donec dapibus. Duis at velit eu est congue elementum. In hac habitasse platea dictumst.',NULL,NULL,1,'2021-07-07 20:14:22','c65c709197895fdf01da4e0257ed3f706f1d277dde11c905196ef17bf2410728'),(426,'jcoulthardac@dot.gov','1b03ca2c1e39df349701bf6729473625','Jethro','Coulthard','2003-01-02',3,2,32,158,87,'In blandit ultrices enim. Lorem ipsum dolor sit amet, consectetuer adipiscing elit. Proin interdum mauris non ligula pellentesque ultrices.',NULL,NULL,1,'2021-07-07 20:14:22','5b8cef2cde288dc1deaae2b04ba73d9314d50c6f4d8b9260524c52144737e81c'),(427,'tpreedyad@dyndns.org','5b34660ac6275473bd0fe6394758d494','Tucker','Preedy','2014-04-27',6,4,17,194,66,'Suspendisse accumsan tortor quis turpis. Sed ante.',NULL,NULL,1,'2021-07-07 20:14:22','cac2bbeae6ff7ade237d17c6c01a063905f62e8d245a750934b9262d0f978cbc'),(428,'ldymottae@qq.com','ea323ae4d07ecca40c85e730faaeb310','Laryssa','Dymott','2009-03-19',4,1,12,212,101,'In quis justo. Maecenas rhoncus aliquam lacus.',NULL,NULL,1,'2021-07-07 20:14:22','7fa52813c4ca55fb4dd189155cfba2e29a773a17effd8e7e1136affaf66fc7b7'),(429,'jeastmanaf@naver.com','8e8ad1677f3af16f547103104fd1f800','Jolynn','Eastman','2014-07-22',6,2,43,165,93,'Nulla justo. Aliquam quis turpis eget elit sodales scelerisque. Mauris sit amet eros.',NULL,NULL,1,'2021-07-07 20:14:22','3665587e2f3f41e058898acaa19b557315514482999cd6476dcc3cba90f795d0'),(430,'fpogueag@amazon.co.jp','a216a6611937881905c1ad1fdce86a60','Fan','Pogue','2006-07-28',2,1,12,161,64,'Quisque id justo sit amet sapien dignissim vestibulum. Vestibulum ante ipsum primis in faucibus orci luctus et ultrices posuere cubilia Curae; Nulla dapibus dolor vel est.',NULL,NULL,1,'2021-07-07 20:14:22','b5a81a33ec5b81c3f8fddbbddd0fad74af36642ad0de1e433f7f2e67bbdaf499'),(431,'alindroosah@spiegel.de','1318143a63e1b22a2f3139abe391190b','Adey','Lindroos','2007-03-30',2,3,54,204,115,'Nullam orci pede, venenatis non, sodales sed, tincidunt eu, felis. Fusce posuere felis sed lacus.',NULL,NULL,1,'2021-07-07 20:14:22','057d11c00fabc1aa008331dda8b4c39d3158a261dd82ad1be49dd07067c6787c'),(432,'aphippsai@blogs.com','895657a9f4e5aff8cb88bea4319a3dc2','Ardelis','Phipps','2001-11-21',6,4,11,203,119,'Aliquam erat volutpat. In congue.',NULL,NULL,1,'2021-07-07 20:14:23','dffc7050ff5f20ace0214738bda5aa5d6f251bfe65496cbbfa35daccd1c5036c'),(433,'emalkieaj@un.org','cb2b75ddd2dc19fc17aa8c68d894aac2','Edlin','Malkie','2003-03-18',2,3,40,183,66,'Aliquam non mauris. Morbi non lectus.',NULL,NULL,1,'2021-07-07 20:14:23','708a8f0004b139949b7f3a53e5728fc069b5153d6d5506c51675e8a29d03ea96'),(434,'gbowheyak@livejournal.com','a47c071470cb57a67382a2bdba57f620','Gianina','Bowhey','2013-11-17',1,2,51,197,50,'Duis consequat dui nec nisi volutpat eleifend. Donec ut dolor. Morbi vel lectus in quam fringilla rhoncus.',NULL,NULL,1,'2021-07-07 20:14:23','928c41ef9436e8df603cf601dfb892dcaee9bd5d742a738cc76e3f912be89228'),(435,'nmcmonniesal@vimeo.com','4f8a20bf44d7ba9ab97f505b5c45c969','Nowell','McMonnies','2001-07-08',3,4,51,155,82,'Proin risus. Praesent lectus.',NULL,NULL,1,'2021-07-07 20:14:23','869262e09f0be0afd7e2bbd1e3772663a359e46f0004e07c08fb6c1525f5a96d'),(436,'mbulcham@sakura.ne.jp','ce67bf053014bd7b9969e70ff3a50f45','Marlin','Bulch','2006-06-19',1,1,36,193,102,'Fusce posuere felis sed lacus. Morbi sem mauris, laoreet ut, rhoncus aliquet, pulvinar sed, nisl.',NULL,NULL,1,'2021-07-07 20:14:23','1bbdb37c760cb6aa3771b2fb7d7a46d332b804ec7c013f9394bcbc07f5b5147a'),(437,'mpyvisan@freewebs.com','31d05d0d4b578ec06bb279185d5bffbb','Marika','Pyvis','2020-04-26',6,2,42,210,78,'Curabitur gravida nisi at nibh. In hac habitasse platea dictumst. Aliquam augue quam, sollicitudin vitae, consectetuer eget, rutrum at, lorem.',NULL,NULL,1,'2021-07-07 20:14:23','0ed707c86c331997e6d82b5d4b66c40a39543924764b8765aa618f98f9009c8b'),(438,'kwildbloodao@apple.com','8e6856cff570182185f7380a0ed7e4d8','Karilynn','Wildblood','2004-03-17',2,1,19,175,118,'Nullam orci pede, venenatis non, sodales sed, tincidunt eu, felis. Fusce posuere felis sed lacus. Morbi sem mauris, laoreet ut, rhoncus aliquet, pulvinar sed, nisl.',NULL,NULL,1,'2021-07-07 20:14:23','995e51ca31f941968f1180f3db030ad799f7056d0a2be4535f722ec9adc9abd3'),(439,'lroebottomap@tinypic.com','d06b41b529e5fdf0235ddc5a61f87795','Loree','Roebottom','2020-02-28',5,1,44,197,60,'Lorem ipsum dolor sit amet, consectetuer adipiscing elit.',NULL,NULL,1,'2021-07-07 20:14:23','a8d252cbc1ad02301bdbd5e78be4d20bcb6d345c137e2e5da3d250e001c8d146'),(440,'cfrounksaq@chron.com','10bfbb3ea2a293a093e6fb39096b37b2','Clarice','Frounks','2021-06-20',5,2,29,194,58,'Nunc nisl. Duis bibendum, felis sed interdum venenatis, turpis enim blandit mi, in porttitor pede justo eu massa.',NULL,NULL,1,'2021-07-07 20:14:23','ca63cc3285c2dc3fc0c8ac93a44a070b7d2a7d44307c26fce3293f8300aa757c'),(441,'handresar@soundcloud.com','06ebf4d012e760e653313ccbb06201d6','Henka','Andres','2010-05-26',1,1,63,207,88,'Duis bibendum.',NULL,NULL,1,'2021-07-07 20:14:23','4f0538632a296fb0d29c635bf9257a70500696a8c60953d9001799f61d401b9b'),(442,'mdelaguaas@stanford.edu','f815807dfbf6e06213cef497431587c0','Margarethe','Delagua','2019-05-24',3,2,6,215,55,'Suspendisse potenti.',NULL,NULL,1,'2021-07-07 20:14:24','c2a487a1f62542a8fcd2f8704d08bf97c3e4752ed1f03dac8df8b788a0bbf520'),(443,'tnareat@nature.com','e7da19d2df0a18e6b99680dfb654d5e4','Tamera','Nare','2018-07-01',5,4,7,176,68,'Donec ut mauris eget massa tempor convallis.',NULL,NULL,1,'2021-07-07 20:14:24','0cf2613b3ee512a2d7719e7f78e69795f872280c2c6e8e3096995f6613f86b96'),(444,'jlivingstoneau@phoca.cz','937fb001e17067afd5b1afbe808be769','Jeffy','Livingstone','2019-08-11',2,3,18,219,74,'Sed ante. Vivamus tortor.',NULL,NULL,1,'2021-07-07 20:14:24','ebbb5b5c5df6634b6b8ddd1a87d07babd893d39a0106cc0e6f406c58829db754'),(445,'ajaggliav@netvibes.com','26380af25bc37d35a3b9bad7579cb025','Annabella','Jaggli','2005-08-06',2,4,56,174,55,'Phasellus sit amet erat. Nulla tempus. Vivamus in felis eu sapien cursus vestibulum.',NULL,NULL,1,'2021-07-07 20:14:24','57dabfab407af46e56205cccdf868651e81d05ba13bd7565ee864d2251a03e4d'),(446,'mrookesaw@usatoday.com','e8e4f042a8637a68e71d5c8c5aa764b8','Misty','Rookes','2003-12-04',3,4,48,214,106,'Donec ut dolor. Morbi vel lectus in quam fringilla rhoncus.',NULL,NULL,1,'2021-07-07 20:14:24','4444cb297a817da9e61c34374facbba08009739c7b816d78ff5be3af3b6f0a35'),(447,'nwoolertonax@comsenz.com','50db0d1c7ea3722cc967e4a02946448a','Nissie','Woolerton','2011-11-06',2,4,38,160,114,'Aliquam augue quam, sollicitudin vitae, consectetuer eget, rutrum at, lorem. Integer tincidunt ante vel ipsum. Praesent blandit lacinia erat.',NULL,NULL,1,'2021-07-07 20:14:24','9a179cbc1763e3c7063e3899678ec710461b2ea5446807f8219605e42168daf5'),(448,'abigglestoneay@taobao.com','06cc9d1afca2994c39c5b4df6c03c029','Albrecht','Bigglestone','1999-10-14',1,2,56,208,84,'Nam ultrices, libero non mattis pulvinar, nulla pede ullamcorper augue, a suscipit nulla elit ac nulla. Sed vel enim sit amet nunc viverra dapibus. Nulla suscipit ligula in lacus.',NULL,NULL,1,'2021-07-07 20:14:24','91bcbc6c4359faaf6687a1dd380945c1e67678bb54399d7c9cf029a57210d892'),(449,'chalgarthaz@sohu.com','0a197f0f69f99a0ccc9f58a3f7e7bffc','Carlin','Halgarth','2002-04-09',3,2,55,213,119,'Quisque ut erat. Curabitur gravida nisi at nibh.',NULL,NULL,1,'2021-07-07 20:14:24','fae0dd66003e00653d1dafca5d7ea9e3325eb0974420c779c808e324da98ca24'),(450,'prossb0@earthlink.net','b8aef8ef1c62b63daa7e77bced2f8799','Petrina','Ross','2014-10-21',4,1,6,173,115,'Integer pede justo, lacinia eget, tincidunt eget, tempus vel, pede.',NULL,NULL,1,'2021-07-07 20:14:24','ca41e2231be563de709a35c9c167b639385606a03445f1f6bccbc2adafb277f6'),(451,'vbenfellb1@joomla.org','146516355b538c4484e3b88ada2188b0','Vinita','Benfell','2017-10-17',2,2,5,168,102,'Aliquam erat volutpat. In congue.',NULL,NULL,1,'2021-07-07 20:14:24','00255a5cb79f8895c1a6a74f9b8b6068ba77b0babd51bc5ab39d145b27114f54'),(452,'lcarillob2@rediff.com','baaff37aac28111cf779f23fd3414ce0','Lewiss','Carillo','2011-07-21',1,1,31,153,120,'Suspendisse potenti.',NULL,NULL,1,'2021-07-07 20:14:25','4ea42aefe646450eec7cb99f8c6fd71cb44fc183e8622bed6f2394c7332f1383'),(453,'bmcreathb3@forbes.com','cf5f058d4a9c9c53d42edcbbd709f23a','Bridie','McReath','2007-07-06',4,4,16,162,87,'Phasellus sit amet erat. Nulla tempus.',NULL,NULL,1,'2021-07-07 20:14:25','693dea6068380bf232e308e4a1e0a594fe3a21c191d8a006de409958f74fc3cd'),(454,'tlowyb4@alexa.com','11f4c8caa624fddd9db8700dadd4b4d8','Tomasine','Lowy','2015-08-14',2,4,36,150,69,'In hac habitasse platea dictumst.',NULL,NULL,1,'2021-07-07 20:14:25','0bd86ab0a503bade9c85e4492aa5f10b1375b859d2f081e07431c647b0ed6f69'),(455,'msandilandb5@chron.com','d40123a2690dfae344f73f37a18c11b4','Myra','Sandiland','2005-11-15',3,3,25,179,62,'Etiam vel augue.',NULL,NULL,1,'2021-07-07 20:14:25','f23b3175335c4552ffb797531b125988ca946e9a3384a5e6e7b10dbab86fe596'),(456,'wcooksonb6@stumbleupon.com','aa8b17e6915a1c75ceb29548b246e031','Willie','Cookson','2010-01-02',3,3,24,187,61,'Morbi non quam nec dui luctus rutrum.',NULL,NULL,1,'2021-07-07 20:14:25','4116eafdc06128a89aac4a3f60a215933af6aecb27257bb75e18975425a76847'),(457,'kmaciakb7@hao123.com','8f74cefa1e4f8990075d467fe31b5b0d','Kev','Maciak','2020-09-20',6,2,62,166,108,'Duis ac nibh.',NULL,NULL,1,'2021-07-07 20:14:25','0e579a3224b0c1b721d6cf03e410495fc520c850dc777d47c08305447a7ebf68'),(458,'gpiercyb8@apple.com','b4eee10ddad16b8cc15b8ccd55515ef7','Germayne','Piercy','2019-09-05',1,3,56,197,99,'Duis at velit eu est congue elementum.',NULL,NULL,1,'2021-07-07 20:14:25','848b04f643c2e973005cf0a728483c077abed42ba71a181521fc44e4121fec53'),(459,'jtofftsb9@domainmarket.com','573eb6dc13ef098ef4b94fb9f8643085','Jerrold','Toffts','2012-06-27',4,3,56,217,68,'Fusce lacus purus, aliquet at, feugiat non, pretium quis, lectus. Suspendisse potenti.',NULL,NULL,1,'2021-07-07 20:14:25','faf1c055c2403b65ec717da82c958e4b4d774944adc2d1e8bf4e9dd84f79f34b'),(460,'drobicba@elpais.com','2a67f6f0c24558d4da7485be5f0e9cb1','Deny','Robic','2006-06-02',3,1,52,152,59,'Morbi sem mauris, laoreet ut, rhoncus aliquet, pulvinar sed, nisl.',NULL,NULL,1,'2021-07-07 20:14:25','0516825d423da919b79aeb17fae852c979c6b608da8e405b21a0bb3319ee2cc0'),(461,'jpilpovicbb@vk.com','4939300a9be969d4dfabc4f77e00f1ba','Johannah','Pilpovic','2014-07-01',3,2,32,203,111,'Vivamus vel nulla eget eros elementum pellentesque.',NULL,NULL,1,'2021-07-07 20:14:26','a07c87e240bda3bee547820641ccbfee01a689c46b5ad2b47d8c981edae0f07c'),(462,'hbiggbc@senate.gov','18bea97def14fa5adecb69ae78aeb0f6','Hobey','Bigg','2015-12-16',6,3,39,215,92,'Nulla ut erat id mauris vulputate elementum.',NULL,NULL,1,'2021-07-07 20:14:26','f87992627c01dda353ff94fac95b3ad23b41f026b14995a825e15beaa8bf4554'),(463,'dgarnambd@senate.gov','c8543018be87f5d33b4738bda8bc0b81','Dale','Garnam','2004-11-02',5,3,1,168,90,'Mauris lacinia sapien quis libero. Nullam sit amet turpis elementum ligula vehicula consequat.',NULL,NULL,1,'2021-07-07 20:14:26','c56d24a35a47ccd679e1ac9f57a8bb045db7875b17a9d55f737c99a8a04534b3'),(464,'gflippenbe@shareasale.com','b06c04e569527db054e07af065090725','Giovanni','Flippen','2015-04-07',2,1,17,219,97,'Sed vel enim sit amet nunc viverra dapibus. Nulla suscipit ligula in lacus.',NULL,NULL,1,'2021-07-07 20:14:26','aee4419654db96a5f330a6375e1108c19890a8a5179fe545f265585494560961'),(465,'ccratesbf@theguardian.com','30af6c1db53e8f2558822bf512744657','Christos','Crates','2001-05-17',2,2,53,186,55,'Integer ac leo. Pellentesque ultrices mattis odio.',NULL,NULL,1,'2021-07-07 20:14:26','fd4a30da92c01169dbe18b20d83a6be1293dba74c3c0178f2caeb20e42f357b6'),(466,'scrockbg@bbb.org','240e5006c28c09cd6e054a47a0250d0b','Stephen','Crock','2009-07-26',4,1,44,169,72,'Pellentesque eget nunc. Donec quis orci eget orci vehicula condimentum.',NULL,NULL,1,'2021-07-07 20:14:26','960c08d6e83bbbf3ce4fd197298f635b8f3649bc3217b438d513057c5791158c'),(467,'charkesbh@wired.com','f4470c13ea93ac5ab87eb11ed4a3a082','Candy','Harkes','2011-11-20',6,2,58,211,55,'Maecenas ut massa quis augue luctus tincidunt. Nulla mollis molestie lorem. Quisque ut erat.',NULL,NULL,1,'2021-07-07 20:14:26','e19b3001350bbda8490e016583d241531c4e5dceeea0fbbaf75fc7a7a83efe66'),(468,'cmarrowbi@deviantart.com','abcf5192cad0a766f8baa4faf98fb450','Ceciley','Marrow','2007-06-23',6,1,57,167,59,'Mauris enim leo, rhoncus sed, vestibulum sit amet, cursus id, turpis. Integer aliquet, massa id lobortis convallis, tortor risus dapibus augue, vel accumsan tellus nisi eu orci.',NULL,NULL,1,'2021-07-07 20:14:26','2200c70ea9459d67a880c904c34e17c5577cb636e31e30a5847d76bd73cc478e'),(469,'rbelfeltbj@uiuc.edu','0700e8eec50c3ef11f779419d1085194','Rivi','Belfelt','2010-02-08',5,1,21,159,51,'Morbi odio odio, elementum eu, interdum eu, tincidunt in, leo. Maecenas pulvinar lobortis est.',NULL,NULL,1,'2021-07-07 20:14:26','7dafb478a0d85ffa171a36d98c907f344d0ffe6567937404e362bc5d5b207930'),(470,'pspaldinbk@hhs.gov','e2e208e41ba2bbe745d906ff7b4d15e1','Pryce','Spaldin','2004-03-03',1,1,6,210,68,'Vestibulum ac est lacinia nisi venenatis tristique. Fusce congue, diam id ornare imperdiet, sapien urna pretium nisl, ut volutpat sapien arcu sed augue. Aliquam erat volutpat.',NULL,NULL,1,'2021-07-07 20:14:26','d7df1eeb4ad62cd52106a51653cbf80394ff5e460d93025ba671488bd2259873'),(471,'ascrigmourbl@youtu.be','54e86b2fd83dd8da7e5e983923464995','Anabelle','Scrigmour','1999-09-05',5,4,63,155,63,'Donec ut mauris eget massa tempor convallis. Nulla neque libero, convallis eget, eleifend luctus, ultricies eu, nibh.',NULL,NULL,1,'2021-07-07 20:14:27','c7acb801f219b28fd499286b0b5aa2bb8871948865b7e7d9e6a59082e4a7ab9c'),(472,'ransleybm@imdb.com','48364d225e2db51dae284ab1568058cb','Roberta','Ansley','1999-08-21',5,2,3,158,89,'Phasellus sit amet erat. Nulla tempus.',NULL,NULL,1,'2021-07-07 20:14:27','d85057382be926a3be56a23c6566d36e838803abdb15922d3c690495d3300567'),(473,'wrickerdbn@alibaba.com','8e6d09906c0452cfd735d561686143b6','Wesley','Rickerd','2007-11-18',2,4,59,153,50,'Proin eu mi. Nulla ac enim.',NULL,NULL,1,'2021-07-07 20:14:27','8e0aa6f8ecdd8bcd16e3f307f34fef0e43b107bb81441feaba9cc7c9ab8879ca'),(474,'jdennistonbo@phpbb.com','7a0a5fe1c53f15cde1888ec50913dc42','Jessie','Denniston','2021-04-28',1,3,9,157,117,'Vestibulum sed magna at nunc commodo placerat. Praesent blandit.',NULL,NULL,1,'2021-07-07 20:14:27','aed0033b3524eedd4a9523bf887d3e0d93d4ad3ddb0e0434afe3b68e28d0190c'),(475,'fwidmorebp@bing.com','41cd88aff9c027dd8486e7f7d5aebe80','Fanchette','Widmore','2019-12-20',5,4,40,159,109,'Cum sociis natoque penatibus et magnis dis parturient montes, nascetur ridiculus mus.',NULL,NULL,1,'2021-07-07 20:14:27','e7a22c923fad6b756898cdea7b2a673d333e402573438ebf99b6e35bbed6d98a'),(476,'chenrionotbq@dell.com','9bf3c3579eb5b56e90ec5c4bd79f6ddf','Chane','Henrionot','2015-01-14',2,2,40,156,54,'Quisque id justo sit amet sapien dignissim vestibulum. Vestibulum ante ipsum primis in faucibus orci luctus et ultrices posuere cubilia Curae; Nulla dapibus dolor vel est.',NULL,NULL,1,'2021-07-07 20:14:27','fe4c166787449b3189f9afecbbf29fae3c0d2ecf3f7a4f74e0523798e308608a'),(477,'aboxallbr@engadget.com','141eb04049cd8e5708620bf94641dd08','Aurilia','Boxall','2015-08-14',6,2,54,159,116,'Donec semper sapien a libero. Nam dui.',NULL,NULL,1,'2021-07-07 20:14:27','e2255369bbd19f2749a143d64d486209abeeeb1f36e790e8c7c6a83ee1bc67b0'),(478,'xshenfischbs@123-reg.co.uk','ec38b77a85ff1a24bb25708e111b1e49','Xylia','Shenfisch','2010-05-27',5,4,45,218,104,'Nulla ac enim. In tempor, turpis nec euismod scelerisque, quam turpis adipiscing lorem, vitae mattis nibh ligula nec sem. Duis aliquam convallis nunc.',NULL,NULL,1,'2021-07-07 20:14:27','899af922e709901f08903cea99476fc0ef5b69b60f318ff8ac1445779cbbc783'),(479,'tlascellesbt@weibo.com','6576c6aaf4b83e0fc31d0932ec24224e','Teddie','Lascelles','2002-02-09',6,1,6,201,61,'Mauris lacinia sapien quis libero. Nullam sit amet turpis elementum ligula vehicula consequat. Morbi a ipsum.',NULL,NULL,1,'2021-07-07 20:14:27','b9cc522d251cc3a6aea37b74cfb7050c19746319c6ec907836704d961e8b7d99'),(480,'gkibbybu@moonfruit.com','54a612880931a1c130f5cd5c807884f4','Garfield','Kibby','2007-08-07',4,3,60,201,119,'Donec ut mauris eget massa tempor convallis. Nulla neque libero, convallis eget, eleifend luctus, ultricies eu, nibh. Quisque id justo sit amet sapien dignissim vestibulum.',NULL,NULL,1,'2021-07-07 20:14:27','6c7036b5fb939661aca4bc217b60554688dda2bd6633e16b629a8089ebf55c9a'),(481,'fmulqueenbv@weibo.com','0a8e4e7c9ff8f0c8f859c56431fe3a5b','Farrah','Mulqueen','2013-07-07',4,4,25,193,61,'Nam dui. Proin leo odio, porttitor id, consequat in, consequat ut, nulla. Sed accumsan felis.',NULL,NULL,1,'2021-07-07 20:14:28','1fa0697d07493ecf4ddffb157884de28b203912e4116377e19cba09bcf075802'),(482,'bhakesbw@gov.uk','010f16171142f1a0b9802c90b0a960dd','Brear','Hakes','2015-06-25',5,1,57,189,96,'Sed sagittis. Nam congue, risus semper porta volutpat, quam pede lobortis ligula, sit amet eleifend pede libero quis orci.',NULL,NULL,1,'2021-07-07 20:14:28','d101a002890e62c489cfe1e610235aeb603b820da72f509f9d8cb12e6e87c3de'),(483,'dassandribx@ucoz.ru','d3356088b350cb1c749385218f7b23a3','Darbee','Assandri','2009-05-22',5,3,30,172,83,'Aliquam erat volutpat. In congue.',NULL,NULL,1,'2021-07-07 20:14:28','682e730d099619efb2e36409bfcdc6ead2ea2fca2d890e3d114c15d9e781d3e4'),(484,'lfippeby@jiathis.com','7a7077979194ff5452635c2c64302dd4','Lesly','Fippe','2018-06-24',6,2,10,211,76,'Integer non velit. Donec diam neque, vestibulum eget, vulputate ut, ultrices vel, augue.',NULL,NULL,1,'2021-07-07 20:14:28','d6c2239d3defd228ab4b80a63c90728918f95db9f2b771faea56513b63781461'),(485,'ihailybz@miibeian.gov.cn','f3aab8bd4cd3f0cbed9b2d83dd62d3a8','Ilario','Haily','2020-07-16',6,2,45,199,89,'Vestibulum ante ipsum primis in faucibus orci luctus et ultrices posuere cubilia Curae; Nulla dapibus dolor vel est. Donec odio justo, sollicitudin ut, suscipit a, feugiat et, eros.',NULL,NULL,1,'2021-07-07 20:14:28','7fafbda0fc57e99bd8acdb580a5673c92d87f030e5ad098ba9938914a0449f61'),(486,'jtebbettc0@multiply.com','e4c8acdaf2df968f2a39b3232fa10b65','Jabez','Tebbett','2017-05-07',3,1,5,180,53,'Vivamus vestibulum sagittis sapien. Cum sociis natoque penatibus et magnis dis parturient montes, nascetur ridiculus mus.',NULL,NULL,1,'2021-07-07 20:14:28','8a244771099bd6d33646e7fd1a93c4562af405a60a9ad28ee6361402f2c699f0'),(487,'lgillespeyc1@free.fr','e15054ebae5c19f3a66f18c1e8df6581','Lyndsay','Gillespey','2008-07-09',6,1,34,161,112,'Etiam vel augue. Vestibulum rutrum rutrum neque. Aenean auctor gravida sem.',NULL,NULL,1,'2021-07-07 20:14:28','6cf502a5064036d1efb3cf50f971e2f00558fe1fb9368323fccf7c6d6eb3d79e'),(488,'gmillhousec2@ovh.net','03823b599601efe161d45dcf347cc741','Greer','Millhouse','2016-02-15',2,4,43,156,111,'Vestibulum sed magna at nunc commodo placerat.',NULL,NULL,1,'2021-07-07 20:14:28','669bb196bec1d15022b2938b7921fc0656e6b67bf1d69f2ffc3899884cef5ace'),(489,'thumburtonc3@shutterfly.com','dc9d3e4c9691878d79121d24054b7227','Thekla','Humburton','2014-06-24',2,1,8,189,108,'Morbi ut odio. Cras mi pede, malesuada in, imperdiet et, commodo vulputate, justo. In blandit ultrices enim.',NULL,NULL,1,'2021-07-07 20:14:28','ee9d66ca671fd938009f0d1bc85ecc60cde35f13cf507aaeb9be2ed6760752b8'),(490,'eruslingec4@uiuc.edu','6d43242638dd59bc325bc4b31f64a6f8','Emmye','Ruslinge','2012-04-12',6,4,52,212,65,'Sed sagittis.',NULL,NULL,1,'2021-07-07 20:14:29','750b48cb1e2df7ab084711eb56e4c261bf99bc89c6f62db69fda4cdb874f31a5'),(491,'dkindallc5@auda.org.au','6da7dce2ce7a4414db4aff6a0c98acdd','Dov','Kindall','2004-11-01',3,2,49,170,66,'Nam nulla. Integer pede justo, lacinia eget, tincidunt eget, tempus vel, pede. Morbi porttitor lorem id ligula.',NULL,NULL,1,'2021-07-07 20:14:29','8adbd5268592395668f6361d34df8cac62fd27a065187716f2cbc82f3272f6b9'),(492,'itiesmanc6@msu.edu','b3d3f8d6d7f7de11d2fc99eeddc036d5','Ilysa','Tiesman','2010-07-16',3,3,41,160,71,'Proin at turpis a pede posuere nonummy.',NULL,NULL,1,'2021-07-07 20:14:29','5ae3f0ece445194899ecf5911bcdfcefcb5d78e334bb74873a7b869def92423f'),(493,'kelflainc7@shareasale.com','06e0f73c4f3521294f6b45790288cf9f','Kirsteni','Elflain','2010-07-26',6,4,61,192,57,'Vestibulum sed magna at nunc commodo placerat. Praesent blandit.',NULL,NULL,1,'2021-07-07 20:14:29','ba2c5b48b6a4b615bcbf206f5e70b6924a422f56a647af8ab541cd1cfce99087'),(494,'xmacauleyc8@usnews.com','be952b593559cd370c262d948139fc04','Xavier','Macauley','2007-08-26',6,4,57,177,101,'Curabitur convallis.',NULL,NULL,1,'2021-07-07 20:14:29','be4e0b313dfd207f945532277a6112d826e788977952d949341960684689a9a7'),(495,'lbinyonc9@cbslocal.com','00bf9c83c4cf1b9bfa14bfbb09770c9b','Laverna','Binyon','2006-09-19',6,1,7,153,98,'Quisque ut erat.',NULL,NULL,1,'2021-07-07 20:14:29','ab41bc09f6c38bb141f392ec0f38dac5b00d70ecc6e9ac0d5d6342f0471c0826'),(496,'vvickarca@ucoz.com','ce830ecb4d11c1d9f984084057e09210','Valeda','Vickar','2020-11-25',2,2,22,199,92,'Nam dui. Proin leo odio, porttitor id, consequat in, consequat ut, nulla. Sed accumsan felis.',NULL,NULL,1,'2021-07-07 20:14:29','e40d36fa2586262372a611c3712c32521801b69c3165b793f69020364d0d3a0c'),(497,'lkibblewhitecb@dailymotion.com','1767b9369c8ab00376b16ddfd9effe04','Levy','Kibblewhite','2008-03-16',1,1,30,194,119,'Etiam pretium iaculis justo. In hac habitasse platea dictumst. Etiam faucibus cursus urna.',NULL,NULL,1,'2021-07-07 20:14:29','3eea22605e9582f3566ef8f86923ca50d2176662c7e0438312768bdb720f65ec'),(498,'jjowlecc@imageshack.us','33a512593e6ae09d41a2df7a6749af67','Jorie','Jowle','2016-07-15',6,2,32,193,103,'Suspendisse accumsan tortor quis turpis. Sed ante. Vivamus tortor.',NULL,NULL,1,'2021-07-07 20:14:29','59510a0d57e65b589259c590357e68ea46058020de817ed17fe81b33cfa3a45c'),(499,'smillencd@com.com','ce1e6e16d81563d3a4e49ae7f454f170','Shauna','Millen','2013-03-06',1,3,25,211,93,'Integer tincidunt ante vel ipsum. Praesent blandit lacinia erat. Vestibulum sed magna at nunc commodo placerat.',NULL,NULL,1,'2021-07-07 20:14:29','16e913ee09e8c50ed4b75ac89d1a6cfdf72fba5c967358fc292a4deaf4850004'),(500,'pmallockce@barnesandnoble.com','b85df41e5f1cf87283e7e142efcf1c79','Phip','Mallock','2004-06-11',3,2,35,214,114,'Maecenas ut massa quis augue luctus tincidunt.',NULL,NULL,1,'2021-07-07 20:14:30','0a81e95b557d73b044a53e508854c43df6ff3e16e14cc71cac112793e6d76851'),(501,'mmichelmorecf@stanford.edu','a57ccf94a55a38c1d333152d3d108965','Muhammad','Michelmore','2001-03-20',1,4,54,163,99,'Praesent blandit. Nam nulla.',NULL,NULL,1,'2021-07-07 20:14:30','d4f98bce9168c2485781b274256bc16dbe846b946121a74abfdfa1367abc13c8'),(502,'kbyartcg@desdev.cn','623b23eb428a0d11bbef017e9bbc1933','Kelsi','Byart','2016-10-26',1,1,8,173,113,'Vivamus vestibulum sagittis sapien. Cum sociis natoque penatibus et magnis dis parturient montes, nascetur ridiculus mus. Etiam vel augue.',NULL,NULL,1,'2021-07-07 20:14:30','1d443859b769fbb5f0875e9cb772bd95d6ebde06720f77efb45f1b4451089472'),(503,'llandegch@linkedin.com','876bcc3a7bfa331b01d8e2d18963c1f1','Lowe','Landeg','2004-03-18',4,2,56,168,71,'Donec odio justo, sollicitudin ut, suscipit a, feugiat et, eros. Vestibulum ac est lacinia nisi venenatis tristique.',NULL,NULL,1,'2021-07-07 20:14:30','e348d963620460661fef9de4fcd2e8a0d47184254e50ac94a3c7308bcb740874'),(504,'cstrainci@bing.com','11b20323375208f3d47d4ab6c429c956','Chadwick','Strain','2020-05-14',6,3,4,184,98,'Sed ante. Vivamus tortor. Duis mattis egestas metus.',NULL,NULL,1,'2021-07-07 20:14:30','77582e4e32f4ef0372a96f1874bdd48ba67f64c451a0011f3361407ce5ce428f'),(505,'sboothebiecj@barnesandnoble.com','10e17744af48d1c6b8d5010b1e104945','Sansone','Boothebie','2018-04-29',1,3,23,201,104,'Morbi ut odio.',NULL,NULL,1,'2021-07-07 20:14:30','432d7fdfa357956d523ce904402fd1ba4c7d6919a47b3ef4ed72a3d09985329b'),(506,'sloraineck@sbwire.com','242bda9b432243385b46b629007b2b1e','Sullivan','Loraine','2000-09-14',3,1,6,165,58,'Mauris sit amet eros. Suspendisse accumsan tortor quis turpis.',NULL,NULL,1,'2021-07-07 20:14:30','7261558a6073989f985e502195e3a10aef2ccaeeae167423d08cb56d1bf7afbc'),(507,'dderuggierocl@home.pl','a20423e25b5a2da58dde69cf54a34110','Danette','De Ruggiero','2004-10-31',1,1,40,189,84,'Morbi non lectus. Aliquam sit amet diam in magna bibendum imperdiet.',NULL,NULL,1,'2021-07-07 20:14:30','d1790703a3235a93b287df9c7569b7d5520dadde74dcb8e20d2e3a5545832098'),(508,'rpetrouliscm@google.com','d8f55ca4ea39d8f28e9acf775fdf24ec','Rhoda','Petroulis','2013-11-03',1,2,30,164,66,'Fusce lacus purus, aliquet at, feugiat non, pretium quis, lectus. Suspendisse potenti.',NULL,NULL,1,'2021-07-07 20:14:30','f0c008d0bb2047f595a7d08c6d2d00b4fe2f662a1767157efd3b2663338ce410'),(509,'fbutcherscn@theguardian.com','f478420ba365c6821a5cd063f2c5d12b','Felipe','Butchers','2001-12-29',1,1,1,203,113,'Phasellus id sapien in sapien iaculis congue. Vivamus metus arcu, adipiscing molestie, hendrerit at, vulputate vitae, nisl. Aenean lectus.',NULL,NULL,1,'2021-07-07 20:14:30','c4b7675e2be88420a0ef886d70eb3ac8f2a5f7b483f7c61a21aa41703bb04df0'),(510,'nkeydenco@cnn.com','d53135779978b39a6ce565991d39e654','Nikki','Keyden','2013-07-18',2,3,34,201,85,'Proin eu mi. Nulla ac enim.',NULL,NULL,1,'2021-07-07 20:14:31','9f4b0bf0ac57f08ed8ed439d43a1f2107c582a73cdd7ec38fc2d23acd128e6fd'),(511,'scadecp@cornell.edu','a5678eea20996473118b2021a4d9a2aa','Sonny','Cade','2005-06-12',2,3,5,196,68,'Vestibulum ante ipsum primis in faucibus orci luctus et ultrices posuere cubilia Curae; Donec pharetra, magna vestibulum aliquet ultrices, erat tortor sollicitudin mi, sit amet lobortis sapien sapien non mi.',NULL,NULL,1,'2021-07-07 20:14:31','6d1f3ac00378199e2387e30d60f249c72b68d8ce3ec8cc2cb9b1676189b1ebad'),(512,'blindorescq@utexas.edu','aa5a61f0915103051eab21dfe258b9c8','Burl','Lindores','2000-07-19',6,4,20,170,99,'Aliquam quis turpis eget elit sodales scelerisque. Mauris sit amet eros.',NULL,NULL,1,'2021-07-07 20:14:31','a8097e90dd2d2558b51f4f71387cc0b427e1ad6991e754f155a51b52acee6f48'),(513,'dbaggercr@google.es','038daa5fca5d01553ac06b681210d954','Daveta','Bagger','2010-08-06',2,1,24,173,101,'Maecenas pulvinar lobortis est. Phasellus sit amet erat. Nulla tempus.',NULL,NULL,1,'2021-07-07 20:14:31','75ab2140682c7532c2631fe6fb887a78c6476f55c3864fa26bb6073c17b26f8a'),(514,'ebellsoncs@is.gd','7b572b3c9886b7cc1295718d4bf473e5','Elysee','Bellson','2013-10-04',2,3,35,163,71,'In blandit ultrices enim. Lorem ipsum dolor sit amet, consectetuer adipiscing elit.',NULL,NULL,1,'2021-07-07 20:14:31','63dd0421913cc92418e6e9feb7056972c9db683e46d2cf0801934c5c4703395e'),(515,'ccroixct@about.me','553ad2d41e153c1c704fb736738e381d','Costanza','Croix','2017-01-20',2,1,28,181,84,'Mauris lacinia sapien quis libero. Nullam sit amet turpis elementum ligula vehicula consequat. Morbi a ipsum.',NULL,NULL,1,'2021-07-07 20:14:31','5e2c293d5ccee957c3115f253136dc057f07024acbd4b3c58562f6662a60fcfb'),(516,'cknowlyscu@moonfruit.com','36c0b70b4654f0d592baf714fb989eb7','Catlin','Knowlys','2014-03-22',4,1,59,180,81,'Nulla tellus. In sagittis dui vel nisl. Duis ac nibh.',NULL,NULL,1,'2021-07-07 20:14:31','4c7e8b30b0259dff0fee6eef13ca56cc5c5ebf0344b40997460f6344102129cc'),(517,'lbaleinecv@moonfruit.com','c067276cb5b41ffe7cef3477673db96a','Levi','Baleine','2002-05-30',6,1,16,170,117,'Nam congue, risus semper porta volutpat, quam pede lobortis ligula, sit amet eleifend pede libero quis orci. Nullam molestie nibh in lectus. Pellentesque at nulla.',NULL,NULL,1,'2021-07-07 20:14:31','7e9bff16f9c4b50f797986b6d14e882b178786584469a81a0dc1f3fabb97f2f0'),(518,'bpaxmancw@themeforest.net','73da5409e76accfe619974730fe623c7','Bethena','Paxman','2003-11-14',2,4,19,163,75,'Morbi odio odio, elementum eu, interdum eu, tincidunt in, leo. Maecenas pulvinar lobortis est.',NULL,NULL,1,'2021-07-07 20:14:31','9e6a64db12735d1ce6e7170cc34708ee8e34ce07730ef6b7bafb962e25c2beb6'),(519,'yjerrandcx@diigo.com','9958fd8bee681f3e4d8088a948f71ab9','Yance','Jerrand','2012-01-21',1,2,57,220,106,'Cras non velit nec nisi vulputate nonummy. Maecenas tincidunt lacus at velit.',NULL,NULL,1,'2021-07-07 20:14:31','881fe53f186835b4215bf619c9e84bdf8b193cae48214e2ef282851e4fb5ee3d'),(520,'ckirsteincy@free.fr','d5feacc7f58957c2180f31fb69f3e3ee','Clarine','Kirstein','2013-03-27',6,2,38,172,97,'Proin at turpis a pede posuere nonummy.',NULL,NULL,1,'2021-07-07 20:14:32','66672183620a0e97c66c7cfa812dcfea22a62c00d1a2d7d9d048d7f923d3f99a'),(521,'bbartosikcz@lulu.com','3108391702aa98e74695cc1d1049c38e','Bab','Bartosik','2019-12-11',4,3,15,195,90,'Nullam sit amet turpis elementum ligula vehicula consequat. Morbi a ipsum. Integer a nibh.',NULL,NULL,1,'2021-07-07 20:14:32','58be2949298602e1627c7481e88b252683e81b71ec25e24ec7d6fd324faa3011'),(522,'mspavond0@bloglovin.com','bf4f82f60ce7846c314f9e7a2b166dd1','Matty','Spavon','2005-07-31',3,1,28,200,58,'Cum sociis natoque penatibus et magnis dis parturient montes, nascetur ridiculus mus. Vivamus vestibulum sagittis sapien.',NULL,NULL,1,'2021-07-07 20:14:32','1570b89bf9b6657c6ee577f0756da5b40e4432086096defaf40fa080d1bb8c04'),(523,'bwoodhalld1@narod.ru','b928ade764a5f9f66ceb2f1a1fd72919','Brody','Woodhall','2006-06-18',1,4,47,208,73,'Nulla nisl. Nunc nisl.',NULL,NULL,1,'2021-07-07 20:14:32','48bf438f383369274681d0d48b689fc84657c68c2b43cd0f4ed876536057c609'),(524,'lkeddied2@example.com','1f78e20c3d80a439ab6e6dcc02961c74','Lark','Keddie','2018-12-19',1,2,24,154,105,'Proin at turpis a pede posuere nonummy. Integer non velit. Donec diam neque, vestibulum eget, vulputate ut, ultrices vel, augue.',NULL,NULL,1,'2021-07-07 20:14:32','084bc64baf9f4477b6ba735491cd3929c2e6ed4fa42e7535e73e8c06ebebf0a7'),(525,'bissacoffd3@rambler.ru','df963d9e9aa4d2290e1eb1d4634cf85a','Bing','Issacoff','2006-11-30',2,4,49,200,93,'Duis mattis egestas metus. Aenean fermentum.',NULL,NULL,1,'2021-07-07 20:14:32','f6789701d7fb320cfb0e5b3e76ff67686c37d1e6ef214411e3260cfc21fd853f'),(526,'bkopmannd4@icio.us','8a5a535b3a613b7627dc52b401590ab3','Burch','Kopmann','2012-03-05',2,2,23,201,55,'Curabitur convallis.',NULL,NULL,1,'2021-07-07 20:14:32','dbd7136cd19927e91e5c015601b8b061e2d6a2f9c0567eba105afb2066bf8515'),(527,'sbuxceyd5@redcross.org','4fc3f8fa3f1ec37fcad0025f2c028150','Sarge','Buxcey','2012-01-25',2,4,18,167,53,'Duis bibendum, felis sed interdum venenatis, turpis enim blandit mi, in porttitor pede justo eu massa. Donec dapibus. Duis at velit eu est congue elementum.',NULL,NULL,1,'2021-07-07 20:14:32','438bb9f7901d45b2711c7ff4d12b97ff98844ecb6673df32f58dc223ff1577ba'),(528,'kfoukxd6@theglobeandmail.com','58f9a8b42874c270364690dee720499b','Kath','Foukx','2020-01-03',4,1,63,189,76,'Aliquam sit amet diam in magna bibendum imperdiet.',NULL,NULL,1,'2021-07-07 20:14:32','e2804007c94c3b72503890f33d883c0692b4f22865ab49f035babfe47184be4d'),(529,'srevelld7@360.cn','a919f86ec5cdc29d741eb6efd0fc4cf3','Sydney','Revell','2009-09-28',3,3,63,191,98,'Maecenas tincidunt lacus at velit. Vivamus vel nulla eget eros elementum pellentesque.',NULL,NULL,1,'2021-07-07 20:14:32','d9658e967a90b9f2c6a93c2483aa4fa0a5439e8eff701002dacbb15f3c59c323'),(530,'cmeredithd8@guardian.co.uk','ab44f23c38760a4d45dd42a2a64749dc','Cayla','Meredith','2018-05-14',6,4,6,156,68,'Cras non velit nec nisi vulputate nonummy.',NULL,NULL,1,'2021-07-07 20:14:33','759b09c73248cafbeed978934298efc66c9655da5d07045e8398c4998756bdb1'),(531,'beberled9@opensource.org','354d4f60498af3cfca74abfe97bbbea9','Byran','Eberle','2021-04-27',5,2,9,196,89,'Nam nulla. Integer pede justo, lacinia eget, tincidunt eget, tempus vel, pede. Morbi porttitor lorem id ligula.',NULL,NULL,1,'2021-07-07 20:14:33','f4574914be16cffe36fb9ab3eecf0957d58ce4b8f1c026bd22e6072e9220a8ed'),(532,'mcaddockda@e-recht24.de','dffdf2906817d8181e7eeb4d32f5dafa','Marlon','Caddock','2008-07-31',1,4,10,181,53,'Nunc nisl. Duis bibendum, felis sed interdum venenatis, turpis enim blandit mi, in porttitor pede justo eu massa.',NULL,NULL,1,'2021-07-07 20:14:33','9fe1bbffe0577f22cc70a145a9e3b5cf0296300b517c0c2a7a247b93c527effb'),(533,'sdinapolidb@wikimedia.org','c36efcd38d234baf0314bea06316bf69','Susi','Di Napoli','2018-06-14',5,3,15,179,112,'Vestibulum ante ipsum primis in faucibus orci luctus et ultrices posuere cubilia Curae; Duis faucibus accumsan odio. Curabitur convallis. Duis consequat dui nec nisi volutpat eleifend.',NULL,NULL,1,'2021-07-07 20:14:33','f22ef9babbb75df64f1576081e25c9c70cde45a3d5b68053a2b365256a97929c'),(534,'areamedc@surveymonkey.com','82b861d6d1faade421ca37aa5a706013','Alejoa','Reame','2008-07-01',3,2,51,195,50,'Donec ut dolor.',NULL,NULL,1,'2021-07-07 20:14:33','1efdadc97ed466c5adec2c1e1999860546279c6c77e1fcf6bf5595e999ef34ab'),(535,'jhoferdd@toplist.cz','f513e0adf208b0aab8f2642ccd3888a3','Jason','Hofer','2017-10-31',6,3,19,204,92,'Cras in purus eu magna vulputate luctus. Cum sociis natoque penatibus et magnis dis parturient montes, nascetur ridiculus mus.',NULL,NULL,1,'2021-07-07 20:14:33','14ba216ba9c312634dbaf8a98c3b431d4751a2e92ffb6b93d255729a67eb9624'),(536,'khartnessde@examiner.com','d842e89c4fb3a95adb68fe9f4cee1514','Konstantine','Hartness','2013-08-30',5,2,34,202,92,'Integer ac neque. Duis bibendum. Morbi non quam nec dui luctus rutrum.',NULL,NULL,1,'2021-07-07 20:14:33','c69a0c41f86ff4daa8905dc2d8260f320cd87b09cb04aa5bf1aa239cda41e4fb'),(537,'mdootsondf@noaa.gov','64c169d5e78340cf9ecc4455215d2c20','Melvyn','Dootson','2013-02-03',5,3,30,203,71,'Duis at velit eu est congue elementum. In hac habitasse platea dictumst. Morbi vestibulum, velit id pretium iaculis, diam erat fermentum justo, nec condimentum neque sapien placerat ante.',NULL,NULL,1,'2021-07-07 20:14:33','f62d804f33a1a75c1162d692068a1953cc075f35db3a583ce36a07177cfccc11'),(538,'bquineydg@amazonaws.com','b68460cb0268dcf9a2a2e63c46ff40e9','Bat','Quiney','2018-01-02',4,1,46,219,70,'Fusce consequat. Nulla nisl. Nunc nisl.',NULL,NULL,1,'2021-07-07 20:14:33','ef7b2d87ec592a360a3c9e6d3e6f36f75a4ee8dd040f985dc9f8e9425b357f79'),(539,'rgrestedh@hubpages.com','0186bcf5da62ce6a4e8c7fb5926bdb79','Reider','Greste','2020-08-14',2,3,55,213,56,'Sed ante. Vivamus tortor. Duis mattis egestas metus.',NULL,NULL,1,'2021-07-07 20:14:33','566b6b673a30ed382ad58f98dee00398b1ee41da6cedc0792eb94901513a116f'),(540,'mfulbrookdi@dagondesign.com','44c755c97d1175e01f194ba191b3b460','Moshe','Fulbrook','2018-08-12',2,2,39,213,97,'Vivamus metus arcu, adipiscing molestie, hendrerit at, vulputate vitae, nisl.',NULL,NULL,1,'2021-07-07 20:14:34','7e7e3831d46debfe1f61a87ee306ae42607a91b82f3ec8fa1d09fd5040d264e2'),(541,'corchartdj@nytimes.com','9a58fd3e741ac52b6c803c27ed74e5cf','Coletta','Orchart','2016-06-02',5,3,54,202,116,'Aliquam augue quam, sollicitudin vitae, consectetuer eget, rutrum at, lorem. Integer tincidunt ante vel ipsum. Praesent blandit lacinia erat.',NULL,NULL,1,'2021-07-07 20:14:34','6c72db7e039809f83b7bb4c4d160ccbaaa55813fffdcfd77d2d4ef7cfcb22a0e'),(542,'dcaunterdk@bigcartel.com','9de25ee87a5fee00d00d12da02e54090','Dud','Caunter','2001-11-28',3,4,58,203,62,'Morbi porttitor lorem id ligula. Suspendisse ornare consequat lectus. In est risus, auctor sed, tristique in, tempus sit amet, sem.',NULL,NULL,1,'2021-07-07 20:14:34','ba4edc5c392c3b9675f9298f8961ba8aff2fec848ae9fa46868a4ece143b0eda'),(543,'rseamandl@youtu.be','e311053693232f459cc64cb09a43ed49','Reinold','Seaman','2019-07-05',2,3,20,193,114,'Duis bibendum. Morbi non quam nec dui luctus rutrum. Nulla tellus.',NULL,NULL,1,'2021-07-07 20:14:34','7401ad935cef7468684a621a4d88c2a2ad981079012adb3aac4f67ea8fe59dfa'),(544,'cbriscodm@unc.edu','464e6364719364a9ec5d30ed58f5a92a','Chevy','Brisco','2017-10-20',1,2,60,166,119,'Aliquam quis turpis eget elit sodales scelerisque. Mauris sit amet eros. Suspendisse accumsan tortor quis turpis.',NULL,NULL,1,'2021-07-07 20:14:34','f8512dd5c4677cbefb941e55489803a1e5ccd9811dbbf3dab532d3cd4d0bb4d7'),(545,'wfrilldn@sohu.com','31178613385254f62aae28c2c763f8cc','Wake','Frill','2009-04-27',2,2,23,164,96,'Nullam porttitor lacus at turpis.',NULL,NULL,1,'2021-07-07 20:14:34','ea889a6e6fccfab8c074f850a9496c931426ff822c425a21e1a22146e23308e9'),(546,'bboarderdo@slashdot.org','94150f50bf55146e3de7c5868db6b4ff','Benyamin','Boarder','2020-04-05',5,3,54,173,119,'Sed sagittis. Nam congue, risus semper porta volutpat, quam pede lobortis ligula, sit amet eleifend pede libero quis orci.',NULL,NULL,1,'2021-07-07 20:14:34','57665a90cc32c3ecc348a8b0c98ccce93ee39ca7c9a5c3020d7447fb9e3d8bb5'),(547,'rmattusovdp@about.com','4dd7007de46a831f54cd3ec4da848381','Rene','Mattusov','2017-02-04',5,1,45,181,115,'Donec semper sapien a libero. Nam dui.',NULL,NULL,1,'2021-07-07 20:14:34','46c9216d5e766431c84a41e39230ad75c88ca7590a7f73dc640c113b37d1e6ab'),(548,'krossodq@php.net','76cb07c7ac6caec87f2e170b23ed364a','Kane','Rosso','2012-09-25',3,2,12,195,84,'Cras pellentesque volutpat dui. Maecenas tristique, est et tempus semper, est quam pharetra magna, ac consequat metus sapien ut nunc.',NULL,NULL,1,'2021-07-07 20:14:34','793c1830cb581cc74955ae0c61e3c89783632cb01fa564f99a51b5ec3dcd9056'),(549,'mmacallisterdr@quantcast.com','e728cd25faebb8b32fb4bc085d641ddc','Monti','MacAllister','2006-12-07',5,1,12,152,91,'Vestibulum ante ipsum primis in faucibus orci luctus et ultrices posuere cubilia Curae; Nulla dapibus dolor vel est.',NULL,NULL,1,'2021-07-07 20:14:34','ea99aa93903586c4ee0bb628e2602144fa2ab05dc843e1a6b55bcd1660db42ea'),(550,'jwaindds@ehow.com','c95f9e9f05214fd177d726b0570a07d0','Jackqueline','Waind','2017-02-27',5,1,26,153,88,'Suspendisse ornare consequat lectus.',NULL,NULL,1,'2021-07-07 20:14:35','4a88354d701e4973d87177d21cfc9726a67c79f7d2c01ffd1b575a3b90f6ed9b'),(551,'ssmoothdt@github.com','5cc1672778201820edb831ac5423bb9a','Salvatore','Smooth','2020-12-28',3,2,43,214,89,'Integer ac neque. Duis bibendum.',NULL,NULL,1,'2021-07-07 20:14:35','2c3e326e76e642b0898131eb81446dcfe808a3cf5bddf67a9d7115cf0c9f45be'),(552,'ygwillymdu@1688.com','6039211eb54c4e279f71d219fce8747b','Yancey','Gwillym','2015-11-28',2,2,35,188,99,'Vivamus in felis eu sapien cursus vestibulum.',NULL,NULL,1,'2021-07-07 20:14:35','edee0fbbf38f06b547aaed9626b82057e06070efd66243e70e49febb1191859b'),(553,'gwalkdendv@merriam-webster.com','96f72e02b70343f7fef96c572171612f','Geralda','Walkden','2017-03-11',4,1,36,185,110,'Cras mi pede, malesuada in, imperdiet et, commodo vulputate, justo. In blandit ultrices enim.',NULL,NULL,1,'2021-07-07 20:14:35','9fb64d2d682ccac508420d2f82bb400ca16027d11b289ccc5a2560603c60519a'),(554,'abordissdw@bizjournals.com','2a1cb401107de972af30e8aaf9789f96','Aldin','Bordiss','2014-11-24',2,1,3,158,111,'Vestibulum ante ipsum primis in faucibus orci luctus et ultrices posuere cubilia Curae; Mauris viverra diam vitae quam. Suspendisse potenti. Nullam porttitor lacus at turpis.',NULL,NULL,1,'2021-07-07 20:14:35','f97cfda48c057f48b111bf8e75db9082a19387f410b22fa7daae411302a3b484'),(555,'kgregolidx@noaa.gov','9a5154920355961646b3d1c6ad6bc4a3','Kingsly','Gregoli','2017-11-17',3,1,61,167,108,'Cum sociis natoque penatibus et magnis dis parturient montes, nascetur ridiculus mus. Etiam vel augue.',NULL,NULL,1,'2021-07-07 20:14:35','644ec07a97a6b62b92f8bf7e6328f70d4a55550627b2a86b2c827919619faa98'),(556,'ccarslakedy@meetup.com','12ee5bb0d45a209912561208eb80837b','Caty','Carslake','2000-02-25',3,3,41,215,100,'Nam congue, risus semper porta volutpat, quam pede lobortis ligula, sit amet eleifend pede libero quis orci.',NULL,NULL,1,'2021-07-07 20:14:35','c2deb43941d86de21a33dc057885aa413b58dd7ac68fb4562e13e2b9c110d9e0'),(557,'snoendz@skyrock.com','789c8191351a9148c8e678cdc4c01d9c','Sheena','Noen','2013-07-01',2,3,60,202,66,'Morbi ut odio. Cras mi pede, malesuada in, imperdiet et, commodo vulputate, justo.',NULL,NULL,1,'2021-07-07 20:14:35','b9edda51b58b0fb89f0190741a9142cf67e7ce4d9e91013a51a354b8c6496653'),(558,'iveritye0@newsvine.com','2b1f18ad2f012e20d6c33729e6e7d19e','Issie','Verity','2011-12-15',5,3,28,220,115,'Nulla ut erat id mauris vulputate elementum.',NULL,NULL,1,'2021-07-07 20:14:35','17aada63e33e054e5f122a796aa4759147beaf7294b3d0ffe45e58ff0adc637e'),(559,'lstreetfielde1@fda.gov','fc366ebc3deb4fbcd3ebeefe35c6f1eb','Lief','Streetfield','2000-05-30',2,1,23,219,113,'Nam ultrices, libero non mattis pulvinar, nulla pede ullamcorper augue, a suscipit nulla elit ac nulla.',NULL,NULL,1,'2021-07-07 20:14:36','b4cd210092749119af538a48cdce335ce74eef949418b4a95f7c3b783bd92f55'),(560,'rmongane2@google.com.au','ab43c246ccf106981173acfb69156573','Rona','Mongan','2016-03-27',2,3,26,190,93,'Donec ut mauris eget massa tempor convallis. Nulla neque libero, convallis eget, eleifend luctus, ultricies eu, nibh. Quisque id justo sit amet sapien dignissim vestibulum.',NULL,NULL,1,'2021-07-07 20:14:36','7b633a9b96fb4a56c383fc17c14fc735c77ca59e3eaa45ece3ac6fc9f71af270'),(561,'dbaudouxe3@multiply.com','a6c6a2d2d59a81087a99cac3497f1248','Dermot','Baudoux','2012-11-12',2,1,33,219,50,'Vestibulum ante ipsum primis in faucibus orci luctus et ultrices posuere cubilia Curae; Duis faucibus accumsan odio.',NULL,NULL,1,'2021-07-07 20:14:36','efd35020c5c100ceee62b9d52acb5465883d3074f88be4e2bf870ec6a87ea60b'),(562,'tperte4@epa.gov','47705740074bf0aad78a5ac8fff886e5','Thoma','Pert','2017-11-08',1,3,43,196,51,'Nulla neque libero, convallis eget, eleifend luctus, ultricies eu, nibh. Quisque id justo sit amet sapien dignissim vestibulum. Vestibulum ante ipsum primis in faucibus orci luctus et ultrices posuere cubilia Curae; Nulla dapibus dolor vel est.',NULL,NULL,1,'2021-07-07 20:14:36','c46e0bb0f7a0d39be5eb9ee029b315c264c1d6037f9d41f390d352a3cb4e4a4c'),(563,'cperoe5@google.co.jp','49d301ade50825376ddb1a38593a6a75','Carolin','Pero','2018-12-20',4,2,17,210,111,'In hac habitasse platea dictumst. Etiam faucibus cursus urna. Ut tellus.',NULL,NULL,1,'2021-07-07 20:14:36','a826f9b786396c672f72092420eb8dce6dea93beab0e1c450048906202cf9df1'),(564,'switherspoone6@hexun.com','8dddcf4fb90c7c0126fae429175f577b','Sidonnie','Witherspoon','2001-09-30',5,3,57,161,114,'Aliquam erat volutpat. In congue. Etiam justo.',NULL,NULL,1,'2021-07-07 20:14:36','a00fb394895175ac68f4b9b09e86fce96fa950d1b723d3e80eeebe441653c9e7'),(565,'wseagere7@simplemachines.org','2f79a149fa8047ffc5ab07e0a17cf984','Weber','Seager','2003-04-04',6,1,35,188,107,'Nam nulla. Integer pede justo, lacinia eget, tincidunt eget, tempus vel, pede.',NULL,NULL,1,'2021-07-07 20:14:36','7b17810eb6d9b51bf11640a424ca497b24f84ba2e16b341d3aef73de7b8fd217'),(566,'dkeggine8@netvibes.com','d1af7baa1990065cdb07bf8510bb9aa1','Durant','Keggin','2021-06-26',2,1,1,176,83,'Vestibulum ante ipsum primis in faucibus orci luctus et ultrices posuere cubilia Curae; Donec pharetra, magna vestibulum aliquet ultrices, erat tortor sollicitudin mi, sit amet lobortis sapien sapien non mi. Integer ac neque. Duis bibendum.',NULL,NULL,1,'2021-07-07 20:14:36','7c85ceb6d2d453889033c6ef0a8c99f4b1e169731262b369c8a035cc3d441821'),(567,'sendricie9@indiatimes.com','010c978be0d4f9003712e373052958dd','Sibel','Endrici','2009-09-27',1,4,52,156,83,'Cum sociis natoque penatibus et magnis dis parturient montes, nascetur ridiculus mus. Vivamus vestibulum sagittis sapien. Cum sociis natoque penatibus et magnis dis parturient montes, nascetur ridiculus mus.',NULL,NULL,1,'2021-07-07 20:14:36','0508de1a8bcad07f2d1be247c273b49f9f7a475b5a1ec34fb740e770b997f648'),(568,'acoldrickea@facebook.com','36c2b6ea43f0019e09cbb4a84e80e85d','Amandi','Coldrick','2005-05-31',3,1,26,212,69,'Aliquam quis turpis eget elit sodales scelerisque. Mauris sit amet eros. Suspendisse accumsan tortor quis turpis.',NULL,NULL,1,'2021-07-07 20:14:37','19dce1630becab0a5e8c99335348e6cb8771eff09639807948c1a72a254fccb9'),(569,'mhancelleb@ezinearticles.com','f72a21d227df0f25143988d725849a50','Merilee','Hancell','2017-06-17',5,1,44,174,56,'Aenean lectus. Pellentesque eget nunc. Donec quis orci eget orci vehicula condimentum.',NULL,NULL,1,'2021-07-07 20:14:37','5101e102c3aa68a6f0f5adfa15215b846a40a4b58e77820cc73fde9920dacc58'),(570,'cveigheyec@biglobe.ne.jp','05b65843c6fe3e6134891bb2c4080913','Clo','Veighey','2007-04-03',1,2,61,177,68,'Cum sociis natoque penatibus et magnis dis parturient montes, nascetur ridiculus mus.',NULL,NULL,1,'2021-07-07 20:14:37','7f34ac2b9e26e6a40634c29eb04ae32bb12d5432d1a40a3f281ac2e14f436ec5'),(571,'fcallistered@marriott.com','b083ad6f347a91b0bc39a1c84c5e86cd','Franciska','Callister','2014-12-10',5,2,16,176,84,'Pellentesque eget nunc. Donec quis orci eget orci vehicula condimentum.',NULL,NULL,1,'2021-07-07 20:14:37','b0f3335d4b64efa18c65362a3011ae3d1045d473fb70f61035bc4fc3e81ca3ef'),(572,'cbuckee@hostgator.com','1f17edff1e4b85a422c31579332892de','Clerkclaude','Buck','2018-07-26',6,4,41,155,85,'Integer ac leo. Pellentesque ultrices mattis odio.',NULL,NULL,1,'2021-07-07 20:14:37','a514afc21beffb606e4a222fb3691d3fb3ec856024d311e754c5dcd2e45938e9'),(573,'smedlenef@cbc.ca','a061ddd26f7817f62a377ec36aed2128','Siusan','Medlen','2009-01-14',6,4,56,181,118,'Maecenas leo odio, condimentum id, luctus nec, molestie sed, justo. Pellentesque viverra pede ac diam.',NULL,NULL,1,'2021-07-07 20:14:38','c742c8cce00517e283e736f2baca3fdcd498e5e1f06210e6a78b2f34c685432e'),(574,'rbeavoneg@hao123.com','3bb306e998488b0f6601a9f7d5db040c','Rosabelle','Beavon','2018-01-13',6,4,5,150,120,'Vestibulum ac est lacinia nisi venenatis tristique. Fusce congue, diam id ornare imperdiet, sapien urna pretium nisl, ut volutpat sapien arcu sed augue. Aliquam erat volutpat.',NULL,NULL,1,'2021-07-07 20:14:38','ced1264d8e5fcef216552cc71f1cef68003ae198c8709d63f0306f5d8968692d'),(575,'rpassinghameh@wp.com','5b6460f2ce517023ab804cb8a1dc80b4','Ricki','Passingham','2002-03-04',4,3,53,182,94,'Suspendisse ornare consequat lectus.',NULL,NULL,1,'2021-07-07 20:14:38','b20807f14d137f27c4e53a9d4eb23356b62f8fb40d48d50d6bc5bada413a0c6e'),(576,'calliboneei@so-net.ne.jp','fdf8e753175d7a7a32879379f403fc46','Coral','Allibone','2011-09-03',5,2,8,151,119,'Curabitur in libero ut massa volutpat convallis. Morbi odio odio, elementum eu, interdum eu, tincidunt in, leo. Maecenas pulvinar lobortis est.',NULL,NULL,1,'2021-07-07 20:14:38','a19bd976a84b90c0da05431cbce03b2a11e10d588436389ef4ea2df55d88551e'),(577,'kfarrarej@homestead.com','191b1cf664474bd5a04771fec5bf03d8','Kristian','Farrar','2012-01-06',2,4,2,154,111,'Nunc rhoncus dui vel sem. Sed sagittis.',NULL,NULL,1,'2021-07-07 20:14:39','67b43b02ec255685af766aca893087a65f9596f0b4609356960bed4122d2118f'),(578,'hgullaneek@soundcloud.com','93e8ee095b7907a7ac6eff60691754ba','Hermy','Gullane','2009-08-12',2,4,11,220,86,'Aenean auctor gravida sem. Praesent id massa id nisl venenatis lacinia. Aenean sit amet justo.',NULL,NULL,1,'2021-07-07 20:14:39','84f239ff8b71a1d02bd82d7b4f0c2675d8f67168952d55cf0a383b65e4d17e18'),(579,'fbrandinoel@hud.gov','e15f618c6a7338cd6a79dfbe8d42a9f6','Filip','Brandino','2000-01-05',2,2,16,190,87,'Etiam faucibus cursus urna. Ut tellus. Nulla ut erat id mauris vulputate elementum.',NULL,NULL,1,'2021-07-07 20:14:39','2360202974beb16c7cb5d64c414a3b30e4005ad0eed7d90bc77b158e18ca646b'),(580,'bperrettem@apache.org','ca4b6a28ec68e983a1d3d413c5cd09e8','Brocky','Perrett','2003-03-05',2,3,18,204,86,'Suspendisse accumsan tortor quis turpis. Sed ante.',NULL,NULL,1,'2021-07-07 20:14:39','92a6f470cccc9b901f681cca6b153fe29d5b1524321dfd841d45a398364c6b80'),(581,'kgrangeen@t-online.de','702783695cae10ddd56cc9fe4d90100e','Keeley','Grange','2000-05-08',5,1,34,206,62,'Proin risus. Praesent lectus.',NULL,NULL,1,'2021-07-07 20:14:39','f981a078bdcf6d6fe6b6d4091d62078dfeb9c297af979ab65438f696234a3bb2'),(582,'skedwelleo@slideshare.net','facda805e1559d719a41d784ded3a248','Sloan','Kedwell','2017-02-03',2,1,5,212,75,'Nulla justo. Aliquam quis turpis eget elit sodales scelerisque. Mauris sit amet eros.',NULL,NULL,1,'2021-07-07 20:14:39','974dd865756b6e94ddacd9b4c04166adfc609c935988f0153ed2b49576fb14b7'),(583,'dbafordep@4shared.com','1f048044321ecda31035b17e02f87d60','Donn','Baford','2007-01-05',3,2,31,194,93,'Morbi ut odio.',NULL,NULL,1,'2021-07-07 20:14:40','d9ecd31180cc4ae2ec8bdea3c8f1083b4efd4743f317c6fc5d587540b2fc20b2'),(584,'acabottoeq@cbslocal.com','b286022d7ab8546ea911fe6895cd9767','Arlie','Cabotto','2001-06-27',1,2,4,164,106,'Nam nulla.',NULL,NULL,1,'2021-07-07 20:14:40','741d7545f04cb9b9be1527b22c509c1b9e8abbf64f922f9820c68a35386d0719'),(585,'dyauser@ucsd.edu','8eef0e188fe3aa3c59db46179a8ff8ad','Donella','Yaus','2011-05-04',5,1,28,210,87,'Etiam vel augue. Vestibulum rutrum rutrum neque.',NULL,NULL,1,'2021-07-07 20:14:40','d27e6cde98ddbd9a9f4bf8ec2e8ebf800de6a95e7ec12211dc83d743572b222b'),(586,'drixes@hhs.gov','8f921c97a3f75e5331e362255f641f4d','Durante','Rix','2000-01-16',3,2,4,183,111,'Pellentesque viverra pede ac diam.',NULL,NULL,1,'2021-07-07 20:14:41','ca3f9bd38f3b78f302dd157515a831ff0b7557959e17ae06c13837b3d35e40f0'),(587,'egoodgeret@tamu.edu','a39f4f10de76460f315650f629c3e98f','Ewart','Goodger','2018-11-06',4,4,8,158,81,'Phasellus in felis. Donec semper sapien a libero.',NULL,NULL,1,'2021-07-07 20:14:41','1b26eabaa5170d0384a6f6ded27e70a59a7146c4b2c6fc404e4064e81a8b10c2'),(588,'hquartermaneu@goo.ne.jp','32e50cf97fb61678aac4a43b8895c428','Herbert','Quarterman','2010-06-17',1,4,1,216,107,'Fusce congue, diam id ornare imperdiet, sapien urna pretium nisl, ut volutpat sapien arcu sed augue.',NULL,NULL,1,'2021-07-07 20:14:41','9c981e5962fc9f4e03433fad0b449144b6329d4adf841e47eda05ce7040853d7'),(589,'mnanniev@msn.com','739c675b859565974082c5893d6aa629','Moyra','Nanni','2004-02-13',4,4,43,185,51,'Cras mi pede, malesuada in, imperdiet et, commodo vulputate, justo. In blandit ultrices enim.',NULL,NULL,1,'2021-07-07 20:14:41','9e6d16dacd0993dd1eda7ddb8e7aeb1738cd36449f5dd7601d06bbf3109f01a9'),(590,'dgamblesew@china.com.cn','1d81eae51e4d0ebb07f25bd41b0fa110','Damara','Gambles','2011-01-16',5,1,27,187,57,'Vestibulum ac est lacinia nisi venenatis tristique. Fusce congue, diam id ornare imperdiet, sapien urna pretium nisl, ut volutpat sapien arcu sed augue. Aliquam erat volutpat.',NULL,NULL,1,'2021-07-07 20:14:41','b59c4c4ba699afa2a44ca45c43a88f84be5f3d566cf260658116f190cbdd263b'),(591,'gbishopex@theguardian.com','dea40f079159e77690daeabfdc92a273','Gordan','Bishop','2014-11-08',5,3,43,166,63,'Pellentesque viverra pede ac diam. Cras pellentesque volutpat dui. Maecenas tristique, est et tempus semper, est quam pharetra magna, ac consequat metus sapien ut nunc.',NULL,NULL,1,'2021-07-07 20:14:41','f688eeeef216ad0b5881c60c47b29b6c843fb2776407ac837079bada11c897bb'),(592,'gsteiney@foxnews.com','5be7686b264c665ad4c1881e47b9c0b8','Grace','Stein','2001-02-16',4,2,29,173,54,'Vestibulum ante ipsum primis in faucibus orci luctus et ultrices posuere cubilia Curae; Mauris viverra diam vitae quam. Suspendisse potenti.',NULL,NULL,1,'2021-07-07 20:14:42','91956e0239ff77faafa509b097ede0400ec98271947f8ecbaad2dad18ad7e06f'),(593,'abuckelez@washington.edu','6f066dd502e290bb606351efc980e8d9','Artemus','Buckel','2002-07-06',1,4,13,161,60,'Nunc rhoncus dui vel sem. Sed sagittis.',NULL,NULL,1,'2021-07-07 20:14:42','482d4c136c96383646cf3185bd384ef638436cf4740c1c21444e2fc17c5bd282'),(594,'dbletcherf0@sbwire.com','d5b40e52b25dbd65d4f4e04380860d5a','Drucy','Bletcher','2005-09-17',3,1,29,189,82,'Duis consequat dui nec nisi volutpat eleifend. Donec ut dolor. Morbi vel lectus in quam fringilla rhoncus.',NULL,NULL,1,'2021-07-07 20:14:42','35684a26e75570c18a95d9987c5dcdc0d8f3ef7c466dd5dbe25dce4908ce59a2'),(595,'bfawksf1@liveinternet.ru','bb0b92759ec19daffd8b894fd3d994fb','Birch','Fawks','2001-12-12',4,3,60,161,97,'Nullam molestie nibh in lectus. Pellentesque at nulla. Suspendisse potenti.',NULL,NULL,1,'2021-07-07 20:14:42','ecd496676dbb432ac7221c453a7261a9295f8883195c89ecc4ed5e4f7d0b0179'),(596,'hbraunlef2@gnu.org','ab95882f7aef50fd8c4da67cbd48740a','Helene','Braunle','2015-12-04',3,3,33,171,111,'Etiam pretium iaculis justo. In hac habitasse platea dictumst.',NULL,NULL,1,'2021-07-07 20:14:42','73e56555b8f6534bfef710b99b23ff9be6a5b3cd402ef37bf055298131c64a9f'),(597,'ldeliasf3@xing.com','e925186a1e73ef25c53545111f0455c2','Lesley','D\'Elias','2001-07-15',5,3,56,220,82,'Quisque id justo sit amet sapien dignissim vestibulum.',NULL,NULL,1,'2021-07-07 20:14:42','957800c7af21978ec75f98c8d9a2b412010f4d711d9bb847d9e631d7af1a6783'),(598,'bcasadof4@sohu.com','ac2b0e8293683311d04b4656a100769e','Boycey','Casado','2017-08-28',3,3,6,219,86,'In hac habitasse platea dictumst. Aliquam augue quam, sollicitudin vitae, consectetuer eget, rutrum at, lorem. Integer tincidunt ante vel ipsum.',NULL,NULL,1,'2021-07-07 20:14:42','f8343598947f49343c71e2a0d1f6db645d3890cc44e5bd982795d7abdef24bb2'),(599,'scurmif5@xinhuanet.com','1bc877cdc9f23c88d0c2e00ee50d3dd3','Samaria','Curmi','2005-05-01',4,4,48,151,94,'Etiam pretium iaculis justo.',NULL,NULL,1,'2021-07-07 20:14:42','18364444984e888a6d4d06fdad48989f2f7596e196598e8661cc619be24936ab'),(600,'erestieauxf6@diigo.com','6c7ea699a8d94d89b5a511208f5b07e8','Emmanuel','Restieaux','2013-04-18',2,1,33,166,53,'Maecenas leo odio, condimentum id, luctus nec, molestie sed, justo. Pellentesque viverra pede ac diam. Cras pellentesque volutpat dui.',NULL,NULL,1,'2021-07-07 20:14:43','a6b4143b47cdd36a3045909e8572e188740b21c8d1fe195439c40da721e54cf6'),(601,'seastopef7@github.com','7aac3f6c78f068d1b565d15bede4ebb6','Sarajane','Eastope','2007-03-15',6,4,32,155,67,'Integer aliquet, massa id lobortis convallis, tortor risus dapibus augue, vel accumsan tellus nisi eu orci. Mauris lacinia sapien quis libero.',NULL,NULL,1,'2021-07-07 20:14:43','d01e130c4d6aa8c9a5c04af36d2fbc00ba73ebf1e831860cc60dee4d87691157'),(602,'ponionf8@taobao.com','a5091a32fc8170f7e9b0f382c28c63f9','Percy','O\'Nion','2020-09-17',2,4,31,173,79,'Maecenas rhoncus aliquam lacus. Morbi quis tortor id nulla ultrices aliquet. Maecenas leo odio, condimentum id, luctus nec, molestie sed, justo.',NULL,NULL,1,'2021-07-07 20:14:43','8049fb198702d65c894ad3d475f14f0a7922d4b56eb194675b1cf1d1230c5bfc'),(603,'dcarlof9@unblog.fr','19b7ac879c7a501136bc0573d3ccc54f','Dennie','Carlo','2006-07-25',1,4,46,175,62,'Nulla tellus. In sagittis dui vel nisl. Duis ac nibh.',NULL,NULL,1,'2021-07-07 20:14:43','3827d4ab73de5a3d8d2632f392d989c1d9d53146eb8e95eadd783db20487753e'),(604,'ssancraftfa@photobucket.com','9989d83f53480ef8364389b51073703c','Sterne','Sancraft','2021-06-03',3,1,26,206,57,'Vestibulum quam sapien, varius ut, blandit non, interdum in, ante. Vestibulum ante ipsum primis in faucibus orci luctus et ultrices posuere cubilia Curae; Duis faucibus accumsan odio.',NULL,NULL,1,'2021-07-07 20:14:43','e29b343cfb794781f31b60802835c15724361b82cb9284cd6dfbefb8842f4664'),(605,'bmessenbirdfb@xinhuanet.com','577dd8aca8ef21d77a873b9470f0b7dc','Brier','Messenbird','2007-05-08',2,4,43,207,51,'Nulla justo.',NULL,NULL,1,'2021-07-07 20:14:43','cdf765760b852cc6d9d1751f0a0086dc1873f620609f7f120654554915ea51b4'),(606,'asonierfc@usa.gov','87496309249818c4025be0930e21299d','Adella','Sonier','2008-02-22',1,2,49,156,62,'Vivamus metus arcu, adipiscing molestie, hendrerit at, vulputate vitae, nisl. Aenean lectus.',NULL,NULL,1,'2021-07-07 20:14:43','6ef297c4bcaf7f68647e4fb73676073a52e49b42fb33b9c6fd24e66d7b65254a'),(607,'iquelchfd@uol.com.br','33c4e7dee68383da6e6bf24e4ae46cfd','Irma','Quelch','2019-07-15',3,4,52,156,54,'Morbi quis tortor id nulla ultrices aliquet.',NULL,NULL,1,'2021-07-07 20:14:44','81e4916cb2620dbb4d531ef55f6fd3ecf21be2c73aa7667646efa093234e3ff8'),(608,'wfradgleyfe@illinois.edu','9af65dd6b80d4b87dc466c14240b121c','Waldon','Fradgley','2016-08-20',4,3,10,153,104,'Vivamus tortor. Duis mattis egestas metus. Aenean fermentum.',NULL,NULL,1,'2021-07-07 20:14:44','0bfbf795629bab8a283039770bb89fe8b091cf8dead40e3219e3dd7b01bf21a7'),(609,'dbrookwoodff@columbia.edu','643d206734e7587930be3b25ffd81f8c','Debora','Brookwood','2001-05-31',2,1,38,212,74,'Lorem ipsum dolor sit amet, consectetuer adipiscing elit. Proin risus.',NULL,NULL,1,'2021-07-07 20:14:44','77061aa4467f9d95f6cea3c947b3b57c957ab9c5202dfa64fe7ffd00a28da9a2'),(610,'gvannuccinifg@hhs.gov','a01f76bbf380835bff522da47204862d','Gunar','Vannuccini','2003-12-13',5,2,6,151,111,'Duis bibendum. Morbi non quam nec dui luctus rutrum. Nulla tellus.',NULL,NULL,1,'2021-07-07 20:14:44','35ba60ddee0af0684d83173bbec4376b410c51c2ed623b6022556d1acc4abbc0'),(611,'nmixhelfh@squidoo.com','19ea0923aabfecdbad12dd23624f4b48','Ninnette','Mixhel','2010-12-09',2,4,22,219,64,'Nulla suscipit ligula in lacus.',NULL,NULL,1,'2021-07-07 20:14:44','b18d860af9452efeda80bb750f63ab12108fce928e750c7d5d8b176567afc758'),(612,'dbeslierfi@blinklist.com','233c8a98727c971158046b77d8e2a469','Dael','Beslier','2005-06-01',5,3,18,170,77,'Nulla ac enim.',NULL,NULL,1,'2021-07-07 20:14:44','6c9a694b206a97d250d0d0f42fc970c65e58984b4ea25f5cde7261888ca63e3e'),(613,'kferreirafj@cloudflare.com','e35421727a6232ef9e1a4e3cbe5dabe4','Kinna','Ferreira','2011-05-16',4,4,22,205,108,'Morbi a ipsum.',NULL,NULL,1,'2021-07-07 20:14:45','2f4b2939369ccd035c18583165ee58b78c4f8b5cac9caf47476515241d99056f'),(614,'cantonsenfk@washington.edu','d81786b2d3b5e81f94eecb009ecc1acb','Corrianne','Antonsen','2004-07-24',3,1,20,195,82,'Vestibulum rutrum rutrum neque. Aenean auctor gravida sem.',NULL,NULL,1,'2021-07-07 20:14:45','e223d56fcb99f2aab87eb8fecadd69c1fcebee4a9e61ff687ca0b176cb451f3c'),(615,'oneathfl@scientificamerican.com','0c2639b695f3a4fcc1a07e6ed6e017c3','Oswald','Neath','2016-07-12',4,1,13,171,63,'Donec posuere metus vitae ipsum.',NULL,NULL,1,'2021-07-07 20:14:45','eeee944d225d935d83864ad2badbfe6ac8f1cd09c49cdaa798f947a851c2c91d'),(616,'ssutchfm@senate.gov','d93fb97deee5af0781dd80cdc0e1dfb8','Selina','Sutch','2003-10-08',4,4,58,206,115,'Nulla facilisi.',NULL,NULL,1,'2021-07-07 20:14:45','d22650449cc1e422144be7aa073f87a5de274000e4eecfdd3d216367b2eff1af'),(617,'robraddenfn@about.me','73f4b80f0f923aba96d85582f7a44488','Rosabella','O\'Bradden','2018-12-13',1,4,29,214,82,'Morbi odio odio, elementum eu, interdum eu, tincidunt in, leo. Maecenas pulvinar lobortis est. Phasellus sit amet erat.',NULL,NULL,1,'2021-07-07 20:14:45','2796ff78b79e63d779ee874a570ff39eed20675de5ed7c15e1f86db08bfeeda5'),(618,'cjorinfo@pcworld.com','50dc92653a1c957f8d5cfd06c8bced29','Colin','Jorin','2006-09-01',1,3,18,154,93,'Aliquam augue quam, sollicitudin vitae, consectetuer eget, rutrum at, lorem. Integer tincidunt ante vel ipsum. Praesent blandit lacinia erat.',NULL,NULL,1,'2021-07-07 20:14:45','65643bb12de3fe54be631967adf57d5d14c41738cfe05b5a37bd09b4abf8766b'),(619,'pfoundfp@ocn.ne.jp','f23342fcfbc71c7d0790599c37a87786','Perrine','Found','2016-06-11',5,2,10,177,80,'In tempor, turpis nec euismod scelerisque, quam turpis adipiscing lorem, vitae mattis nibh ligula nec sem. Duis aliquam convallis nunc. Proin at turpis a pede posuere nonummy.',NULL,NULL,1,'2021-07-07 20:14:45','fc66191f617d81afe2a922f63b600cf05ab3da21312efd3d5038468607211350'),(620,'bdivinyfq@prnewswire.com','0fb55979382738508d7f9434c242e3a6','Bailie','Diviny','2008-07-23',1,2,37,190,120,'In est risus, auctor sed, tristique in, tempus sit amet, sem. Fusce consequat.',NULL,NULL,1,'2021-07-07 20:14:45','0d81cad4d330a0d351c177ec2839d7180103eb377ab01cfe5db3d31b8df381f9'),(621,'sfilonierefr@cafepress.com','a3a8a5d8d406125d40730ceea8a88f8b','Skelly','Filoniere','2005-02-22',3,1,14,215,66,'Suspendisse potenti. Nullam porttitor lacus at turpis. Donec posuere metus vitae ipsum.',NULL,NULL,1,'2021-07-07 20:14:46','b9dd067846cc9650f6e06e196ce1dba2df6a8a684838a52bebca782dfb9590d3'),(622,'rreachfs@theguardian.com','741dc5d7d5da11337750395e1e09895d','Rinaldo','Reach','2006-09-14',3,2,37,185,58,'Suspendisse ornare consequat lectus. In est risus, auctor sed, tristique in, tempus sit amet, sem. Fusce consequat.',NULL,NULL,1,'2021-07-07 20:14:46','76ee7d5f654dfe28288c2fc02ab71e9cd3f0ce09740d4f19eb874c50808fdee7'),(623,'ftownshendft@nhs.uk','f6e118577da7522c5ce244838bc96273','Fabian','Townshend','2008-03-01',4,1,52,215,115,'Praesent id massa id nisl venenatis lacinia. Aenean sit amet justo. Morbi ut odio.',NULL,NULL,1,'2021-07-07 20:14:46','62ee8e343084adee937654847859201a1d343e47de5729faa402f4075e1e182c'),(624,'pgianullofu@narod.ru','d2dc8165264f9fafd4fd5172ba977337','Pepito','Gianullo','2010-01-26',4,3,13,165,108,'Praesent id massa id nisl venenatis lacinia. Aenean sit amet justo.',NULL,NULL,1,'2021-07-07 20:14:46','5b7b0779ef9786b970be49ee803870bdfec9c4ab33aa988573d12c27c33ee613'),(625,'cedscerfv@slideshare.net','f88b87ed890b9edb701d3160ca08ae1a','Cassi','Edscer','2003-07-31',3,1,29,165,67,'Pellentesque at nulla. Suspendisse potenti.',NULL,NULL,1,'2021-07-07 20:14:46','82492eb4711355144c6301a402aa7d7cec61d748e8d5b8bf82a3e984f0e9c0b2'),(626,'kcresswellfw@usda.gov','020b730c2631ae707eb3409b50f5a437','Kayne','Cresswell','2000-09-05',1,1,13,163,117,'Nunc purus.',NULL,NULL,1,'2021-07-07 20:14:46','46a5bdf40feaee13ba3a0cef61b760377085bbb96059b27c23c02e1f1bbd3ab4'),(627,'sprestfx@digg.com','a4db40b171026600cf4234859a9a7cd8','Sharon','Prest','2020-10-18',3,2,48,188,118,'In quis justo.',NULL,NULL,1,'2021-07-07 20:14:46','c1929f80a00d5bfa91218cd14f2c0e2b2353550149105f2d3c18f41c68ecd37a'),(628,'cchesshyrefy@cnet.com','469c08e65c64cc101905f9bfde530b27','Chloette','Chesshyre','2001-05-01',3,3,47,179,68,'Cras non velit nec nisi vulputate nonummy. Maecenas tincidunt lacus at velit.',NULL,NULL,1,'2021-07-07 20:14:46','2d67edf44eb791751bdbab40e94349b655cc3e08107f9b1bcf83e17c02ab66fd'),(629,'omacgillicuddyfz@rakuten.co.jp','e4fbc6f775df16818a528ccd77352dab','Osborn','MacGillicuddy','2020-04-08',4,1,52,180,92,'Morbi vestibulum, velit id pretium iaculis, diam erat fermentum justo, nec condimentum neque sapien placerat ante. Nulla justo.',NULL,NULL,1,'2021-07-07 20:14:47','30d86b7d2273a3ba82c7127a88b83dc8ade7f9392bbf4d1e55dcae172cf8aed9'),(630,'bkirtlang0@symantec.com','c04a7750692590816ab1fe4cdcd46d38','Blondy','Kirtlan','2017-05-23',4,4,1,153,107,'Fusce posuere felis sed lacus.',NULL,NULL,1,'2021-07-07 20:14:47','3dbf68711d25494949ed834c58698b388d7a58b301cf9f7ac64b20794d8a876b'),(631,'fquinceg1@vinaora.com','8081c0d86532209f98543de854e3b9fb','Fleming','Quince','2018-07-18',2,1,41,185,104,'Nunc purus. Phasellus in felis.',NULL,NULL,1,'2021-07-07 20:14:47','e9977d64670a3c01358db8144df100d3893c909c94932096507382322b50b372'),(632,'gsabateg2@usnews.com','0c0949bad65c824b4d8999f3375cfe79','Gherardo','Sabate','2005-03-19',2,1,19,165,78,'Mauris ullamcorper purus sit amet nulla. Quisque arcu libero, rutrum ac, lobortis vel, dapibus at, diam. Nam tristique tortor eu pede.',NULL,NULL,1,'2021-07-07 20:14:47','a385b65d3c640cb40c4aa036ff82af0ab8eb9f78ea68a592f1258ff6bd009154'),(633,'csawdayg3@nhs.uk','70e54f42073342a751ea286d44e6d40d','Chlo','Sawday','2017-02-12',5,2,38,213,88,'Phasellus id sapien in sapien iaculis congue. Vivamus metus arcu, adipiscing molestie, hendrerit at, vulputate vitae, nisl. Aenean lectus.',NULL,NULL,1,'2021-07-07 20:14:47','561884c5b6caa6cd45416d67cc59ce1f1a210c27d08cd21d681c52dd6472be1f'),(634,'jtremblettg4@ed.gov','b8116a9f50412231dee6566e4180ce49','Janaya','Tremblett','2006-01-15',1,3,25,208,85,'Suspendisse accumsan tortor quis turpis.',NULL,NULL,1,'2021-07-07 20:14:47','bdeff48be6bf8093d8aa07e186de3cdec294b79524068e3508e3b969b9f1da38'),(635,'ahyslopg5@yandex.ru','d117be51851833e80ba61f4beda8fc27','Adel','Hyslop','2016-05-07',1,1,39,150,83,'Lorem ipsum dolor sit amet, consectetuer adipiscing elit.',NULL,NULL,1,'2021-07-07 20:14:47','4ad2c03bc1f816615f359d36085d9ddd293ac005ef28e9468d5eca391c0f86a4'),(636,'sclutterhamg6@scribd.com','054314f4015bbfc88cefe5a7542dff65','Shalne','Clutterham','2017-08-10',2,1,60,211,96,'Quisque arcu libero, rutrum ac, lobortis vel, dapibus at, diam.',NULL,NULL,1,'2021-07-07 20:14:48','5a6055ed3aab46ec5c3553302217c299f2578350878e1a610df970bff4562c8a'),(637,'swoodesong7@cargocollective.com','498be1a35f30698a129d4cd939e63126','Sib','Woodeson','2004-01-24',6,3,2,195,110,'Phasellus in felis.',NULL,NULL,1,'2021-07-07 20:14:48','75c41dc3af0e96e697d84da75004c4bff45fb26716505f2ba5945fd4d83f8107'),(638,'utapeg8@mac.com','8d269b0c2489900dd67022fc05a86d6d','Ulberto','Tape','2005-06-23',3,2,34,199,97,'Donec semper sapien a libero.',NULL,NULL,1,'2021-07-07 20:14:48','4cfa52be67868e99ef6e1f322dac2a9f5f4d665bcc09d28ef9f197508e7b3933'),(639,'bnaileg9@fastcompany.com','44f1e94f2cbb26f2aaca3d328bc3596a','Burgess','Naile','2011-05-10',3,3,8,190,65,'Donec dapibus. Duis at velit eu est congue elementum.',NULL,NULL,1,'2021-07-07 20:14:48','cb93e6bade610472dc4530662648e72ab286acd15e5210fc5d95d6e0070e08eb'),(640,'hloughmanga@un.org','da587a8b68d5fa67d4c51ef77c0d9581','Harrietta','Loughman','2003-01-25',1,4,15,155,64,'Fusce congue, diam id ornare imperdiet, sapien urna pretium nisl, ut volutpat sapien arcu sed augue. Aliquam erat volutpat. In congue.',NULL,NULL,1,'2021-07-07 20:14:48','bc258f1c999c91a689eb677ebe243afba9f3e3553cebd84303b804cc9ce4cb3f'),(641,'ovenardgb@wisc.edu','d89ad08dbdbbed2dbce87f10245f469a','Orion','Venard','2016-12-19',5,3,3,157,119,'Praesent blandit. Nam nulla. Integer pede justo, lacinia eget, tincidunt eget, tempus vel, pede.',NULL,NULL,1,'2021-07-07 20:14:48','74dd6527d9353e7be4482a41e0475a1a6cf09c861f129c7e9e1961a416ff33b6'),(642,'previegc@ask.com','c1626c5da3966cd6ef301dcbb6abaacd','Peyton','Revie','2018-05-13',3,4,36,219,105,'Donec quis orci eget orci vehicula condimentum. Curabitur in libero ut massa volutpat convallis. Morbi odio odio, elementum eu, interdum eu, tincidunt in, leo.',NULL,NULL,1,'2021-07-07 20:14:48','17bb0302b7455fa3f99a91fcfacc3c7341d10ea2ecedc8a65b1b5e87499b3071'),(643,'ehanbygd@forbes.com','91bf0d3b6093750fad67d6f9472b21b4','Elfie','Hanby','2019-10-25',5,4,39,165,68,'Nulla justo.',NULL,NULL,1,'2021-07-07 20:14:48','9c70a7099125ad38ca26a0f475294ea64d992da3cf4961b31233dc4d09ff3713'),(644,'dcounterge@ox.ac.uk','f93249ae4392dc77509f7a82a1f1129d','Danika','Counter','2021-01-08',3,1,55,152,54,'Donec ut mauris eget massa tempor convallis.',NULL,NULL,1,'2021-07-07 20:14:49','eb5337a65b1ba91253bc77d80601b6597bbdf1d42d0e592776ead840576cd819'),(645,'lcarriagegf@i2i.jp','c16879f90b3f54fc1d47030fef3849b8','Lincoln','Carriage','2008-01-05',3,2,15,218,111,'In hac habitasse platea dictumst.',NULL,NULL,1,'2021-07-07 20:14:49','4940852c7a081b1dce02fa7d49b1b22538c86dc435bc278865f1a8ed62c5069d'),(646,'nleivesleygg@pinterest.com','df5da39076bf1c6bd4121b31fde64893','Nappy','Leivesley','2004-05-10',5,3,4,178,108,'Maecenas rhoncus aliquam lacus. Morbi quis tortor id nulla ultrices aliquet.',NULL,NULL,1,'2021-07-07 20:14:49','20e9d8d1f0e91814db33959ea80639797f2143c7952e9b1a627af6e584dc8115'),(647,'ukoschekgh@baidu.com','91c50e05382796bff86059e78c8a56bc','Ursa','Koschek','2015-01-31',1,3,62,189,73,'Nulla mollis molestie lorem.',NULL,NULL,1,'2021-07-07 20:14:49','8c75581f1a0c0f96f2b4bbef68bdbe47ae86b12322531e881eacda1b30ad4ea5'),(648,'oluxgi@dot.gov','592d205f6141dd6f2e1ff70bd6c86580','Orton','Lux','2002-06-17',3,4,53,175,104,'Quisque porta volutpat erat. Quisque erat eros, viverra eget, congue eget, semper rutrum, nulla.',NULL,NULL,1,'2021-07-07 20:14:49','2275eddab8ca1c0d64405cd3c6488ad6909538beb6c6728be47d52d70c5a8ef6'),(649,'cchaffengj@instagram.com','fe24bb75ca1d879ccaecdee61c21f4ae','Cinda','Chaffen','2001-01-17',6,3,22,173,78,'Integer tincidunt ante vel ipsum. Praesent blandit lacinia erat. Vestibulum sed magna at nunc commodo placerat.',NULL,NULL,1,'2021-07-07 20:14:49','4a64a4fe21ae5371227f73215a733960ec89193a310286772374bbfe9f48dd8c'),(650,'clancettgk@toplist.cz','094b447b614acf7c856759e185d321f0','Chev','Lancett','2008-04-04',1,4,25,193,61,'Nulla ac enim. In tempor, turpis nec euismod scelerisque, quam turpis adipiscing lorem, vitae mattis nibh ligula nec sem. Duis aliquam convallis nunc.',NULL,NULL,1,'2021-07-07 20:14:49','c66bed2f196dc602dfdc6ddb942458caffeddc022a00b485bee464b3209542e4'),(651,'dmatthiusgl@altervista.org','42b184e6da4f27bc48664994c39ec160','Dana','Matthius','2010-11-16',3,1,11,219,113,'Nunc nisl.',NULL,NULL,1,'2021-07-07 20:14:49','8c1b873e83fcb297584a1b0de8576e407e4aa34cbcecec0dd858af32856313ad'),(652,'agrimsdellgm@japanpost.jp','c38960a308c6a8a9f7a9a1ad37e514d2','Allyce','Grimsdell','2005-08-01',5,4,25,173,106,'Vestibulum ante ipsum primis in faucibus orci luctus et ultrices posuere cubilia Curae; Duis faucibus accumsan odio. Curabitur convallis.',NULL,NULL,1,'2021-07-07 20:14:49','397b58cf9a5aa360b911f781788f1508c698e7b2fa549fb338a7658389b12b6b'),(653,'pjanuszkiewiczgn@samsung.com','369dc1ce3b0bc559a79a6edcddc3f714','Pavlov','Januszkiewicz','2010-08-11',1,1,10,198,111,'Morbi vel lectus in quam fringilla rhoncus. Mauris enim leo, rhoncus sed, vestibulum sit amet, cursus id, turpis.',NULL,NULL,1,'2021-07-07 20:14:49','e2c11e0461ced443e1f24f21ed7bda9db38bcff8a549fb13a39a5007c8285eff'),(654,'fphilipeaugo@creativecommons.org','595b2f8a54ceb9c75dcb3884084cbc53','Fay','Philipeau','2001-03-03',1,2,15,188,71,'Nulla mollis molestie lorem. Quisque ut erat. Curabitur gravida nisi at nibh.',NULL,NULL,1,'2021-07-07 20:14:50','899d7566fe50e2bb11f985d2de3809a71fe5beb11e5e43ebafab3e5a510e21cf'),(655,'jbroomgp@godaddy.com','50f43ad6527a1eb2f59c0eba6ee69f4b','Jory','Broom','2001-07-25',1,3,60,196,117,'In congue. Etiam justo.',NULL,NULL,1,'2021-07-07 20:14:50','82fbf047c02fe8e92e85a8e22461dda720d813e730cc23a1dc605eb4c5c10d0c'),(656,'gspraggegq@jiathis.com','34e27e6c5efd901e1cf1a8bb21972019','Gene','Spragge','2009-11-03',1,3,25,186,66,'Cum sociis natoque penatibus et magnis dis parturient montes, nascetur ridiculus mus. Etiam vel augue.',NULL,NULL,1,'2021-07-07 20:14:50','471ac83745124bff85cdd8972690649d6561ea9f7d41d2d7dfdac729e9aa410a'),(657,'cmeadengr@webnode.com','96ebb6ae531f42b5e5681f10e0c54731','Calv','Meaden','2005-09-11',6,3,16,150,87,'Cras pellentesque volutpat dui. Maecenas tristique, est et tempus semper, est quam pharetra magna, ac consequat metus sapien ut nunc.',NULL,NULL,1,'2021-07-07 20:14:50','c9de9bb8bdaa4dacb8e2b46dc8fb6045dfb592eaf19a7c9a6bbd5dd6d8ce8e38'),(658,'cprintgs@nps.gov','e85069f8a42e070c15516e081f9d4f5d','Cleavland','Print','2017-04-04',1,3,59,162,57,'Donec ut dolor. Morbi vel lectus in quam fringilla rhoncus. Mauris enim leo, rhoncus sed, vestibulum sit amet, cursus id, turpis.',NULL,NULL,1,'2021-07-07 20:14:50','954bbc7448793b1668f43a29e1aab31276d16e590d6456a934c59212cf9f41bd'),(659,'gfroomegt@ask.com','5050a333482fc8bdfc2f36d6a21521b9','Ginnifer','Froome','1999-12-07',3,4,59,160,118,'Duis consequat dui nec nisi volutpat eleifend.',NULL,NULL,1,'2021-07-07 20:14:50','d305f8fac02096dddd7e29d1b93557778de87c6c9c9773b792e99826e3b535a3'),(660,'pzukermangu@stumbleupon.com','2417352b3b1270504d9e486ce9adbf32','Prince','Zukerman','2003-08-26',1,4,37,152,84,'Duis aliquam convallis nunc. Proin at turpis a pede posuere nonummy.',NULL,NULL,1,'2021-07-07 20:14:50','8781511a279b897479ee37dee5f8c9fd08e2d9f07c95edc29faf629c2724dae0'),(661,'scrichmergv@ucsd.edu','707cc2e7c6d398e4bc18dc81b9e4c85b','Shannon','Crichmer','2014-01-03',4,1,59,212,105,'Nam congue, risus semper porta volutpat, quam pede lobortis ligula, sit amet eleifend pede libero quis orci.',NULL,NULL,1,'2021-07-07 20:14:50','f24df789c87040e540d17b48a7bdcc6fbcb1127ad6128a279f84632795e4d85d'),(662,'lmossmangw@360.cn','5a730642c0f321e7c54ce6f33a9990cb','Lynsey','Mossman','2005-06-25',5,3,14,178,81,'In quis justo. Maecenas rhoncus aliquam lacus.',NULL,NULL,1,'2021-07-07 20:14:50','0acd0fccc560c272811867a6424ef5f875024bcd28e2b06e6d3cf520f3b270ea'),(663,'gdoughterygx@java.com','8f316188c0389e5fe96b4fd0b19f236f','Gavan','Doughtery','2000-09-23',3,3,9,172,92,'Quisque porta volutpat erat. Quisque erat eros, viverra eget, congue eget, semper rutrum, nulla. Nunc purus.',NULL,NULL,1,'2021-07-07 20:14:50','39f72d8dece669158cf622b356763fb05ae5f44b3964b7d634e01a8f0bc75c3f'),(664,'kmadillgy@chicagotribune.com','f876e4e1f3ea9c1a89c72e981ea3687a','Kelsy','Madill','2000-06-04',5,2,52,164,76,'Vestibulum ante ipsum primis in faucibus orci luctus et ultrices posuere cubilia Curae; Mauris viverra diam vitae quam.',NULL,NULL,1,'2021-07-07 20:14:51','d816fd638dcca7b8c414bdfb209da4d61113261803fcb57cecb991798c6fe168'),(665,'rstaddengz@guardian.co.uk','5c275624f320eb88c3c8f0168314eda6','Rosabelle','Stadden','2017-12-12',6,1,21,190,88,'Fusce posuere felis sed lacus.',NULL,NULL,1,'2021-07-07 20:14:51','a9bb5473bff6319e89aa917bfcc404fd3628695910551825050f6d83f3b0398d'),(666,'astickellsh0@about.me','7851306e6ee90e4e76fe9a162ee63639','Aimil','Stickells','2013-08-19',2,2,10,193,97,'Cras mi pede, malesuada in, imperdiet et, commodo vulputate, justo. In blandit ultrices enim.',NULL,NULL,1,'2021-07-07 20:14:51','c6f480bf1cf63b35b8d3bcf395f8e31b2ae148100ba1d62c6b2baf25babf13c5'),(667,'cdendleh1@hao123.com','260f0ef1425a57fc6646afe48a9ebe7f','Collin','Dendle','2007-01-30',1,2,8,208,52,'Aliquam augue quam, sollicitudin vitae, consectetuer eget, rutrum at, lorem.',NULL,NULL,1,'2021-07-07 20:14:51','26c3f3ca1a680638d5193adbfa4fd3942bab0e1c29bf941a0ad6e6ee95598322'),(668,'lstandfieldh2@a8.net','ba171e1e2491a7bb366c3dbbcaa8d283','Loren','Standfield','2009-05-12',4,3,30,177,107,'Vivamus vestibulum sagittis sapien.',NULL,NULL,1,'2021-07-07 20:14:51','86bf67bd9ac3aaeffea837c5de5c71a182b0c0d64003c50fa104df04c85a8ce8'),(669,'shairsh3@hugedomains.com','64446779e15edd722b29e07d9d56763c','Sebastian','Hairs','2005-05-15',6,1,19,151,56,'Vivamus in felis eu sapien cursus vestibulum. Proin eu mi. Nulla ac enim.',NULL,NULL,1,'2021-07-07 20:14:51','dfe440637daac609e39f9d6fa5e0291b2ecbb1643e13c3da6e319491f997ceb3'),(670,'kheitzh4@bbb.org','88eaaa183a451d2c3a47c5b6a9c84c06','Kaitlyn','Heitz','2001-08-20',4,2,44,215,119,'Morbi non lectus. Aliquam sit amet diam in magna bibendum imperdiet. Nullam orci pede, venenatis non, sodales sed, tincidunt eu, felis.',NULL,NULL,1,'2021-07-07 20:14:51','3dbfdcdf829f647fe2e464d3c2edc4994dafcc9647e686824e0d4add59209db9'),(671,'lyurkevichh5@google.ru','fe9e301991dcb92177461a625925d989','Lora','Yurkevich','2019-04-08',1,4,23,219,80,'Morbi non lectus.',NULL,NULL,1,'2021-07-07 20:14:51','fb0879040a22e9dda5b81d96fe4acd00a49044a5abb374c6c64a7614c0ee5967'),(672,'whulanceh6@blog.com','65e8f7898403d13ed2a698c0e5c8ad1a','Win','Hulance','2017-04-29',6,3,52,150,92,'Proin risus.',NULL,NULL,1,'2021-07-07 20:14:51','7a798af40b17f5276cb032f1eb01ceb9062a5c36e913578587d5aecfa059b00f'),(673,'crobelinh7@google.it','4cab775e0e3122558df628420bbcc91a','Clara','Robelin','2016-07-24',2,2,25,181,111,'Cum sociis natoque penatibus et magnis dis parturient montes, nascetur ridiculus mus.',NULL,NULL,1,'2021-07-07 20:14:51','34081ab0835eaf8a2cb373c6dfa09b9da940154d890fbc614d84076876a19bc6'),(674,'fgladyerh8@slate.com','db69f6f7f46560f0835cb40a03fd5b5a','Fawne','Gladyer','2015-11-16',1,1,37,168,102,'Nulla nisl.',NULL,NULL,1,'2021-07-07 20:14:52','1d5abb6874079b8d2df1e4f187a9e195869744aa145f7ac858d4582177e4bb2c'),(675,'sskaeh9@businessweek.com','b923d957b8192f5c050dc226ac35c7e4','Shaylynn','Skae','2009-08-04',4,4,9,172,77,'Nulla ut erat id mauris vulputate elementum. Nullam varius.',NULL,NULL,1,'2021-07-07 20:14:52','6755d45ca43a0661867eed49834640a5ee7b51912905678fef166636ce0e945a'),(676,'ilefeverha@bloglovin.com','c9f5bd117bd6f867324d5bac538fc470','Iggie','Lefever','2012-12-06',1,1,42,173,97,'Aliquam augue quam, sollicitudin vitae, consectetuer eget, rutrum at, lorem.',NULL,NULL,1,'2021-07-07 20:14:52','d423eb2e28488176842641e40d66a9ccd3af8b22efb77c20c3aad1094bacde95'),(677,'cclougherhb@bandcamp.com','b979b3fa47286e3107e8a5fda1543308','Cecilla','Clougher','2004-01-19',6,3,35,178,55,'Quisque porta volutpat erat. Quisque erat eros, viverra eget, congue eget, semper rutrum, nulla.',NULL,NULL,1,'2021-07-07 20:14:52','9c62fb0562ba25ee523b643373865cf3e3a3c06fc929a27a0cc2f3948c3c8b34'),(678,'rdomehc@alibaba.com','33ed85d76ef278ef5b7087887ed34c1c','Roddie','Dome','2015-06-08',2,2,37,189,119,'Aliquam augue quam, sollicitudin vitae, consectetuer eget, rutrum at, lorem. Integer tincidunt ante vel ipsum.',NULL,NULL,1,'2021-07-07 20:14:52','8319eae40a34cbbfe14cb47e828079f41b704b641f60cbc0670036e9267ff10c'),(679,'hhamsleyhd@ameblo.jp','37eabe837e704d8458deccd6be83d7e4','Helen-elizabeth','Hamsley','2020-12-21',4,2,61,217,111,'Curabitur at ipsum ac tellus semper interdum. Mauris ullamcorper purus sit amet nulla.',NULL,NULL,1,'2021-07-07 20:14:52','74bbb009b67fa0420f16c95c1bfd9e1c9d643dd718729be0c5a6d5601346467e'),(680,'hdellentyhe@webnode.com','5ec7286f93a4c41c930d739387eca240','Hewie','Dellenty','2007-02-16',1,3,7,203,89,'Suspendisse ornare consequat lectus. In est risus, auctor sed, tristique in, tempus sit amet, sem. Fusce consequat.',NULL,NULL,1,'2021-07-07 20:14:52','6f06d856a29985e64cfb8cd2a86623b54b2d9b936eebb16508ae943785365667'),(681,'cvannehf@networksolutions.com','db7599eacaa17f0c59a53c546b8692ad','Callie','Vanne','2009-02-26',5,2,12,191,71,'Vivamus metus arcu, adipiscing molestie, hendrerit at, vulputate vitae, nisl.',NULL,NULL,1,'2021-07-07 20:14:52','2b32d800fb8d0be5942aed0ccb2a6586c223ad5ff387b100b7e4c27efb8c3dd3'),(682,'wswofferhg@so-net.ne.jp','3c103d17ca663c3f83cd0daed6b5cc09','Way','Swoffer','2004-06-26',3,1,39,188,55,'Vestibulum sed magna at nunc commodo placerat. Praesent blandit. Nam nulla.',NULL,NULL,1,'2021-07-07 20:14:52','1ddd113666ac4b09de0a8c1f8c4133565215812d72ea803625f68b90e704ea78'),(683,'vdresserhh@unicef.org','7f7d3d490ee5d480e25c00a2cdca1656','Vance','Dresser','2013-12-16',3,1,16,182,88,'Maecenas rhoncus aliquam lacus. Morbi quis tortor id nulla ultrices aliquet.',NULL,NULL,1,'2021-07-07 20:14:52','0a80a4bdb58bf78bb6843536e754d32f6be6d5220a0e32e197a88ee3e3ab9d4b'),(684,'tmellishhi@acquirethisname.com','db7660116d73d4a4e37d9e11bad8e9fa','Terrye','Mellish','2002-11-08',2,1,47,175,119,'In eleifend quam a odio. In hac habitasse platea dictumst. Maecenas ut massa quis augue luctus tincidunt.',NULL,NULL,1,'2021-07-07 20:14:53','3b81db091b97eb08fdf51137509dde76ad08ca1079caccbd32b267d11ad0d318'),(685,'twildsmithhj@nymag.com','54e259d48e5d8b5b736f7bd515c32cf3','Thaxter','Wildsmith','2015-11-21',3,2,19,169,112,'Nulla tempus. Vivamus in felis eu sapien cursus vestibulum. Proin eu mi.',NULL,NULL,1,'2021-07-07 20:14:53','790a457e6bdb7a47ebc89b6e2a1312f2709013c9f85a467cc3eeeb76db44017d'),(686,'imccloryhk@jiathis.com','d7671a254879c6d7d2e924b107f7349b','Immanuel','McClory','2009-09-24',3,2,57,220,72,'Donec vitae nisi. Nam ultrices, libero non mattis pulvinar, nulla pede ullamcorper augue, a suscipit nulla elit ac nulla. Sed vel enim sit amet nunc viverra dapibus.',NULL,NULL,1,'2021-07-07 20:14:53','814856c1599bd77fbf75dbef5d3692fb9f7aa355fc2e9078d00b2557068bce69'),(687,'psabinehl@yellowbook.com','6e945e1fa790ba9d5d21f56d11901e34','Phil','Sabine','2002-02-20',5,4,13,184,64,'Nunc purus. Phasellus in felis.',NULL,NULL,1,'2021-07-07 20:14:53','d1d98ba704aaa507761c3251d2a706ad18c730255657f1aeeb2a8729818529b3'),(688,'mthormannhm@ustream.tv','23d506ce4ca083dd41dacfeed5516a8f','Mavra','Thormann','2009-03-30',3,2,22,218,57,'Suspendisse potenti.',NULL,NULL,1,'2021-07-07 20:14:53','6a4ee5c4041d72cbb78542567b27eb3aa1165204249879963f787cedc5b9c66e'),(689,'gscourgiehn@adobe.com','a5481a96d671b604eccf4f8629842e45','Gleda','Scourgie','2014-11-24',6,3,40,155,57,'Vivamus in felis eu sapien cursus vestibulum. Proin eu mi. Nulla ac enim.',NULL,NULL,1,'2021-07-07 20:14:53','fc48a97f4a0c4666a916d60dc11c9fe83847d38674b3dfcec060e9a737436dbd'),(690,'tmcphersonho@ezinearticles.com','f76ea35aa65253ae4217c69843559024','Tamera','McPherson','2018-05-14',4,3,53,198,99,'Integer aliquet, massa id lobortis convallis, tortor risus dapibus augue, vel accumsan tellus nisi eu orci. Mauris lacinia sapien quis libero.',NULL,NULL,1,'2021-07-07 20:14:53','59152862b49f2a50ee9cc96c9c05b628a9d09e92a329ed37d7c213156f636c1b'),(691,'krapohp@acquirethisname.com','4bfc613c1265ce66eeee4b791ba0dd14','Karlene','Rapo','2018-09-16',4,3,56,161,68,'In tempor, turpis nec euismod scelerisque, quam turpis adipiscing lorem, vitae mattis nibh ligula nec sem. Duis aliquam convallis nunc. Proin at turpis a pede posuere nonummy.',NULL,NULL,1,'2021-07-07 20:14:53','6747a27e6d3097640fc31468076664d4b8fd5e507c3c7ad202c8d2f96daf0cb8'),(692,'bpadillahq@devhub.com','517807fd433b01584c238d825beca9cd','Bridie','Padilla','2017-02-06',2,1,53,211,115,'Aenean fermentum. Donec ut mauris eget massa tempor convallis. Nulla neque libero, convallis eget, eleifend luctus, ultricies eu, nibh.',NULL,NULL,1,'2021-07-07 20:14:53','396af8739eb8a180261f311bb1d516a1c1585ad6bae5688cd07a300a0e877944'),(693,'mdillingstonehr@canalblog.com','9db388389e1d48cdd431c5940a272a61','Mara','Dillingstone','2013-03-20',5,1,39,206,107,'Quisque porta volutpat erat.',NULL,NULL,1,'2021-07-07 20:14:54','4297a5d4436e6820d1e2b0208a53ec61558436eb3af0a6aad70b2058ebd8bbc1'),(694,'ajessenhs@blog.com','8193d8b0f82b9fe347d1666855672703','Anet','Jessen','2012-07-18',3,3,59,176,93,'Vestibulum ante ipsum primis in faucibus orci luctus et ultrices posuere cubilia Curae; Duis faucibus accumsan odio.',NULL,NULL,1,'2021-07-07 20:14:54','ac466fd572fdeb8914afd741070d3ae73e390e944a2a81a446539ff1158dbb6d'),(695,'cpottht@yahoo.co.jp','042486e127d846df790b1f1ce7902993','Clemente','Pott','2004-11-02',1,3,47,165,114,'Integer pede justo, lacinia eget, tincidunt eget, tempus vel, pede. Morbi porttitor lorem id ligula.',NULL,NULL,1,'2021-07-07 20:14:54','89e94d898d0dc84ac9959719684e8e4c1ebd87485deaba026deab00ab9d651fa'),(696,'aambroschhu@shutterfly.com','b82f22f272ab72245f3b9c070108bb0e','Ansell','Ambrosch','2005-07-11',6,3,16,179,113,'Morbi non lectus. Aliquam sit amet diam in magna bibendum imperdiet. Nullam orci pede, venenatis non, sodales sed, tincidunt eu, felis.',NULL,NULL,1,'2021-07-07 20:14:54','c9130e3938ab510844595c71da5d9541ec48c1e01a35be48ba2893eb84a2edea'),(697,'kfonehv@wunderground.com','d739dafaed65ee367582c2db2b651a03','Kenyon','Fone','2000-10-10',4,4,3,168,102,'Aliquam quis turpis eget elit sodales scelerisque.',NULL,NULL,1,'2021-07-07 20:14:54','f29d9e94544afae8f4fdea1c515cbc75b268a5797a0c7fdf05fc28de880264bd'),(698,'sbruinsmahw@cpanel.net','9c075acdce219e89b3db69a7344db5f6','Saundra','Bruinsma','2014-12-05',2,3,51,156,107,'Mauris enim leo, rhoncus sed, vestibulum sit amet, cursus id, turpis. Integer aliquet, massa id lobortis convallis, tortor risus dapibus augue, vel accumsan tellus nisi eu orci. Mauris lacinia sapien quis libero.',NULL,NULL,1,'2021-07-07 20:14:54','448a4a0c675b9b13124fa9c16dfdadc3ce5eddcd552f937fdbfcd2f2fa1d1e7c'),(699,'bchezierhx@instagram.com','2490e2a10e92988ce42be614eb15c7e0','Bo','Chezier','2004-04-06',3,3,9,156,63,'Morbi odio odio, elementum eu, interdum eu, tincidunt in, leo. Maecenas pulvinar lobortis est. Phasellus sit amet erat.',NULL,NULL,1,'2021-07-07 20:14:54','82289c9a8844f23b9bbf7ae0b20b759821df952837c8573bbeb8508591c3ba75'),(700,'sfreebernehy@bandcamp.com','e9e1b4edf334b969d5e88571f2118028','Shantee','Freeberne','2013-03-19',6,3,39,169,65,'Duis ac nibh. Fusce lacus purus, aliquet at, feugiat non, pretium quis, lectus.',NULL,NULL,1,'2021-07-07 20:14:54','592dce6ccd6149a554d97edba90e98ce1bf465093426cc1675aa27bca6914496'),(701,'wbacuphz@nydailynews.com','510a4ba03b42f5eb1d5c8950e96c0501','Wildon','Bacup','2002-11-06',2,2,14,175,110,'In blandit ultrices enim. Lorem ipsum dolor sit amet, consectetuer adipiscing elit. Proin interdum mauris non ligula pellentesque ultrices.',NULL,NULL,1,'2021-07-07 20:14:54','0ed360eff46f240fff59fba4cc4a6301e5c246a926d4fdce4ee25d41504829a0'),(702,'galldrei0@4shared.com','78e265ba37c4ccfa59be45f0d3a0ef0b','Gordie','Alldre','2007-08-17',1,1,8,179,98,'Proin leo odio, porttitor id, consequat in, consequat ut, nulla. Sed accumsan felis.',NULL,NULL,1,'2021-07-07 20:14:55','4b680adc8f50b2c76b6f8ad06b215fb0b1fc9ff787439a10891553c12c618323'),(703,'aconnerryi1@nytimes.com','650e1585c14c8b24717d9d575bde9e3b','Alexina','Connerry','2014-10-28',4,4,56,173,55,'Vivamus metus arcu, adipiscing molestie, hendrerit at, vulputate vitae, nisl. Aenean lectus.',NULL,NULL,1,'2021-07-07 20:14:55','2510fdd22a17acc143be59c4ad63aad8157c7c90a736a21ff6af6f571d81a37d'),(704,'btowni2@51.la','0e4e20c8a64266bfa2d7592133e34f03','Beverley','Town','2003-03-19',5,3,50,201,67,'Nulla neque libero, convallis eget, eleifend luctus, ultricies eu, nibh.',NULL,NULL,1,'2021-07-07 20:14:55','8f5194e4d6542adfba6be9ff490f461196ee90a947488225afd20599527d7f0d'),(705,'achamberlaynei3@imdb.com','6111dd07a5b6e1af1a9d593a3b8f58b2','Annette','Chamberlayne','2018-10-02',6,3,25,208,67,'Etiam pretium iaculis justo. In hac habitasse platea dictumst.',NULL,NULL,1,'2021-07-07 20:14:55','41a85d21d5a286ed73ea132d185b9371ca031cd9349a27b5812c13a40198d3fa'),(706,'gmcsheai4@paginegialle.it','50f6a25e4e22ca31dc46ae56875cb591','Gusty','McShea','2015-01-04',5,3,49,178,118,'Cras in purus eu magna vulputate luctus.',NULL,NULL,1,'2021-07-07 20:14:55','b1e3018071606d6dba9a8a3de24fffac438ec451604b8bf6d9bee0f164b03d5e'),(707,'wfurneyi5@facebook.com','09617666142f9584fe84e378aedee0e0','Willie','Furney','2018-09-02',4,1,19,175,114,'Fusce consequat. Nulla nisl.',NULL,NULL,1,'2021-07-07 20:14:55','01215dd0a3f00b753fd542f60a12148911ab2814a250facf6f9525d13febd7a4'),(708,'lwallworkei6@merriam-webster.com','d4c942abd22543510ba16c462cef4763','Langsdon','Wallworke','2003-03-17',2,2,49,206,109,'Praesent id massa id nisl venenatis lacinia. Aenean sit amet justo. Morbi ut odio.',NULL,NULL,1,'2021-07-07 20:14:55','e3d7866675f45ec7cb78840be055be1de849ad755359954c781563de0d688d2b'),(709,'sfuxmani7@prnewswire.com','acc3f78d7b678cbec4f2341063c07ca2','Susette','Fuxman','2007-04-13',1,2,36,171,63,'Pellentesque viverra pede ac diam.',NULL,NULL,1,'2021-07-07 20:14:55','d0b4c6fb9180b5978c56e5664be71c0b5c2a3b691372da5056f3ab239927043d'),(710,'gbasnetti8@freewebs.com','391636695841db8df258f1eec82eff82','Georgia','Basnett','2003-05-24',2,4,26,164,55,'Integer tincidunt ante vel ipsum.',NULL,NULL,1,'2021-07-07 20:14:55','3da14123967f1bea934b418ac88c11691034982588ed6f752d4651a759a4a11d'),(711,'aconwsi9@tinypic.com','4bb169f8564e7e4d2d5a0f8467070fbf','Andreana','Conws','2002-12-22',2,4,41,151,86,'Nam tristique tortor eu pede.',NULL,NULL,1,'2021-07-07 20:14:55','710dce15eed6b54454c345054428cd52ef0c5253305e0cfac3fb43d78050883a'),(712,'tludgroveia@printfriendly.com','684c5f2058428d83b8fe5835c78be4e3','Tan','Ludgrove','2002-07-02',6,2,21,156,108,'Lorem ipsum dolor sit amet, consectetuer adipiscing elit. Proin interdum mauris non ligula pellentesque ultrices. Phasellus id sapien in sapien iaculis congue.',NULL,NULL,1,'2021-07-07 20:14:56','69c969ba2ddc3928b706288190b571a368ae5eecfb4bc862e48e8228c96137d4'),(713,'jvainib@whitehouse.gov','9f97aea76e97e40fb9fc8884858bd1ee','Josephina','Vain','2002-08-01',1,1,39,178,111,'Quisque arcu libero, rutrum ac, lobortis vel, dapibus at, diam.',NULL,NULL,1,'2021-07-07 20:14:56','d75c2c09e1cac0eeecacfca0c950476c58fae6386a3bd6061470b56422d0bf5f'),(714,'dmoakleric@ibm.com','2c1516ca57932831b084ecb444d4120d','Donetta','Moakler','2008-02-12',5,4,35,183,112,'Nulla ac enim. In tempor, turpis nec euismod scelerisque, quam turpis adipiscing lorem, vitae mattis nibh ligula nec sem. Duis aliquam convallis nunc.',NULL,NULL,1,'2021-07-07 20:14:56','ddec0af0fc8cee54bff2c67462ab1bb5aa0e2beabb3902c40c17025d9fd2addf'),(715,'nmattiatoid@oaic.gov.au','5399920a3e9472ca8cf9d7c3dd677c49','Nataniel','Mattiato','2016-05-11',6,3,25,205,62,'Nullam varius.',NULL,NULL,1,'2021-07-07 20:14:56','673a88735668012b95b34be1a926698426c9322ca32da87db003f5b261de2cb5'),(716,'adunbobinie@weibo.com','c1d625ab73c752b7a8f3ee548d2fe3a4','Arne','Dunbobin','2003-08-04',2,4,29,155,64,'Vestibulum sed magna at nunc commodo placerat. Praesent blandit. Nam nulla.',NULL,NULL,1,'2021-07-07 20:14:56','e670e71e01a2e5130a708bf94663fe5c58d6a608367e045f9a678df53b3bfcf2'),(717,'bcreeseif@army.mil','59b8aa125fc62fe61bf4a097063fc2c8','Bernadine','Creese','2018-12-19',1,4,62,168,92,'Etiam vel augue. Vestibulum rutrum rutrum neque.',NULL,NULL,1,'2021-07-07 20:14:56','95b90000fe1736513dee5864bc39800191a628782b6341f8021793c8d3f49179'),(718,'blaxeig@is.gd','22f7e5142ee4d95dbbbc5d6634221c85','Blinni','Laxe','2006-06-14',3,3,32,171,63,'Morbi quis tortor id nulla ultrices aliquet. Maecenas leo odio, condimentum id, luctus nec, molestie sed, justo.',NULL,NULL,1,'2021-07-07 20:14:56','d0acfe8a8a4eaca547fdadecafce216f720dcde5ab781fec364e3afa0295af77'),(719,'hvictoriaih@clickbank.net','6423e17cdccbefdcabff5c2e891ad3cf','Hertha','Victoria','2000-12-19',1,4,62,218,82,'Pellentesque eget nunc. Donec quis orci eget orci vehicula condimentum. Curabitur in libero ut massa volutpat convallis.',NULL,NULL,1,'2021-07-07 20:14:56','e82fb70f44a0b2d1ef2523d14405d1fee0db6c3783083e2098fb51289b71757f'),(720,'ipapaminasii@plala.or.jp','c6f00168c2c7bd748bc91bd829181f9e','Ivan','Papaminas','2004-01-16',3,4,30,165,92,'Mauris enim leo, rhoncus sed, vestibulum sit amet, cursus id, turpis.',NULL,NULL,1,'2021-07-07 20:14:56','eb28dd4e53638652cb4cdba420be2d4650817ed5b2625d4b7e9977325677da77'),(721,'apancoastij@mapquest.com','bc27e3f608ce8270b739404c983e8d81','Ashla','Pancoast','2006-01-20',5,1,58,174,66,'Vestibulum ante ipsum primis in faucibus orci luctus et ultrices posuere cubilia Curae; Nulla dapibus dolor vel est. Donec odio justo, sollicitudin ut, suscipit a, feugiat et, eros. Vestibulum ac est lacinia nisi venenatis tristique.',NULL,NULL,1,'2021-07-07 20:14:57','95fa593185c710961bbbfd9b5d2ba4c164d407dc307964d40eb1a80397d16693'),(722,'vmccallamik@nasa.gov','76f60f784144109ebccc22413a1e246e','Verena','McCallam','2020-07-28',2,3,56,155,88,'Nulla neque libero, convallis eget, eleifend luctus, ultricies eu, nibh. Quisque id justo sit amet sapien dignissim vestibulum. Vestibulum ante ipsum primis in faucibus orci luctus et ultrices posuere cubilia Curae; Nulla dapibus dolor vel est.',NULL,NULL,1,'2021-07-07 20:14:57','56ee52aeaa1bb397b94660f3d6479188c50987e877a019dcb698f19022f4db87'),(723,'kbaudeil@nymag.com','92cf5704e1c5a41a039cc23149fdf2ab','Kelcy','Baude','2013-10-24',2,2,58,165,72,'In hac habitasse platea dictumst.',NULL,NULL,1,'2021-07-07 20:14:57','0664ffcf82abb89db57dfc7c2a2cc33bc990b3eafb5f8e9ad332940d7ccf08cc'),(724,'kwaszczykim@sina.com.cn','21c62da8c87d54b7f1b507ed0f9858ce','Kristofor','Waszczyk','2000-07-03',4,1,55,155,81,'Donec odio justo, sollicitudin ut, suscipit a, feugiat et, eros. Vestibulum ac est lacinia nisi venenatis tristique. Fusce congue, diam id ornare imperdiet, sapien urna pretium nisl, ut volutpat sapien arcu sed augue.',NULL,NULL,1,'2021-07-07 20:14:57','461875434618b1f708dd1d0ad6eafe8d7c2345ee1651733c74b5e430a0f8e3fb'),(725,'mkeefein@delicious.com','19e3e080766137dbe24f053ac6ebc414','Mortimer','Keefe','2020-06-07',1,3,47,165,73,'Integer tincidunt ante vel ipsum. Praesent blandit lacinia erat.',NULL,NULL,1,'2021-07-07 20:14:57','9eb69d23adab382ac89d6ee662187be84cf23f62522fb6803a75450fb6b9a71b'),(726,'kmitchallio@aboutads.info','b636dee3836370a7c281c36eba83c8c7','Konrad','Mitchall','2018-05-19',4,1,40,182,116,'Maecenas pulvinar lobortis est.',NULL,NULL,1,'2021-07-07 20:14:57','3e61528a944cd20630f812b60068b24dc8bc87d2d9dfacac337553c3552fce77'),(727,'rbahikeip@mozilla.org','be0be4332917f7789a264ba29f38d6b0','Roslyn','Bahike','2015-01-22',4,4,8,166,56,'Phasellus in felis. Donec semper sapien a libero. Nam dui.',NULL,NULL,1,'2021-07-07 20:14:57','418c8cb265289b46ab9d0e9dbed960f8b4cd07c34224a9e3bf16ef19280b05e1'),(728,'pburwiniq@berkeley.edu','cb0414789f7fce070533b5a98cd68c8a','Pete','Burwin','2019-11-23',2,2,51,160,93,'Ut at dolor quis odio consequat varius.',NULL,NULL,1,'2021-07-07 20:14:57','d1a1b49a58e01725458bc01e7ebf5d78c2dd0fb1c136143dda1422adaa551e8b'),(729,'nmckennanir@google.de','e5a8baabe1656faadf9f8290fd751980','Nicky','McKennan','2007-07-22',5,4,53,204,52,'Donec ut dolor. Morbi vel lectus in quam fringilla rhoncus. Mauris enim leo, rhoncus sed, vestibulum sit amet, cursus id, turpis.',NULL,NULL,1,'2021-07-07 20:14:57','835cc5911498ace26c2e783450ec5e230c079f717e4b1453ff9c72f37426a7a1'),(730,'pcaineis@shutterfly.com','3ec31ded43987b450599876a45ac4b63','Paddie','Caine','2007-05-27',4,1,1,217,57,'In est risus, auctor sed, tristique in, tempus sit amet, sem.',NULL,NULL,1,'2021-07-07 20:14:58','000648799bf69fe4d38b71763d9ded1c18ceab9988fbde1e33f79c8efcd96337'),(731,'ddachit@nbcnews.com','8f74ff8bc9519566bc3dbc811c27a3e3','Dianne','Dach','2004-09-04',6,4,57,216,87,'Aenean sit amet justo. Morbi ut odio.',NULL,NULL,1,'2021-07-07 20:14:58','df1d8f874d30b8f5c49ff0c5e98f093af0808099221986963b92400acb40387e'),(732,'ctileyiu@jugem.jp','7188682ff322e434f0a6ddd8c4ddadf2','Clara','Tiley','1999-12-03',6,3,19,193,88,'Pellentesque eget nunc. Donec quis orci eget orci vehicula condimentum.',NULL,NULL,1,'2021-07-07 20:14:58','b852b5fb09347ab899c21df662643a7c752d75327de39e2ffff198e0ea091737'),(733,'ldemeltiv@sourceforge.net','5a593ab5d1548e0cee50105600ada59f','Lesley','Demelt','2011-07-02',2,3,21,214,79,'Integer non velit.',NULL,NULL,1,'2021-07-07 20:14:58','6b4ad864c2bfef392c429b6ffd1123d63fe3fc04ae5db4d0cec0b41893126105'),(734,'chaddickiw@cam.ac.uk','48d13cd9750a5d63e278bbb255952f9d','Corinne','Haddick','2001-04-28',5,4,29,158,120,'Donec dapibus. Duis at velit eu est congue elementum.',NULL,NULL,1,'2021-07-07 20:14:58','96b77505833938d79dcd7005796dbf96d48826ddbca7b5d3c36b469d46554c4a'),(735,'btramelix@discuz.net','00c6e0f8e0ec53661763cf689680f889','Bertine','Tramel','2010-07-17',5,2,5,211,120,'Quisque id justo sit amet sapien dignissim vestibulum. Vestibulum ante ipsum primis in faucibus orci luctus et ultrices posuere cubilia Curae; Nulla dapibus dolor vel est.',NULL,NULL,1,'2021-07-07 20:14:58','ceadbec8a3d650c59561a714836f562f60607f6bd856b348e6b1eb8ee4644bd6'),(736,'mrichardsiy@unesco.org','e464144af0b7485aa40a12dd3b26cb75','Mirelle','Richards','2012-09-03',4,3,23,179,77,'Sed ante. Vivamus tortor. Duis mattis egestas metus.',NULL,NULL,1,'2021-07-07 20:14:58','30106226bffe339783733fc98755321c7f786c38a698a0362fd40f5445a8b5f1'),(737,'jmohaniz@businesswire.com','77443c66a13d2ad883b9bcedcd09a223','Janeva','Mohan','2006-07-13',2,2,48,202,54,'Morbi quis tortor id nulla ultrices aliquet. Maecenas leo odio, condimentum id, luctus nec, molestie sed, justo. Pellentesque viverra pede ac diam.',NULL,NULL,1,'2021-07-07 20:14:58','fc3dba298b98b8b66838a7ce7ea89bb38a57c4dc0ac1d2e80425da3b12b8bc75'),(738,'mgrzesj0@nih.gov','760b3e528085d779a0a01ef30f0add91','Merill','Grzes','2005-12-18',3,3,57,213,100,'Nam ultrices, libero non mattis pulvinar, nulla pede ullamcorper augue, a suscipit nulla elit ac nulla. Sed vel enim sit amet nunc viverra dapibus.',NULL,NULL,1,'2021-07-07 20:14:58','d8fa1e3b00a43ec9932fbc0f7721a8448aa35146e098fccafe47d0c2bc0f3650'),(739,'rdehmj1@imgur.com','051ff9b47beba4d3aa4e18ced25e0a97','Rhoda','Dehm','2020-09-21',2,3,33,156,110,'Fusce lacus purus, aliquet at, feugiat non, pretium quis, lectus. Suspendisse potenti. In eleifend quam a odio.',NULL,NULL,1,'2021-07-07 20:14:59','36e91e25c6eaa84f7fc8593ade40e21e9d9d3d4ff090c13b676a9edfbf1ff6bb'),(740,'jjewellj2@ucoz.ru','4ca7fd5f8c2048866ba571b74b0973cc','Jeromy','Jewell','2010-04-23',3,4,12,163,116,'In hac habitasse platea dictumst. Aliquam augue quam, sollicitudin vitae, consectetuer eget, rutrum at, lorem. Integer tincidunt ante vel ipsum.',NULL,NULL,1,'2021-07-07 20:14:59','e5fb89c9519cb8742eab504ba23e6e0939d6cb8ec1a3b538191245dbbf95731d'),(741,'rspellarj3@google.fr','4be627c5a32a4b43a2e9cc36b45f9d66','Rollins','Spellar','2002-05-10',5,4,43,163,81,'Suspendisse potenti. In eleifend quam a odio. In hac habitasse platea dictumst.',NULL,NULL,1,'2021-07-07 20:14:59','40ce19d36a85b8e65995d9d911cf700cc7d7133fa03c411d25813ecb8c263b54'),(742,'jbarenskyj4@liveinternet.ru','52e37ab5c13a013497e69d0f0acfd301','Jude','Barensky','2001-11-08',4,4,11,185,51,'Suspendisse potenti. Cras in purus eu magna vulputate luctus. Cum sociis natoque penatibus et magnis dis parturient montes, nascetur ridiculus mus.',NULL,NULL,1,'2021-07-07 20:14:59','06457066ff123313ce92461474c9e00c5b7c3f09c2b0857996d6c9e7ae8bbdf0'),(743,'jashlinj5@marketwatch.com','7a288465a86a115f0f6b4a0c3e2aefa1','Jocelyne','Ashlin','2001-05-07',4,4,13,188,61,'Nam tristique tortor eu pede.',NULL,NULL,1,'2021-07-07 20:14:59','1c7df6f138d674aefcc9cfbb9f3c2e4585699765bb9dcd96b20eecdd1f8d9934'),(744,'lrehnj6@bandcamp.com','d419f4541738f590fef8b595e2c1b3a6','Loy','Rehn','2008-01-09',3,3,8,201,64,'In blandit ultrices enim.',NULL,NULL,1,'2021-07-07 20:14:59','35687d0eb4483138fee0ea05129a567e0024f733b1e77d8386b0a75eecb71ff2'),(745,'cbudcockj7@vistaprint.com','9a03c35cb0f7e0874b640781da45febe','Clarabelle','Budcock','2006-05-16',4,4,15,174,68,'Vestibulum ac est lacinia nisi venenatis tristique. Fusce congue, diam id ornare imperdiet, sapien urna pretium nisl, ut volutpat sapien arcu sed augue. Aliquam erat volutpat.',NULL,NULL,1,'2021-07-07 20:14:59','fffc134861610dbc224962fb4724ee782ba95e806d54650bdf7b63dbb87db03c'),(746,'jelbyj8@gnu.org','d00608104fc99cb49fecd4622b255b32','Johann','Elby','2014-01-16',5,2,5,179,116,'Integer aliquet, massa id lobortis convallis, tortor risus dapibus augue, vel accumsan tellus nisi eu orci. Mauris lacinia sapien quis libero. Nullam sit amet turpis elementum ligula vehicula consequat.',NULL,NULL,1,'2021-07-07 20:14:59','47e5484698a3b9ca54b8d28ad902e68ab1e2b148a915e610cc19d9e02a9b5ed5'),(747,'rdickinsonj9@webnode.com','d13fa86e6c35b5a6c5a283600f48e05b','Rosaleen','Dickinson','2016-09-23',5,1,28,202,64,'Aenean fermentum.',NULL,NULL,1,'2021-07-07 20:14:59','c535e7395df870d073b34b66dc1a1fbc7f7ddcc213f89339707ddf1c720d8e2b'),(748,'ybedellja@joomla.org','b4994d52cc75bd56187f2467997ede99','Ysabel','Bedell','2014-04-03',2,2,24,207,65,'Aenean auctor gravida sem. Praesent id massa id nisl venenatis lacinia. Aenean sit amet justo.',NULL,NULL,1,'2021-07-07 20:14:59','64fe728d71726eb1ccb6c131623e7a341d9db0dd2736e3f74fcf491142838f61'),(749,'fhellikerjb@cornell.edu','86141b9cf63806dfc18331d52cba5f0b','Felicdad','Helliker','2007-12-28',5,1,4,190,74,'Morbi vestibulum, velit id pretium iaculis, diam erat fermentum justo, nec condimentum neque sapien placerat ante. Nulla justo.',NULL,NULL,1,'2021-07-07 20:15:00','a2a31d0a79600e3958cfff5390131f33d3ff6a9f665fcaf7651bb0e251cc0077'),(750,'balesojc@google.it','0625eaaaebc09f139252235326c80d28','Brockie','Aleso','2019-07-24',1,1,49,217,92,'Quisque porta volutpat erat. Quisque erat eros, viverra eget, congue eget, semper rutrum, nulla. Nunc purus.',NULL,NULL,1,'2021-07-07 20:15:00','023c1a1f0b35bc5dbe7a4e485d3cbd95b048d1246d3383643e939dfcbf9e2cb1'),(751,'hsnowdingjd@google.fr','52a77efff951da881b3d076562fb8c91','Herc','Snowding','2006-07-20',5,4,58,161,82,'Donec vitae nisi.',NULL,NULL,1,'2021-07-07 20:15:00','cf8d2e6ae92807a71be18e03668fdd7de56de850da34b29fe536d267caade22e'),(752,'bcrisellje@cisco.com','60d369555fef11ec0441d7a910b96d56','Bryon','Crisell','2010-02-14',4,4,53,161,84,'Duis aliquam convallis nunc. Proin at turpis a pede posuere nonummy. Integer non velit.',NULL,NULL,1,'2021-07-07 20:15:00','6b4a4b0616515854956a486b5bdbff46aa1f289ea3607283044c6b507785e8ea'),(753,'ematzeitisjf@shareasale.com','afd3aed311d74e3ef037035ff3c0b80a','Ellery','Matzeitis','2002-08-25',3,4,36,198,98,'Suspendisse potenti.',NULL,NULL,1,'2021-07-07 20:15:00','04010cd497a45d9f65fa4fd52d74ec0b934c59e9c4d502ee286fa525fe374bb3'),(754,'giskowiczjg@tumblr.com','86287e015a7f1fae40239880b48983ee','Garfield','Iskowicz','2020-12-12',3,4,44,215,92,'In hac habitasse platea dictumst. Aliquam augue quam, sollicitudin vitae, consectetuer eget, rutrum at, lorem. Integer tincidunt ante vel ipsum.',NULL,NULL,1,'2021-07-07 20:15:00','16838f2fa062932911f0c8ab189937daa318361326e6551ce67f39cf58da2779'),(755,'nhamblingtonjh@typepad.com','37ff137e1ca84e8bbcb6d90c7b190cac','Neilla','Hamblington','2006-12-11',3,1,37,187,70,'Praesent blandit. Nam nulla.',NULL,NULL,1,'2021-07-07 20:15:00','21593c402a738e90367f207e18b2574884b85a4203e89be8926cbf309d302611'),(756,'klingji@netscape.com','a5c28e10f2b41ba4894d7a16ba885bb6','Karisa','Ling','2017-11-14',3,2,12,177,85,'Nam ultrices, libero non mattis pulvinar, nulla pede ullamcorper augue, a suscipit nulla elit ac nulla. Sed vel enim sit amet nunc viverra dapibus. Nulla suscipit ligula in lacus.',NULL,NULL,1,'2021-07-07 20:15:00','05d5f6b87e10f3b3bf889711290ad3a915c99145ebeb58290f096c52ca6cb364'),(757,'lilchenkojj@mashable.com','d611bffc99fa77bb73e58059a088b6f2','Lissa','Ilchenko','2013-03-21',1,4,60,155,72,'Suspendisse potenti.',NULL,NULL,1,'2021-07-07 20:15:00','a3e046cf4e30d92114511a7d2e3b4feda7202247136bdf7cd2553df1a08da8d3'),(758,'jberkeryjk@who.int','4cb1ac29d4d94ef74e9473943e21ceb7','Jen','Berkery','2021-04-23',1,3,26,199,51,'Aenean lectus. Pellentesque eget nunc. Donec quis orci eget orci vehicula condimentum.',NULL,NULL,1,'2021-07-07 20:15:00','d94385a7a9b42b2480c7cb2cc99430d5ad1fb3aa5fd14a9e51866220cc14b2d9'),(759,'rdummiganjl@moonfruit.com','eda88deacb01a054f3602bbae73c82d7','Rivalee','Dummigan','2004-04-03',2,2,55,217,110,'Curabitur in libero ut massa volutpat convallis. Morbi odio odio, elementum eu, interdum eu, tincidunt in, leo.',NULL,NULL,1,'2021-07-07 20:15:01','f737a7b575bba811f16b4fadd856ebbda67ba013e534372841741671cf263d57'),(760,'aabrahamianjm@un.org','9b0f7233d5b3721f66bc6d9b8895dd78','Andreas','Abrahamian','2016-05-05',2,3,58,170,112,'Nulla mollis molestie lorem.',NULL,NULL,1,'2021-07-07 20:15:01','fbb67f16b212c8d5e30d6a962172432d4e06a73c79619944b13f7171fe354154'),(761,'bcheesworthjn@si.edu','516ec51244cb6142acbc6790b9330e9f','Brear','Cheesworth','2004-07-31',2,1,33,165,60,'Nulla tellus.',NULL,NULL,1,'2021-07-07 20:15:01','4691f269796acc705a23a8c1a8acd1a7df0daa51a22bcce35068ab6e9ffc4ccc'),(762,'mbettesonjo@sfgate.com','fa439ba545e282a845bedc13fe268e0d','Mariquilla','Betteson','2002-09-04',5,2,59,198,94,'In est risus, auctor sed, tristique in, tempus sit amet, sem. Fusce consequat.',NULL,NULL,1,'2021-07-07 20:15:01','694f65ece5b2363e6e39f8607b7b0ec2ef22b3c4d10c6f2445a4c4bd09a25318'),(763,'ereajp@hugedomains.com','59696e1e203db6134029958e0d67a9f7','Eddy','Rea','2005-01-07',3,1,8,189,58,'Morbi non lectus.',NULL,NULL,1,'2021-07-07 20:15:01','b4540531cd0b30b75ab1297046d8f5581777c6305120831291dde57af3a34dc7'),(764,'jpellattjq@uiuc.edu','249899c1d02e96d0869bcd87f031471c','Janina','Pellatt','2008-11-27',5,1,44,209,71,'Nullam orci pede, venenatis non, sodales sed, tincidunt eu, felis. Fusce posuere felis sed lacus. Morbi sem mauris, laoreet ut, rhoncus aliquet, pulvinar sed, nisl.',NULL,NULL,1,'2021-07-07 20:15:01','7f27061e60ab2e902518b9f0d97e5663dd6dc1128f363e70364afb8d0b585963'),(765,'ppidgenjr@home.pl','de83569477cc3986138f7c7c06ef49b7','Pamelina','Pidgen','2012-11-13',4,4,25,158,51,'In eleifend quam a odio. In hac habitasse platea dictumst. Maecenas ut massa quis augue luctus tincidunt.',NULL,NULL,1,'2021-07-07 20:15:01','e9d2aa5b5e66d0175931031d9820cff6d045571a22ecdd42f54efbc0b34e3281'),(766,'ncronjs@desdev.cn','8348a424a2ebce9e437d31157710d5f7','Noah','Cron','2019-01-29',2,3,62,201,95,'Aenean sit amet justo. Morbi ut odio. Cras mi pede, malesuada in, imperdiet et, commodo vulputate, justo.',NULL,NULL,1,'2021-07-07 20:15:01','38b68231686d0fa9969a2bf850eb6df7a2718a98dbfe81928837c13b41e38d02'),(767,'cralestonjt@youtu.be','ad580989914bea5481094c93bbbad274','Corbie','Raleston','2010-10-25',3,3,51,167,119,'Donec vitae nisi. Nam ultrices, libero non mattis pulvinar, nulla pede ullamcorper augue, a suscipit nulla elit ac nulla.',NULL,NULL,1,'2021-07-07 20:15:01','600027d7f698d356344bc3603d127ab82ae184140bd3a6b90eda10de6fab273a'),(768,'nblampyju@symantec.com','0d4b0fb7629f9423e8e5f80da566c957','Nels','Blampy','2009-11-12',2,1,43,162,66,'Vestibulum ante ipsum primis in faucibus orci luctus et ultrices posuere cubilia Curae; Mauris viverra diam vitae quam. Suspendisse potenti. Nullam porttitor lacus at turpis.',NULL,NULL,1,'2021-07-07 20:15:01','ea9bb1abcd0eef1a041d3a199f8f7157c5985118db621f635ee3e0f3dc0bf135'),(769,'sianninijv@wikia.com','0f521c7fd54a44c5f7001a66b035e856','Sidonia','Iannini','2009-05-07',1,4,33,215,51,'Lorem ipsum dolor sit amet, consectetuer adipiscing elit. Proin interdum mauris non ligula pellentesque ultrices. Phasellus id sapien in sapien iaculis congue.',NULL,NULL,1,'2021-07-07 20:15:02','d04c85dc78090ce7c38cc23a35bbd9cdbcce46d49f0d867fc8d67426f1d137f2'),(770,'fbertholinjw@amazon.de','08a3665dfa03cd1cf9b1ede7b0737c60','Feliza','Bertholin','2016-09-13',6,3,6,195,57,'Aenean fermentum. Donec ut mauris eget massa tempor convallis.',NULL,NULL,1,'2021-07-07 20:15:02','fc255ddca11eb81895d333bd40e9102e4548841aef52dfca78e0472cd95d8294'),(771,'promushkinjx@bloglines.com','5d97f46bb119a392fa2d574193214d85','Pinchas','Romushkin','2014-02-25',1,4,44,189,51,'Praesent blandit lacinia erat. Vestibulum sed magna at nunc commodo placerat.',NULL,NULL,1,'2021-07-07 20:15:02','72a61771601437aa3705099fdfb360a88495f7e6dbc2cc5a2451509405cc764e'),(772,'gphizakarleyjy@yellowbook.com','1911434dc0c957a145c8c87cf984226f','Granny','Phizakarley','2001-08-18',3,1,39,212,92,'Nunc nisl. Duis bibendum, felis sed interdum venenatis, turpis enim blandit mi, in porttitor pede justo eu massa. Donec dapibus.',NULL,NULL,1,'2021-07-07 20:15:02','9250f70446d38faa2703bfa8afee16b77e5123fc40f50bd6a4729ff1e5e185de'),(773,'eheighojz@merriam-webster.com','253dc7b1a5014a06858e6b34e1f37393','Edy','Heigho','2007-08-10',2,3,14,187,68,'Nullam sit amet turpis elementum ligula vehicula consequat.',NULL,NULL,1,'2021-07-07 20:15:02','31b351e2f8b10cd69b72498c291ef67676825d5c25db60ade27076a0b73160c7'),(774,'bbatropk0@hexun.com','39106feb5aa0b1c968d57b2818c53fa4','Benson','Batrop','2006-02-21',3,1,24,173,90,'Lorem ipsum dolor sit amet, consectetuer adipiscing elit. Proin risus.',NULL,NULL,1,'2021-07-07 20:15:02','e0c43161db90679fbddbe299f79ffa7e9b13dd194c079a91230c677b31567f2e'),(775,'ekillichk1@mozilla.com','0396f0b0330a9b9883741998e474ab93','Eryn','Killich','2001-08-17',4,1,37,189,84,'Lorem ipsum dolor sit amet, consectetuer adipiscing elit.',NULL,NULL,1,'2021-07-07 20:15:02','45641cabcb3ab10327166cad7c73d6c55107e67a046e6f1f11c278383b61f2c2'),(776,'lzaczekk2@opera.com','80ac91a3b2a8090aa7fb57c0c9854e54','Louis','Zaczek','2006-02-01',6,4,19,209,92,'Aenean lectus.',NULL,NULL,1,'2021-07-07 20:15:02','11656d6fc84de2a41c590fe8eae7273da4b63e85809f46e27b09f9e0434a83fa'),(777,'awitterickk3@nifty.com','61f26506b943c94aef24012af3d0627c','April','Witterick','2013-06-08',4,4,54,160,59,'In sagittis dui vel nisl. Duis ac nibh.',NULL,NULL,1,'2021-07-07 20:15:03','07e4f404218efa3992d2e80bf2f39834e25c6d89582a63cc369d4de6e683b177'),(778,'wmissingtonk4@baidu.com','fd81b220d524c80e0c98efeb159ebc70','Walker','Missington','2014-06-17',3,2,16,175,117,'In hac habitasse platea dictumst. Maecenas ut massa quis augue luctus tincidunt.',NULL,NULL,1,'2021-07-07 20:15:03','6bfaf2c0053d2a68d0de4fd65b2d87204762440b3705f07cba2b1f348aadfd43'),(779,'sfowlsk5@prweb.com','a3b77c7c2ad561bc46eba4056f9b53d7','Sib','Fowls','2012-07-13',3,2,56,175,73,'Curabitur in libero ut massa volutpat convallis. Morbi odio odio, elementum eu, interdum eu, tincidunt in, leo. Maecenas pulvinar lobortis est.',NULL,NULL,1,'2021-07-07 20:15:03','cef66e60a1c07dac5ddc7a8b69c61221cc89b8125f6a420c0f0c7333438736f4'),(780,'aclaxsonk6@livejournal.com','c85c3aac6a5c1051a14ed67bf3673e73','Archambault','Claxson','2014-01-12',4,4,40,201,70,'Donec vitae nisi. Nam ultrices, libero non mattis pulvinar, nulla pede ullamcorper augue, a suscipit nulla elit ac nulla.',NULL,NULL,1,'2021-07-07 20:15:03','c47982d0711a0fad59e1b3a2f5bccea5af9b2c74629dc999279b3fe2e41e8ee7'),(781,'mhecklek7@tripadvisor.com','beca5693fc29451df806d48ddb192a42','Marijn','Heckle','2012-03-02',4,2,43,197,78,'Vivamus in felis eu sapien cursus vestibulum. Proin eu mi.',NULL,NULL,1,'2021-07-07 20:15:03','a9550c5d1a1b77d679157bc98b02c990798f1fea7eb4053480c3bb250479a465'),(782,'fhurnellk8@xing.com','745257c18c0fa1453454d0b6e91f1071','Flossie','Hurnell','2018-05-25',4,4,58,150,89,'Duis at velit eu est congue elementum.',NULL,NULL,1,'2021-07-07 20:15:03','5770365099150a81a6784a1dabc6571526f8e182d3e3501e30874445ac35b45e'),(783,'tcosbeek9@bbc.co.uk','c5c0a5de9c3c4560b3ed7bd61b9e126c','Tracy','Cosbee','2014-08-15',5,4,44,172,55,'In blandit ultrices enim.',NULL,NULL,1,'2021-07-07 20:15:03','84091031c0992a397f6222f1fa5cd1801a7086a2eb691038a719e1cb1c7d1c76'),(784,'gharridayka@addtoany.com','4593823533e93661d42c630623473eb3','Georgetta','Harriday','2015-06-25',4,2,43,153,118,'Suspendisse potenti.',NULL,NULL,1,'2021-07-07 20:15:03','dd254b5f029c5eff124ba99139c1eafc2d454c1e7bbc40b538411f6ffd904e4a'),(785,'gbeszantkb@cnet.com','c474dfa1fc145bfec94abf24cf9f1321','Gustave','Beszant','2010-02-02',5,1,58,188,107,'Nam dui. Proin leo odio, porttitor id, consequat in, consequat ut, nulla. Sed accumsan felis.',NULL,NULL,1,'2021-07-07 20:15:03','a0ef5a28ba018222ba4e526b00658a4d13299341c633b4040b126bcc8f646356'),(786,'truckhardkc@oaic.gov.au','495119ba418c8d9e4f1e689a02516195','Thibaud','Ruckhard','2012-09-30',3,4,45,172,59,'Morbi vestibulum, velit id pretium iaculis, diam erat fermentum justo, nec condimentum neque sapien placerat ante. Nulla justo. Aliquam quis turpis eget elit sodales scelerisque.',NULL,NULL,1,'2021-07-07 20:15:04','110bfeb8eabf3954ed215cc36b9785d42c7dc402c06e86f7602bab98a9f7ca89'),(787,'wreddkd@bravesites.com','096b53c0eb3ce976e1b275c81be5060e','Wrennie','Redd','2005-03-23',6,2,32,190,79,'Suspendisse potenti. Cras in purus eu magna vulputate luctus.',NULL,NULL,1,'2021-07-07 20:15:04','2a8ccada2193c31f470f27dc38b959bda3004e8ccb9cd874d1ca8fff31212d6f'),(788,'wsarjeantke@theglobeandmail.com','0b6b9156b1204fd0c738d461cfca5f53','Wolf','Sarjeant','2020-04-12',2,2,52,218,103,'Donec diam neque, vestibulum eget, vulputate ut, ultrices vel, augue. Vestibulum ante ipsum primis in faucibus orci luctus et ultrices posuere cubilia Curae; Donec pharetra, magna vestibulum aliquet ultrices, erat tortor sollicitudin mi, sit amet lobortis sapien sapien non mi.',NULL,NULL,1,'2021-07-07 20:15:04','26e8c43e13c47bf9bd920f9b3b721cdd15968fdf556f32ddbc4b4703f6c4e677'),(789,'vmelmethkf@newyorker.com','a0df556c1eb44545a4685c5cf12bf166','Vernice','Melmeth','2013-06-20',4,2,4,159,52,'Morbi quis tortor id nulla ultrices aliquet.',NULL,NULL,1,'2021-07-07 20:15:04','a560ca7d3347120c3e7a312dde3cf8028f52613532e3101c463470658a089e16'),(790,'sgradleykg@nih.gov','6248d0a0c471ed7d7168ef57b26c2937','Shane','Gradley','2009-09-24',2,1,58,193,58,'Etiam justo. Etiam pretium iaculis justo.',NULL,NULL,1,'2021-07-07 20:15:04','0383a27add2f900600e85d734410ba646ba39539449407e75fb595038be5eec7'),(791,'vstrassekh@photobucket.com','33fe63b7087c3de01e56a4340d6f1298','Valdemar','Strasse','2019-03-11',4,1,53,195,99,'Duis consequat dui nec nisi volutpat eleifend. Donec ut dolor.',NULL,NULL,1,'2021-07-07 20:15:04','872bbcd4aa6065c92328d50f2f63563d02ae56a25ae44593a7ccba2a42784d2d'),(792,'edeaconsonki@privacy.gov.au','91fc297620f507ffed917478cc2b94e6','Edouard','Deaconson','2021-02-12',5,4,27,211,59,'Morbi non quam nec dui luctus rutrum. Nulla tellus. In sagittis dui vel nisl.',NULL,NULL,1,'2021-07-07 20:15:04','4cb46372f01022753a58837f3c5b5e66880e30d287eb339ff5af23344eab35ac'),(793,'emayeskj@samsung.com','add12f818e1058a3aa94e5d036793245','Eliot','Mayes','2018-11-04',1,2,2,197,89,'Vivamus tortor.',NULL,NULL,1,'2021-07-07 20:15:04','63cd355301a33c52a127cb14a0855c8c1733803a9d12a6fbd7aff9b334d6d5be'),(794,'tcockrankk@shop-pro.jp','4e4ae652e722ec1b80fa3fa74198d869','Tito','Cockran','2003-04-13',6,2,40,212,80,'Vestibulum ante ipsum primis in faucibus orci luctus et ultrices posuere cubilia Curae; Donec pharetra, magna vestibulum aliquet ultrices, erat tortor sollicitudin mi, sit amet lobortis sapien sapien non mi. Integer ac neque.',NULL,NULL,1,'2021-07-07 20:15:04','e5f653bfc9750a21fcb487f8517755e4bff0bdfd62b707f67328bdf604b6113a'),(795,'ebrownkl@symantec.com','d0b4a5f19c2b898fcebf76854d69369f','Esta','Brown','2003-12-15',3,1,40,181,75,'Donec ut dolor. Morbi vel lectus in quam fringilla rhoncus. Mauris enim leo, rhoncus sed, vestibulum sit amet, cursus id, turpis.',NULL,NULL,1,'2021-07-07 20:15:04','fb31018bee8eb958fe1340431a4b142e89f91dc62ffb71f78b3cd16bffd80439'),(796,'fjurasekkm@icq.com','e091ceaf57d0275171c885979cc963c6','Franzen','Jurasek','2007-04-30',2,3,14,183,96,'Aenean fermentum.',NULL,NULL,1,'2021-07-07 20:15:05','9b44b58dfd637a80329a7e7372af14a3d757d915ed2383e8341fbcadb8242490'),(797,'cbentallkn@slashdot.org','682b5baaa3cf9a122ebfb10d433838ba','Constanta','Bentall','1999-10-29',6,3,11,218,73,'Maecenas tincidunt lacus at velit. Vivamus vel nulla eget eros elementum pellentesque.',NULL,NULL,1,'2021-07-07 20:15:05','c8961f6dba5b4ac1ce59773e92f8b5269ec63d9992be57264240628cfa846bb8'),(798,'alammingko@vk.com','843992a15380983889b1f99162fe4c3f','Andrew','Lamming','2020-10-19',4,2,38,216,55,'Quisque erat eros, viverra eget, congue eget, semper rutrum, nulla. Nunc purus. Phasellus in felis.',NULL,NULL,1,'2021-07-07 20:15:05','55316f86c51a9ca849dc466c20523363820b1b7f6f04e82ff9a614d29efb613c'),(799,'mpartletonkp@comsenz.com','213189b8234c140fe45ab98ba67f3c39','Miner','Partleton','2013-08-05',2,1,58,166,90,'Proin risus. Praesent lectus. Vestibulum quam sapien, varius ut, blandit non, interdum in, ante.',NULL,NULL,1,'2021-07-07 20:15:05','a8ad54ba9aeb2e29cfa62ac94deb9b9dbb5062ebcb5b09ce2358c7f35585ea89'),(800,'fskipseykq@addthis.com','717869010a518e1af48e7ac2658534a9','Felix','Skipsey','2013-01-10',1,3,24,192,72,'Suspendisse accumsan tortor quis turpis.',NULL,NULL,1,'2021-07-07 20:15:05','6f965ecabda69b1f4771353864519a6d45707f5740d18322fc6888d4da912252'),(801,'gmechickr@digg.com','eba9a0aa59a9b6f32445878800f14de3','Guillaume','Mechic','2003-09-02',3,3,19,193,63,'In hac habitasse platea dictumst. Morbi vestibulum, velit id pretium iaculis, diam erat fermentum justo, nec condimentum neque sapien placerat ante. Nulla justo.',NULL,NULL,1,'2021-07-07 20:15:05','25e10f93b35df6f601607ceb9557825d988367f1090e381da6c47b28e2e5d418'),(802,'tmiklemks@archive.org','c47b88eb30aee34cfa8886a3fcf2badf','Torin','Miklem','2010-07-28',5,4,34,183,85,'Integer aliquet, massa id lobortis convallis, tortor risus dapibus augue, vel accumsan tellus nisi eu orci. Mauris lacinia sapien quis libero. Nullam sit amet turpis elementum ligula vehicula consequat.',NULL,NULL,1,'2021-07-07 20:15:05','2f66022aaaa90427cb869a5a37a303cc652a24985a12a42b3271d2a750b9db16'),(803,'gbushellkt@nasa.gov','0ba808d5c2998340c5a940a441f16e4b','Garik','Bushell','2007-06-14',2,1,9,181,111,'Donec odio justo, sollicitudin ut, suscipit a, feugiat et, eros. Vestibulum ac est lacinia nisi venenatis tristique.',NULL,NULL,1,'2021-07-07 20:15:05','6334d8054853521766609e485675cee21d11ebc51e28ede3164cbfe48127385e'),(804,'bcaghyku@mtv.com','999aff3a73ff1cf4fd5b5dce5d6908e5','Brenden','Caghy','2002-04-06',1,1,63,164,117,'Quisque arcu libero, rutrum ac, lobortis vel, dapibus at, diam.',NULL,NULL,1,'2021-07-07 20:15:05','abfb8b99b87ffc1d0b36127230f66050086f9748b092e0623fd0add6c44801ba'),(805,'rbrightkv@narod.ru','572276cdb3fa8b82040c7daf3fca01f1','Roslyn','Bright','2019-08-07',1,3,15,164,74,'Donec ut dolor.',NULL,NULL,1,'2021-07-07 20:15:05','a0d3c44139fb56c23be16a77f88a652e7d2d9f742673970c317527549c8b8b89'),(806,'dtunnochkw@webnode.com','cd33c19065e5da28af8a94a6e69e8beb','Demetra','Tunnoch','2012-11-16',2,1,41,219,113,'Nunc nisl. Duis bibendum, felis sed interdum venenatis, turpis enim blandit mi, in porttitor pede justo eu massa. Donec dapibus.',NULL,NULL,1,'2021-07-07 20:15:06','02de91556e777d637d2ac0f320ce3ec2e6dd35134dd2bfcbe3c6e12502f46aa0'),(807,'jcornbillkx@discuz.net','5be8513e3fe9eb1900ef8af7d4a281cd','Jo','Cornbill','2020-05-18',2,4,11,215,99,'Aliquam sit amet diam in magna bibendum imperdiet.',NULL,NULL,1,'2021-07-07 20:15:06','a7908f3f1191ef35a48e4f11124d1ff2d35648f870dfb662b9c95d33327531dd'),(808,'agudahyky@shutterfly.com','fdeaa70b57fab00ffe1358ecc799ea5c','Ailbert','Gudahy','2010-07-13',2,4,31,170,53,'Praesent lectus. Vestibulum quam sapien, varius ut, blandit non, interdum in, ante.',NULL,NULL,1,'2021-07-07 20:15:06','2886f2d17773deb50de6934632185d3a4bd4b25694c3a2418cdabfe50bceaff1'),(809,'tpenhalewickkz@phoca.cz','09ba1955695885cf76a73c18502a70c5','Tibold','Penhalewick','2009-04-22',2,2,24,192,95,'Suspendisse potenti. Nullam porttitor lacus at turpis.',NULL,NULL,1,'2021-07-07 20:15:06','933ff2d11824a59490bc43a3da19394997758f59b2eea7bafebe8ded539151b1'),(810,'dpowisl0@tiny.cc','eb2502a30aa0a34052d0a161e5abecc3','Drud','Powis','2020-10-10',2,1,20,175,62,'Donec posuere metus vitae ipsum. Aliquam non mauris. Morbi non lectus.',NULL,NULL,1,'2021-07-07 20:15:06','374b9dfacf0ac40c76990d4c53620e3c2c3c6e40a9f8c5d08e01630d7921824b'),(811,'ddrakel1@ifeng.com','24f23dc63c26dd44e1a7548e8d3fe38d','Doroteya','Drake','2005-05-14',5,2,13,159,72,'Integer non velit. Donec diam neque, vestibulum eget, vulputate ut, ultrices vel, augue.',NULL,NULL,1,'2021-07-07 20:15:06','a0ee3a2609efa7ed34e57e8bb057d63f1a79f2172deeb93c8becea126f2e989d'),(812,'emccoishl2@aol.com','4c4c86814e849ac3cca53fb71397f453','Erin','McCoish','2003-02-19',3,3,27,152,116,'Praesent blandit lacinia erat. Vestibulum sed magna at nunc commodo placerat.',NULL,NULL,1,'2021-07-07 20:15:06','4f87c9b7029625fe1d416fe9253bd8079f21d3e3a4b477513f0f01b9b66d3cfb'),(813,'tsamarthl3@admin.ch','e839c247cdce3c391c9c5c0ad19ab47d','Thurston','Samarth','2009-07-25',3,2,1,198,88,'In sagittis dui vel nisl. Duis ac nibh.',NULL,NULL,1,'2021-07-07 20:15:06','fdeb1d1c4d9d76e2fdb2be3de7a0b993586bd7a50e762fb8660bc48f42568c08'),(814,'msouthalll4@indiegogo.com','0c1d86ccf3482f5a059b97d83e8109b7','Marilee','Southall','2006-02-27',2,1,63,177,118,'Integer tincidunt ante vel ipsum. Praesent blandit lacinia erat.',NULL,NULL,1,'2021-07-07 20:15:06','3969f575cea97713657820cdedc4a645e4f12f54c16c95ec5e65b737219c1e90'),(815,'mzelnerl5@sakura.ne.jp','bb24a80c6f4a2bf27bf4e26547cd6e5e','Maureen','Zelner','1999-07-30',5,3,22,169,84,'Nulla tellus. In sagittis dui vel nisl. Duis ac nibh.',NULL,NULL,1,'2021-07-07 20:15:06','10bab241d6b67da72d2fe47e21a6a6af6f00e31a91279eadb110fd3bc9d1ac77'),(816,'gcosterdl6@dmoz.org','45132a45cea6c483f8ad02ea1743276a','Gottfried','Costerd','2019-10-01',3,1,52,186,94,'Proin interdum mauris non ligula pellentesque ultrices. Phasellus id sapien in sapien iaculis congue. Vivamus metus arcu, adipiscing molestie, hendrerit at, vulputate vitae, nisl.',NULL,NULL,1,'2021-07-07 20:15:07','4e105c748e60d415e324c88bc929fcd6e06471feebaf57d03f22e446807cd619'),(817,'coverill7@zdnet.com','e45cf59606661d371cf0ed5b9b426e04','Curtice','Overil','2002-02-25',5,3,61,219,108,'Quisque porta volutpat erat. Quisque erat eros, viverra eget, congue eget, semper rutrum, nulla. Nunc purus.',NULL,NULL,1,'2021-07-07 20:15:07','009159f60eb065f1f53d49ca6711f14211ee2e758ebb4fd4e1af215991c89aa0'),(818,'csteaningl8@netlog.com','ea723c05f9370230173f6f20421fdf93','Clyve','Steaning','2000-11-03',5,2,20,193,94,'Praesent blandit lacinia erat.',NULL,NULL,1,'2021-07-07 20:15:07','ddf3e0a6bcb3ce642f59f65de92567459b7a33de2d7cfa9edc174804aeac3b16'),(819,'mmatzkel9@irs.gov','927ef21a1abd5a564aa89030920603ca','Maia','Matzke','2011-03-18',3,1,41,219,59,'Pellentesque ultrices mattis odio. Donec vitae nisi.',NULL,NULL,1,'2021-07-07 20:15:07','1b5428bd018cffdabba7b33a328cae2bab243de1236de0688ded9af603f0886b'),(820,'mgilmorela@cbslocal.com','6ed24255895b77308bde5b0ed2168d56','Max','Gilmore','2001-07-08',6,2,26,199,119,'Maecenas leo odio, condimentum id, luctus nec, molestie sed, justo. Pellentesque viverra pede ac diam. Cras pellentesque volutpat dui.',NULL,NULL,1,'2021-07-07 20:15:07','b9085e0a6d1e637e34e097175c8f80e2fd94d0f8cec99af7cb9f571157f969f8'),(821,'pallchornlb@about.com','f9bcb7c1b1dcd0ddf8362601cc2a0f17','Pearla','Allchorn','2009-03-10',2,2,21,203,119,'Maecenas ut massa quis augue luctus tincidunt. Nulla mollis molestie lorem.',NULL,NULL,1,'2021-07-07 20:15:07','67576b4c0ccbeb04cf2cf29266ed1414875934b774cb26e39c00d7ea1c0ef38e'),(822,'iguilliattlc@addthis.com','e6b9639a860ab4b4b4c72e47203a852a','Iolanthe','Guilliatt','2008-11-12',4,4,22,218,53,'In est risus, auctor sed, tristique in, tempus sit amet, sem.',NULL,NULL,1,'2021-07-07 20:15:07','ddc953b99f642fb5ca658368e517a91454b55f74f33c115889dc597e9790f7bb'),(823,'rlefeaverld@wunderground.com','9b87bb11d2ac2af9ec66c8a304479e06','Renell','Lefeaver','2006-05-22',5,3,48,211,77,'Nulla tempus. Vivamus in felis eu sapien cursus vestibulum.',NULL,NULL,1,'2021-07-07 20:15:07','5eade8849ca078aa092a57649b60a05838d2dcfb9067d70b4fb0a0777d789152'),(824,'hpersencele@usda.gov','b2b05470d2bf7129134c0c6ad807da82','Heddi','Persence','2020-06-26',2,3,5,199,97,'Aenean auctor gravida sem. Praesent id massa id nisl venenatis lacinia.',NULL,NULL,1,'2021-07-07 20:15:07','8a775dd31c7d45ad84f01eebe0c6c1aac348a290f9093148065cb48f26328ab4'),(825,'wmccheynelf@usa.gov','15b572816101eea986f27fabbb8b79a7','Welsh','McCheyne','2009-10-09',2,3,39,178,80,'Curabitur convallis. Duis consequat dui nec nisi volutpat eleifend. Donec ut dolor.',NULL,NULL,1,'2021-07-07 20:15:08','217eb6e54b46d0e4177af723bdb32f6269c6548cb51654d2f3a990f46d52b51a'),(826,'tnestorlg@reddit.com','6c57463eade394dd2ab637434871724d','Tallou','Nestor','2010-02-07',2,4,42,158,113,'Integer ac leo. Pellentesque ultrices mattis odio. Donec vitae nisi.',NULL,NULL,1,'2021-07-07 20:15:08','9a623c1e18606dfc00d9d5e323203b02d26323b94e89402459bc0227211ebde9'),(827,'dskeeleslh@over-blog.com','6153df8683323d4d503d3b120cb7fdcf','Demetrius','Skeeles','2009-01-13',1,1,40,186,117,'In congue. Etiam justo. Etiam pretium iaculis justo.',NULL,NULL,1,'2021-07-07 20:15:08','c9961bc1eea97c8e6b3ecd838812a7bf8f8c8560004ef956988be44ff0f48dd5'),(828,'pdabnerli@constantcontact.com','8b653dec01b40e8e837d21be759fbedb','Peta','Dabner','2011-06-25',2,2,5,162,78,'Integer pede justo, lacinia eget, tincidunt eget, tempus vel, pede. Morbi porttitor lorem id ligula. Suspendisse ornare consequat lectus.',NULL,NULL,1,'2021-07-07 20:15:08','ef22c99f2c3a5e4eaaf9b83c78c589d4a7cb8f0d4f8f4a27633a6654dad4f34f'),(829,'rcolwelllj@nbcnews.com','83290e63c6f7ad51104d66d12efcf259','Rodrick','Colwell','2017-06-25',2,3,21,174,64,'Morbi quis tortor id nulla ultrices aliquet. Maecenas leo odio, condimentum id, luctus nec, molestie sed, justo. Pellentesque viverra pede ac diam.',NULL,NULL,1,'2021-07-07 20:15:08','d7df94e4e1fb95cd19244c10a51299beccaa21b61ee70db334a05d813df88566'),(830,'edoerfferlk@opensource.org','e8f73f9e6367c9f1ffb515d2e8028580','Ester','Doerffer','2008-11-10',5,1,20,186,54,'Nullam molestie nibh in lectus. Pellentesque at nulla.',NULL,NULL,1,'2021-07-07 20:15:08','0e9656adf3226e653e3b2174057d01a99e49f91bce23ec020461adc1335d344f'),(831,'emorrellll@furl.net','092d1d1a5b8807795a4b60b1f385ac9a','Esmaria','Morrell','2004-01-23',2,4,36,194,105,'Proin interdum mauris non ligula pellentesque ultrices. Phasellus id sapien in sapien iaculis congue.',NULL,NULL,1,'2021-07-07 20:15:08','33de2e5026e5b51629c840d51b4b64900c125d4852a13971c4c0dbd2decc2c6c'),(832,'zeveleighlm@arstechnica.com','8dea4401eb031fd1ea3bcb34cbf32669','Zandra','Eveleigh','2008-03-09',1,2,4,204,54,'Mauris enim leo, rhoncus sed, vestibulum sit amet, cursus id, turpis.',NULL,NULL,1,'2021-07-07 20:15:08','ac142eae21c38e3ff77651648dd8a6aac00a64eddce568f9450cba3a7b895fde'),(833,'fcalamln@ucoz.ru','5851d4128e054c4a5fe49c4741df82bb','Floria','Calam','2006-01-08',6,4,39,182,69,'Morbi quis tortor id nulla ultrices aliquet. Maecenas leo odio, condimentum id, luctus nec, molestie sed, justo.',NULL,NULL,1,'2021-07-07 20:15:08','b906d38678f50b8535d51e4dcece6e649f58339c77ba98152f34c1d08983f8d8'),(834,'kebbingslo@istockphoto.com','4c0b2dc014b6f2244a21730d7393cdef','Kleon','Ebbings','2002-12-05',4,2,39,194,88,'In blandit ultrices enim. Lorem ipsum dolor sit amet, consectetuer adipiscing elit. Proin interdum mauris non ligula pellentesque ultrices.',NULL,NULL,1,'2021-07-07 20:15:09','e369164f468b3f4d53e4298eb6f572a8911e7eefa17cd410092a5e8fbee71f8c'),(835,'ocostelp@telegraph.co.uk','0eb77a96c7525de95be581719e21177d','Ofilia','Coste','2017-06-08',3,4,50,191,105,'Fusce lacus purus, aliquet at, feugiat non, pretium quis, lectus.',NULL,NULL,1,'2021-07-07 20:15:09','f71a6ae0c4a7a83ca8f36c8c2146e6f1ca6d66d68945048b005264e02c05222a'),(836,'hkitcattlq@bandcamp.com','32f1219d704e3e687c2d263dda4187f9','Henrieta','Kitcatt','2005-08-26',1,4,6,178,68,'Nullam varius. Nulla facilisi.',NULL,NULL,1,'2021-07-07 20:15:09','e2bb66385765fe0136334566b3720fc7c281c61e5187596eb1bf23846662fdd5'),(837,'cmityushkinlr@webeden.co.uk','b6ec1a6f836c926707fa7cf7535fc08e','Cecile','Mityushkin','1999-07-27',5,2,54,171,96,'Aliquam non mauris. Morbi non lectus.',NULL,NULL,1,'2021-07-07 20:15:09','ea7609334413f18f0d3bec60a7a600918f321aa99897cf7ff4cc0020f3c39dcb'),(838,'cpratleyls@tamu.edu','e81ca77d05e038776c68ac0a3bb1b033','Cale','Pratley','2019-05-20',5,1,39,202,109,'Nam ultrices, libero non mattis pulvinar, nulla pede ullamcorper augue, a suscipit nulla elit ac nulla.',NULL,NULL,1,'2021-07-07 20:15:09','9b26e54a9b23ab608ab485107538c3570f68e936606cd411944889c5615a5fa0'),(839,'ndealeylt@networksolutions.com','1ea0b940a064f50bded1d5edeefaa9ae','Ned','Dealey','2015-04-27',6,3,8,177,113,'Donec ut dolor.',NULL,NULL,1,'2021-07-07 20:15:09','c3ddfa6959949fdb005e251cdfbb9ca13d2f50266eeef1bb8b43c8875144fe14'),(840,'rpartonlu@independent.co.uk','6a788d9948dcbd6170d64080efc62a77','Ryon','Parton','2009-06-08',5,1,28,175,57,'Donec diam neque, vestibulum eget, vulputate ut, ultrices vel, augue.',NULL,NULL,1,'2021-07-07 20:15:09','4478e302bfce989cbdc96b5d31f98f2c5048484889d7447f35f90a14ac2ec231'),(841,'aleschellelv@irs.gov','f6a2c8570542ae2a06f14827aa893e8e','Aloisia','Leschelle','2009-01-27',1,3,45,152,100,'Integer ac leo. Pellentesque ultrices mattis odio.',NULL,NULL,1,'2021-07-07 20:15:09','7253f2ea4e214f5eceb9408fa31ccc0ee74d95cd7dd8f7b2073517b6741f0345'),(842,'idelacostelw@deviantart.com','3e8e89d27fda29887740aa1e1d816040','Ivett','De La Coste','2020-11-29',4,1,53,192,76,'Quisque erat eros, viverra eget, congue eget, semper rutrum, nulla. Nunc purus. Phasellus in felis.',NULL,NULL,1,'2021-07-07 20:15:09','ed101d8c1902033da07bc6d3fe0dc3187106e305c79f92bce2e3c9e9511562ef'),(843,'pgetleylx@yellowpages.com','6ff4c32444f44e327c6d2f813ff2ce83','Philis','Getley','2014-03-15',5,1,18,183,112,'Aenean lectus. Pellentesque eget nunc.',NULL,NULL,1,'2021-07-07 20:15:09','36c41f1651ca3417025c5c9535f59f017346029669fa2de5935227281c2bec78'),(844,'ikattenhornly@ehow.com','071c946d45f9adcb3ecb2e65f67a8bb3','Ivette','Kattenhorn','2002-11-15',4,4,5,214,82,'Morbi quis tortor id nulla ultrices aliquet.',NULL,NULL,1,'2021-07-07 20:15:10','35d202ce18148b289bd803908838aa81b73cd2a9cc2d6bface4de594a9913774'),(845,'kguildlz@stanford.edu','0b18190f9a9636eecbdea5cfe37d7cb5','Karole','Guild','2004-02-22',4,2,12,163,63,'Nulla justo. Aliquam quis turpis eget elit sodales scelerisque. Mauris sit amet eros.',NULL,NULL,1,'2021-07-07 20:15:10','ea647add2cbaf0bf7c48fc4761ec605c3934b2a8d704abca090e440706300813'),(846,'cstarmerm0@wordpress.com','be340048e545665ef6ac2322f7e550aa','Consolata','Starmer','2004-09-04',2,2,55,186,116,'Ut tellus. Nulla ut erat id mauris vulputate elementum.',NULL,NULL,1,'2021-07-07 20:15:10','02b4ddf8bd29bc6fc2f84a75fb1173d631cf3a59d296c0e71dcb94759feb1df7'),(847,'askallym1@nyu.edu','413d0b5bfb5c94a19c61af2a710874f0','Alexia','Skally','2007-01-31',4,4,38,219,86,'Quisque arcu libero, rutrum ac, lobortis vel, dapibus at, diam.',NULL,NULL,1,'2021-07-07 20:15:10','a1aa56bf322b0307c017e3e188283eed827d7ea6290750c81296a92dd88222a5'),(848,'rblakdenm2@ebay.co.uk','c112cf862707ca8960feb869f7a60c1a','Reagan','Blakden','2015-01-23',4,4,21,159,81,'Praesent blandit.',NULL,NULL,1,'2021-07-07 20:15:10','849069936aa0e48f423234a006cb6c5893a487728af68d95c5fef310280f193c'),(849,'cseemanm3@angelfire.com','6ebc079365f4399806ec8c11b679b46d','Cecilius','Seeman','2012-12-05',3,2,56,216,106,'Phasellus id sapien in sapien iaculis congue.',NULL,NULL,1,'2021-07-07 20:15:10','285b02ef7e51f37c389cc1a0a71c48d9541f669554743cc7bfa50f2d9c9d47cc'),(850,'jdalinderm4@spotify.com','1c0eded24f5fb844848d3c6aff7de51e','Justin','Dalinder','2001-01-03',2,1,51,209,51,'Nulla ut erat id mauris vulputate elementum. Nullam varius. Nulla facilisi.',NULL,NULL,1,'2021-07-07 20:15:10','a25066b19b3574031f0318df0a0deac4b179e035c0f6be8458a0ac67b4763ef9'),(851,'ablazam5@epa.gov','97c7ceac9b020a81ea99030b6f49cb6f','Anni','Blaza','2018-12-25',1,3,56,160,91,'Nullam varius. Nulla facilisi. Cras non velit nec nisi vulputate nonummy.',NULL,NULL,1,'2021-07-07 20:15:10','46a2a618a56adb6caa06dfb922d9bdfca1b50699d79b488e996dff3714166245'),(852,'awattingm6@earthlink.net','690da532751864994ea35fd99511cb79','Amabel','Watting','2011-09-07',1,4,25,198,114,'In hac habitasse platea dictumst.',NULL,NULL,1,'2021-07-07 20:15:10','e9a0eececd571900aa1ac3e722edaf164ba1d1624344f0b0682e9756b16c26db'),(853,'mmarrowm7@vkontakte.ru','3d05f70338cd216d1efe64a5f8d2e1c6','Milzie','Marrow','2017-10-04',4,3,21,184,72,'Morbi vel lectus in quam fringilla rhoncus. Mauris enim leo, rhoncus sed, vestibulum sit amet, cursus id, turpis. Integer aliquet, massa id lobortis convallis, tortor risus dapibus augue, vel accumsan tellus nisi eu orci.',NULL,NULL,1,'2021-07-07 20:15:11','5e127e83345493902cb6c7ed807aaa1180e148333bdb36ff96daabefff34ed7e'),(854,'cscotchforthm8@bloomberg.com','2281990cbf993360b1f42d1095a38301','Chadwick','Scotchforth','2011-06-29',6,1,54,172,51,'Nam dui. Proin leo odio, porttitor id, consequat in, consequat ut, nulla. Sed accumsan felis.',NULL,NULL,1,'2021-07-07 20:15:11','5486a36133359b7bcf3ea16acac6dff1a4442ab6085eea2cdb51cc16d586929d'),(855,'nlincolnm9@booking.com','d1fee9146a2836c1d6c411fb6e6ca1ff','Ninnetta','Lincoln','2021-04-07',6,4,57,189,112,'Mauris ullamcorper purus sit amet nulla.',NULL,NULL,1,'2021-07-07 20:15:11','0786056ff6f33e0e2257bc78efa660b7cfa5ae2e420c5d70a175af6957a84ba1'),(856,'njohanssonma@ameblo.jp','46d7484aae6135ec7ccb83410db5156a','Nevin','Johansson','2015-07-02',5,2,16,209,67,'Morbi non lectus. Aliquam sit amet diam in magna bibendum imperdiet.',NULL,NULL,1,'2021-07-07 20:15:11','61b9e104a8094fdba5e1c46593792f362be60ca6b9a189b8bbc7f24b77ea704d'),(857,'dpabelikmb@irs.gov','a941d2efff0f93cd91e58cdb64c58a0a','Deirdre','Pabelik','2010-02-17',5,4,16,189,94,'Praesent blandit lacinia erat.',NULL,NULL,1,'2021-07-07 20:15:11','dbb9d4d22cacb55addccfcf048b9a74c434a4f839db912f0363ff5948f971f77'),(858,'gdavetmc@ucsd.edu','05317f3d225d807fa50ad941feccf859','Graehme','Davet','2011-06-19',5,4,15,196,71,'Fusce consequat.',NULL,NULL,1,'2021-07-07 20:15:11','1147ac21402b38e4d4a33699334dd2c0eba1b1b039eb4ad1a37bb47d33789240'),(859,'bsingletonmd@bloglines.com','8df3ba98be0a73b62914646d8c692c81','Beverlee','Singleton','2020-10-07',5,3,22,170,76,'Praesent blandit.',NULL,NULL,1,'2021-07-07 20:15:11','726019a04f97c27f3359a1e33874202e1973a7a9ec4dd99e3e890cf032f2258c'),(860,'hhowelsme@omniture.com','79c165397d02ff0026ee67ea6aefe887','Hamish','Howels','2008-10-08',5,4,41,176,59,'Cras pellentesque volutpat dui. Maecenas tristique, est et tempus semper, est quam pharetra magna, ac consequat metus sapien ut nunc.',NULL,NULL,1,'2021-07-07 20:15:11','207da83575bb706773e785d37c6ddc696d834c9f8145cbd4783321be8bc92187'),(861,'ctantemf@bluehost.com','77815d7d7c00c8e202f2ab1d0fe927a1','Cathrin','Tante','2018-05-08',1,3,26,151,50,'Nam dui. Proin leo odio, porttitor id, consequat in, consequat ut, nulla. Sed accumsan felis.',NULL,NULL,1,'2021-07-07 20:15:11','ae1fe2d9aab10b24e3aa7988b354ca746999d5327f11f366fbffdb0f958df6f6'),(862,'vrafterymg@google.ru','c1f1c330087b758697fb20e52b3250c6','Viviene','Raftery','1999-11-19',2,3,55,201,100,'Morbi vestibulum, velit id pretium iaculis, diam erat fermentum justo, nec condimentum neque sapien placerat ante. Nulla justo.',NULL,NULL,1,'2021-07-07 20:15:11','22198603f1594a0e288d3c51dd1a60b47ca3887259a22cd2e3131821a36b6f06'),(863,'rmowattmh@clickbank.net','db30e27762e7656a8c2c47cf8b2fa5a4','Rebekkah','Mowatt','2003-04-21',2,4,59,158,51,'Curabitur at ipsum ac tellus semper interdum. Mauris ullamcorper purus sit amet nulla. Quisque arcu libero, rutrum ac, lobortis vel, dapibus at, diam.',NULL,NULL,1,'2021-07-07 20:15:12','2f4583df192ddb192a2f04f5b32b2645ebb79de5da8145064f3cd9148662d573'),(864,'fsidgwickmi@friendfeed.com','d78b4e109d12f817250bd343cdbc03f0','Ferrel','Sidgwick','2021-03-12',4,2,37,170,111,'Cras in purus eu magna vulputate luctus. Cum sociis natoque penatibus et magnis dis parturient montes, nascetur ridiculus mus. Vivamus vestibulum sagittis sapien.',NULL,NULL,1,'2021-07-07 20:15:12','489cb2d86b90da798b6e020332b937f07ebdffcd77a314fd1fb7c265adf04bf8'),(865,'hodgersmj@topsy.com','156bf12eb6b1707e7b0267dd0ad97974','Huntington','Odgers','1999-07-15',3,4,3,212,74,'In blandit ultrices enim.',NULL,NULL,1,'2021-07-07 20:15:12','507a915855e2f89604d1fd2ff49e39f7e8c529ee03642df07f62806ab81ef663'),(866,'flawsmk@noaa.gov','583462b913efcd54e27e16bb4f5f69a0','Faith','Laws','2014-10-12',4,3,10,196,118,'Morbi a ipsum.',NULL,NULL,1,'2021-07-07 20:15:12','fc11c8bb52c600de6b30e89af55d845b6f27d9adc4796891284514ccdff99b03'),(867,'gcolumbellml@storify.com','5d8a279bc510340f033a3fb694ed27bb','Guillema','Columbell','2009-09-28',6,2,1,150,80,'In tempor, turpis nec euismod scelerisque, quam turpis adipiscing lorem, vitae mattis nibh ligula nec sem.',NULL,NULL,1,'2021-07-07 20:15:12','6816b8dd2348f1029c9a3ce8b38a6d02b4c505d603295a199c12ffd6d3c2a484'),(868,'screedmm@biglobe.ne.jp','3912c171ffad2faf3244c6d47d5acdba','Sibylle','Creed','2012-11-09',3,1,61,164,55,'Aenean auctor gravida sem.',NULL,NULL,1,'2021-07-07 20:15:12','8bc868cad271a4e3fa3190d7933a14cd0a24d8ba3316ddc9dd9fe5978fe10be7'),(869,'csantoromn@ezinearticles.com','2e97390fca2189c74f4013d1844fe57a','Cordey','Santoro','2012-07-10',4,1,50,216,85,'Curabitur at ipsum ac tellus semper interdum. Mauris ullamcorper purus sit amet nulla.',NULL,NULL,1,'2021-07-07 20:15:12','ddba91e43d40f48db60295609a70f488f2253985e3a8d84b5658a385ad2d0a25'),(870,'hchumleymo@pinterest.com','f64301448d3fedc9df6b251d775c996a','Heath','Chumley','2014-10-22',2,3,24,167,108,'Mauris enim leo, rhoncus sed, vestibulum sit amet, cursus id, turpis. Integer aliquet, massa id lobortis convallis, tortor risus dapibus augue, vel accumsan tellus nisi eu orci.',NULL,NULL,1,'2021-07-07 20:15:12','33e9f90ded22bd703dfcc36dd23bab3ba86b448ac628fac16d2701f99662be48'),(871,'bvincentmp@constantcontact.com','a5e042134a1c60daf3e210ff90e7615d','Blair','Vincent','2004-02-27',4,3,14,174,68,'Cras mi pede, malesuada in, imperdiet et, commodo vulputate, justo. In blandit ultrices enim. Lorem ipsum dolor sit amet, consectetuer adipiscing elit.',NULL,NULL,1,'2021-07-07 20:15:12','7849a69a3c2b99799acc70d1c3ce1b66942e3155cea29eccf80c5d926f3442df'),(872,'hsnalommq@telegraph.co.uk','60f85d8ac2cc107f69796c42797a3f1f','Hughie','Snalom','2000-06-22',1,2,36,162,117,'Vivamus tortor. Duis mattis egestas metus. Aenean fermentum.',NULL,NULL,1,'2021-07-07 20:15:13','d0661ba86ba284cfc02d3ee61a5dd596970dabb69b9c7e9c885eaba39fe4ebd7'),(873,'ecolganmr@webeden.co.uk','0217b30618698bd891b08a795db88608','Egan','Colgan','2003-10-07',2,2,27,205,76,'Pellentesque eget nunc.',NULL,NULL,1,'2021-07-07 20:15:13','ee4a7a22200be3e196c0aba77ea37eb5830a5def5156f5fd2644778ccce9e7e3'),(874,'mzuponems@house.gov','fda62a52c739ac6472913ee3c8109e6e','Morgan','Zupone','1999-08-12',1,3,33,183,105,'Cras pellentesque volutpat dui. Maecenas tristique, est et tempus semper, est quam pharetra magna, ac consequat metus sapien ut nunc.',NULL,NULL,1,'2021-07-07 20:15:13','e193c076a4fcbb1877f0b9cb00e6c48d064266e36a84ed633ad8d5f5b48e6e66'),(875,'wlightbownemt@360.cn','8385f0da4f5ebd70ee0cc841f8e8b7e5','Wyatan','Lightbowne','2016-09-18',2,3,15,203,68,'Proin at turpis a pede posuere nonummy. Integer non velit. Donec diam neque, vestibulum eget, vulputate ut, ultrices vel, augue.',NULL,NULL,1,'2021-07-07 20:15:13','5b87ea4c1180853bc09a6933851230a458fe7977db086722981c2d08d66aaac5'),(876,'mmogglemu@usatoday.com','4f5692fb7423adee72786c4daf1c6ea2','Meg','Moggle','2011-02-24',4,1,25,190,90,'Vestibulum ac est lacinia nisi venenatis tristique. Fusce congue, diam id ornare imperdiet, sapien urna pretium nisl, ut volutpat sapien arcu sed augue. Aliquam erat volutpat.',NULL,NULL,1,'2021-07-07 20:15:13','55833705fa565fa1d16bf36cb4a8a3ca6cb8ab5a35a717148fbb033348792e23'),(877,'tlightenmv@github.com','b9c1bf7cae8f294f65d8e4855df5150d','Thomasin','Lighten','2006-12-13',3,4,4,214,115,'Aliquam sit amet diam in magna bibendum imperdiet. Nullam orci pede, venenatis non, sodales sed, tincidunt eu, felis.',NULL,NULL,1,'2021-07-07 20:15:13','4935e283c1b828aa02e0ee14d569bda813f8fe020c7b0c4678998f0a099a689f'),(878,'cgleavemw@cbsnews.com','6fbe9f25eda20567ad9835a5c6dc107f','Carin','Gleave','2020-11-01',3,1,31,178,90,'Nullam orci pede, venenatis non, sodales sed, tincidunt eu, felis. Fusce posuere felis sed lacus. Morbi sem mauris, laoreet ut, rhoncus aliquet, pulvinar sed, nisl.',NULL,NULL,1,'2021-07-07 20:15:13','ccafdc92b9795db1cdfa042a7cada0c57e0c7732ca135424ee026cfee6bd7b4a'),(879,'obeeckermx@fotki.com','b46804ac0b4a19f286b9482d174783d9','Odelia','Beecker','2019-05-23',2,3,33,156,82,'Donec diam neque, vestibulum eget, vulputate ut, ultrices vel, augue. Vestibulum ante ipsum primis in faucibus orci luctus et ultrices posuere cubilia Curae; Donec pharetra, magna vestibulum aliquet ultrices, erat tortor sollicitudin mi, sit amet lobortis sapien sapien non mi.',NULL,NULL,1,'2021-07-07 20:15:13','4bb3848e64f6c9713192674ff833697f0a91128e86e1a48736f7071d1f3380c6'),(880,'ghaggerwoodmy@wired.com','a7113c88837d2413ff17876c2d9b7230','Griffith','Haggerwood','2007-11-03',4,2,29,208,84,'Vestibulum ante ipsum primis in faucibus orci luctus et ultrices posuere cubilia Curae; Duis faucibus accumsan odio. Curabitur convallis.',NULL,NULL,1,'2021-07-07 20:15:13','63f7ae8f87fc8929594c8dc9dc519fce32d8e37941cd557a079b62075bfc17d7'),(881,'tmulrooneymz@elpais.com','47b1306680f545f7d953d0c1a6173d79','Thayne','Mulrooney','2016-02-09',3,2,28,165,70,'Pellentesque eget nunc. Donec quis orci eget orci vehicula condimentum. Curabitur in libero ut massa volutpat convallis.',NULL,NULL,1,'2021-07-07 20:15:14','181e8ad273760437dbcc6dd634e377c0326a49ed6a34275d59ca3da1df40eb81'),(882,'kpeaseyn0@wordpress.com','78f580a7cbcc8d3a26058d8c39e0f728','Karoly','Peasey','2012-02-22',2,4,17,172,92,'In hac habitasse platea dictumst.',NULL,NULL,1,'2021-07-07 20:15:14','744d4f3def960dc39432fc42a09313139c728143ce490012c5785f759ac93636'),(883,'fcocksn1@fda.gov','04f1cb101dd066748308d0ebbdbf1d3a','Flori','Cocks','2011-06-03',5,4,46,171,73,'In quis justo.',NULL,NULL,1,'2021-07-07 20:15:14','55589ee638222560e736b9a647518ce38ad51ac6de96cb2f1853cb6133bd9af3'),(884,'bosgodbyn2@example.com','3cfbc037fc2cf072160cf7eb42efb5eb','Briney','Osgodby','2016-04-08',6,4,60,150,77,'Nulla suscipit ligula in lacus.',NULL,NULL,1,'2021-07-07 20:15:14','da68d316e8df970cd8241f3f7d2b7feda311399a4665547e7481b5cf7e6dc1d7'),(885,'bbroadeyn3@prlog.org','2e7ff11eef13ee9d1a7428d40d30c330','Barbabra','Broadey','2019-05-22',1,4,14,197,100,'Morbi non quam nec dui luctus rutrum. Nulla tellus. In sagittis dui vel nisl.',NULL,NULL,1,'2021-07-07 20:15:14','9c95baab3a668e8eafb74e5eb1ce8ab43e82bbff28ca3992bd5771116660be52'),(886,'szarfatin4@issuu.com','13f88014ee664f2d936c9734a10e1d06','Sonja','Zarfati','2001-12-25',1,4,14,163,82,'Fusce posuere felis sed lacus. Morbi sem mauris, laoreet ut, rhoncus aliquet, pulvinar sed, nisl. Nunc rhoncus dui vel sem.',NULL,NULL,1,'2021-07-07 20:15:14','df4382940cf783e058487a3d186e5fd0ef37ed78332efa045b7d9f830de05197'),(887,'mmillbankn5@examiner.com','808a57a677051f6267bb5d2d69ea5929','Mick','Millbank','2010-07-15',1,3,27,199,96,'Nunc rhoncus dui vel sem.',NULL,NULL,1,'2021-07-07 20:15:14','a59ce2fd175082c21caf885cf68408c9f0d74948776309207aeab32f7ff5a607'),(888,'oshutern6@t-online.de','531aaa79eba1ca6df75a9643220062e7','Ossie','Shuter','2015-10-14',3,3,60,150,114,'Nullam porttitor lacus at turpis. Donec posuere metus vitae ipsum.',NULL,NULL,1,'2021-07-07 20:15:14','450a4afb8d396efe5de13c4dc053c35a13f6449331034ba3b28a4665533f6e5e'),(889,'cmatuszinskin7@youtu.be','1263ba57fc8c5879d511d299c11c15c9','Clementia','Matuszinski','2002-04-22',5,4,18,216,97,'Sed vel enim sit amet nunc viverra dapibus. Nulla suscipit ligula in lacus. Curabitur at ipsum ac tellus semper interdum.',NULL,NULL,1,'2021-07-07 20:15:14','b4388a659fa08c95e9cf44d6b2606be4cf28e723638013d5ad924a69456f2dda'),(890,'kwilkensonn8@desdev.cn','9ca09e93e33ac5796125090124ba337e','Kim','Wilkenson','2002-07-27',1,1,57,156,53,'In hac habitasse platea dictumst. Morbi vestibulum, velit id pretium iaculis, diam erat fermentum justo, nec condimentum neque sapien placerat ante. Nulla justo.',NULL,NULL,1,'2021-07-07 20:15:14','1ed9e5d9e2252e1f1afb4d688b371bdfe07d6b032f80bfe043a656acea24daff'),(891,'jpatersonn9@hud.gov','d1ee81f83a39431dd361618821fc28dc','Jade','Paterson','2009-04-21',4,1,44,177,85,'Quisque ut erat.',NULL,NULL,1,'2021-07-07 20:15:15','6759fe5c6d4a588c86786e49281c8af1e9b0bec92b2b48b0ea41d53f9aff5b61'),(892,'rbuxsyna@blogs.com','0330b80d0dc0b103c98e1563a4087120','Rosabel','Buxsy','2001-12-15',3,2,61,196,113,'Donec odio justo, sollicitudin ut, suscipit a, feugiat et, eros. Vestibulum ac est lacinia nisi venenatis tristique. Fusce congue, diam id ornare imperdiet, sapien urna pretium nisl, ut volutpat sapien arcu sed augue.',NULL,NULL,1,'2021-07-07 20:15:15','f74f09cf04edea057a65c2f5135848cfae4cbd3e747c615d38b886e8a5705d83'),(893,'imckanenb@behance.net','0317f60b1bcf04625ceca29f4f3d55b0','Irv','McKane','2020-10-24',6,4,7,152,72,'Vestibulum ac est lacinia nisi venenatis tristique.',NULL,NULL,1,'2021-07-07 20:15:15','2ed4879b44ca2242e0eb5a8fc2555a6f4da6fc09740901bae7ceca473508cdd7'),(894,'bredwallnc@miibeian.gov.cn','91a5d0ea288b6bdf09e59d1bfa9029e9','Brianna','Redwall','2003-08-19',1,1,53,158,74,'Maecenas pulvinar lobortis est. Phasellus sit amet erat.',NULL,NULL,1,'2021-07-07 20:15:15','d461f52c09874e71b49ce5485716e0e1f81008297d77e207466e9cc8e4eee93a'),(895,'sflawithnd@weather.com','00b2a08db9aafabc38953796da87a7ad','Salomo','Flawith','2008-06-01',5,2,42,164,83,'Nullam molestie nibh in lectus. Pellentesque at nulla. Suspendisse potenti.',NULL,NULL,1,'2021-07-07 20:15:15','58d7488bb5a356dae5204aeb1cb3dddc1dd88f34be783869216dd889d1da293f'),(896,'ssandellsne@chicagotribune.com','0cf449bfc488ed23dcd8b852576d7e48','Sydney','Sandells','2002-12-04',6,3,31,214,115,'In hac habitasse platea dictumst. Maecenas ut massa quis augue luctus tincidunt.',NULL,NULL,1,'2021-07-07 20:15:15','26ada6e505e3ee50e098fc6143c2851f2186094e4344e9cbfe59a19c8df4aa7d'),(897,'kerettnf@trellian.com','837cd049dad57b834ee5cc42db552dcc','Kale','Erett','2014-06-06',5,3,29,182,73,'Duis at velit eu est congue elementum.',NULL,NULL,1,'2021-07-07 20:15:15','f61ca5a68183be5868a01e38bc1939dc2ba1fc7f72b9c7472a558f563152f825'),(898,'wwardleng@hibu.com','4dcd24bab873b798a434c34992184fe6','Winonah','Wardle','2008-04-25',5,4,41,219,70,'Suspendisse potenti.',NULL,NULL,1,'2021-07-07 20:15:15','5065b48b7d7125ac07b71696576c02eac79d12e61791d5eee3534fb42276eb76'),(899,'lbriancenh@microsoft.com','23a7e17a8ae643467015aae941a33266','Lauren','Briance','2008-01-24',1,4,63,197,61,'In sagittis dui vel nisl. Duis ac nibh.',NULL,NULL,1,'2021-07-07 20:15:15','0f5782dee672456412de2ee3c3dc748a9acae258240374e38429be0a1e4876c0'),(900,'kbassinghamni@miibeian.gov.cn','00a6204d5383558c327a70ac2dba9909','Kippar','Bassingham','2015-05-15',4,2,55,213,118,'Maecenas tristique, est et tempus semper, est quam pharetra magna, ac consequat metus sapien ut nunc. Vestibulum ante ipsum primis in faucibus orci luctus et ultrices posuere cubilia Curae; Mauris viverra diam vitae quam. Suspendisse potenti.',NULL,NULL,1,'2021-07-07 20:15:16','792db8ba84b317c7df35738a9d9cfa6df10607dae6edf4c2c8945a84d6fae29b'),(901,'ddampernj@businessinsider.com','4f4b80fb73d94da1ab2dc83d227f2108','Danny','Damper','2015-07-10',3,1,33,199,95,'Phasellus id sapien in sapien iaculis congue.',NULL,NULL,1,'2021-07-07 20:15:16','c9c340295017af5f0d5ea2c4d0761e6a976384e2386fcfc008243f4030b21d31'),(902,'ajoretnk@umich.edu','0b095f38d3e8b62a04eb29d07b0ccd36','Almira','Joret','2013-01-14',4,4,42,189,114,'Maecenas tristique, est et tempus semper, est quam pharetra magna, ac consequat metus sapien ut nunc. Vestibulum ante ipsum primis in faucibus orci luctus et ultrices posuere cubilia Curae; Mauris viverra diam vitae quam. Suspendisse potenti.',NULL,NULL,1,'2021-07-07 20:15:16','0e52a69bca87403cf1947ac241ee3e30d8c3e3bca224e87c4d6469415574f594'),(903,'bpearlenl@mapquest.com','91ab0619ef63c5997049f25556bb1655','Benedicta','Pearle','2011-02-05',2,4,18,173,108,'Maecenas tincidunt lacus at velit.',NULL,NULL,1,'2021-07-07 20:15:16','929f7c8d817aaff0f03e3edf5b0e1c19ffb60fe53d8b68ddddcebe2a802ec7f9'),(904,'dreemenm@blinklist.com','b1015a45de3f850114f1f4a6a4e99b8c','Doloritas','Reeme','2010-11-17',4,4,17,194,51,'Mauris enim leo, rhoncus sed, vestibulum sit amet, cursus id, turpis. Integer aliquet, massa id lobortis convallis, tortor risus dapibus augue, vel accumsan tellus nisi eu orci. Mauris lacinia sapien quis libero.',NULL,NULL,1,'2021-07-07 20:15:16','d3bec9352219054442320279208aa7851fbf2e941012280bdc75a809846b6e20'),(905,'jpaznn@liveinternet.ru','6ca29438849bcb7b1f24c7249101b2dd','Jessey','Paz','2016-01-29',3,1,44,218,79,'Lorem ipsum dolor sit amet, consectetuer adipiscing elit.',NULL,NULL,1,'2021-07-07 20:15:16','8d3499aa1d360d399e5213a676c36ba2f9127bae61aef5c8e7aca57fbfd83092'),(906,'rdevuystno@nps.gov','1bebe7abc9cbf9934cf4afb2ec70f4e0','Rosabella','De Vuyst','2004-01-07',5,4,42,194,96,'Sed ante.',NULL,NULL,1,'2021-07-07 20:15:16','3c190a4448e3d1d0d7ec935361c6e7a253ba4ee62e2af541409cd1a3c9c231ed'),(907,'eboamnp@bizjournals.com','ca06ae9f102013ad20b7c7ee35e66498','Elberta','Boam','2019-06-23',3,3,46,216,102,'Quisque erat eros, viverra eget, congue eget, semper rutrum, nulla. Nunc purus. Phasellus in felis.',NULL,NULL,1,'2021-07-07 20:15:16','1a7a0c00b9e5b8c0738fa4fb5202457aa6a4b37fc9fe755e71d4432ecdf5004a'),(908,'msommerlednq@cargocollective.com','bb5596972f0b0c179921f3cb145182b5','Montgomery','Sommerled','2009-12-22',5,3,53,210,54,'Pellentesque ultrices mattis odio. Donec vitae nisi.',NULL,NULL,1,'2021-07-07 20:15:16','a75a31e597c2d5df54b807d5caed9d31f71699b42f8fa64fc2400a0ff0779eaa'),(909,'hguerronr@networksolutions.com','4a87b6b9113d7066f4ef78fa424b7d11','Howey','Guerro','2004-03-05',5,1,7,208,61,'Quisque ut erat.',NULL,NULL,1,'2021-07-07 20:15:17','9f0300783a4b32d151274e378961fa469eb239017a24c8d300efccc6bbf6595e'),(910,'gwolfendellns@tripadvisor.com','bb35b5af285b95544d25b26838f471e1','Griffy','Wolfendell','2012-10-26',3,1,11,176,78,'Aliquam augue quam, sollicitudin vitae, consectetuer eget, rutrum at, lorem. Integer tincidunt ante vel ipsum.',NULL,NULL,1,'2021-07-07 20:15:17','2bac7a4a64e46c87eafc60b9d9d4a08ad247d9889d0cc08bb49411562642a82d'),(911,'jpenwardennt@narod.ru','66b7588b12e43f388fbfd993224a79c4','Jean','Penwarden','2016-11-13',4,1,39,203,77,'Maecenas pulvinar lobortis est. Phasellus sit amet erat. Nulla tempus.',NULL,NULL,1,'2021-07-07 20:15:17','9045e87514f3f7c4a864bb2dadf38a55f9f28f855da21ddba36fff7d304c26a0'),(912,'ebroadberrienu@jiathis.com','4a46dd792b202c42dbc1ddbaa59764d2','Erna','Broadberrie','2014-08-11',3,1,7,161,91,'Cum sociis natoque penatibus et magnis dis parturient montes, nascetur ridiculus mus. Etiam vel augue.',NULL,NULL,1,'2021-07-07 20:15:17','42fd982a884ce26821b325422cee92f4a51c4a8aeb2003e60aee61a62594b602'),(913,'cpindarnv@unicef.org','ca06f8cf9a35c937972320df73a6fbe6','Cinderella','Pindar','2020-06-03',1,4,10,208,77,'Vestibulum ac est lacinia nisi venenatis tristique.',NULL,NULL,1,'2021-07-07 20:15:17','fb3b6fadadd17ab2e86c09cd85413dc347438f34d2d69d263ec7f522ef80c555'),(914,'blervennw@arizona.edu','567a90d92956e330ed24cff8421bdd93','Barth','Lerven','2018-05-29',3,1,51,153,66,'In est risus, auctor sed, tristique in, tempus sit amet, sem. Fusce consequat. Nulla nisl.',NULL,NULL,1,'2021-07-07 20:15:17','d54c55ed9d399a0fbd67ed9d4a46acd74bc769ca06e312ef2acdcf90851c0f49'),(915,'bbarnicottnx@github.com','68c5d45da0558944f308db374fe937e6','Bram','Barnicott','2014-08-04',3,1,42,177,83,'Aenean sit amet justo. Morbi ut odio. Cras mi pede, malesuada in, imperdiet et, commodo vulputate, justo.',NULL,NULL,1,'2021-07-07 20:15:17','9bd03010d0b4f17507c0437915f4f685353c754aca04d537160f38f0c447ae33'),(916,'atorryny@nsw.gov.au','14405f27f3e04234e09cd6e86f5c76b0','Abagael','Torry','2019-11-20',6,1,30,162,80,'Nulla justo.',NULL,NULL,1,'2021-07-07 20:15:17','8535a59fe28329a4c73a172aa9b8542ba72fea87b6a80fe793cc454985b16fa8'),(917,'lgadaultnz@mtv.com','6ed7ae366919a187727a173fc57350e4','Lurlene','Gadault','2003-01-03',6,3,58,163,119,'Fusce congue, diam id ornare imperdiet, sapien urna pretium nisl, ut volutpat sapien arcu sed augue. Aliquam erat volutpat. In congue.',NULL,NULL,1,'2021-07-07 20:15:17','2652833e9826bcdf16758605bf427dce328acc4612c27cc3406b3839384a6cec'),(918,'dwittono0@intel.com','a665ab577748ebf020d8168d2382e59b','Domingo','Witton','2003-03-14',4,1,17,160,107,'Vestibulum sed magna at nunc commodo placerat. Praesent blandit.',NULL,NULL,1,'2021-07-07 20:15:17','408bc01666560709c074fd55efb6451fb1ef2f36ae61b5e54a101eafa83de4a0'),(919,'jphillpoto1@disqus.com','7112abc570c9f1576b51b96f9250b1ab','Jens','Phillpot','2000-11-03',1,4,42,202,54,'Praesent blandit lacinia erat.',NULL,NULL,1,'2021-07-07 20:15:17','a606d6da2fa1c2a3cd16316afde5bf4816fd5a749c87bad825a1106f96a9528f'),(920,'sfeaseyo2@1und1.de','36c60f0da2886535236763daf9a66c86','Sapphira','Feasey','2004-04-05',6,3,24,219,74,'Pellentesque at nulla.',NULL,NULL,1,'2021-07-07 20:15:18','85cea3c9417e530ca02ebc377b702bf0acc0b9b996ff0759cbb4a078c72e53f1'),(921,'jgillesono3@liveinternet.ru','b3667dbdbf9e0cf4833f693d0dc77da9','Joane','Gilleson','2018-11-28',4,4,33,202,85,'Vivamus in felis eu sapien cursus vestibulum. Proin eu mi. Nulla ac enim.',NULL,NULL,1,'2021-07-07 20:15:18','79c78e933a72a2f7cd3b672b12e9578f8b6d01f86b1069f75753c08cf7c6f270'),(922,'catcherleyo4@nhs.uk','c90b18d3e5f0417c07815afbbd58ade7','Car','Atcherley','2006-06-23',5,1,35,183,83,'Nulla facilisi. Cras non velit nec nisi vulputate nonummy.',NULL,NULL,1,'2021-07-07 20:15:18','0440fad19613cf2f8c7129b3f322908c32e7bcfb674c6bd8729f4918d722df54'),(923,'tmenegoo5@smugmug.com','5b41ed3a3083ee157b641c2db42aff59','Tabbie','Menego','2002-02-18',5,3,20,218,103,'Praesent lectus. Vestibulum quam sapien, varius ut, blandit non, interdum in, ante. Vestibulum ante ipsum primis in faucibus orci luctus et ultrices posuere cubilia Curae; Duis faucibus accumsan odio.',NULL,NULL,1,'2021-07-07 20:15:18','2f5aa7c854abd5f84521be1f4b3b59026322f7ab41c07116426e0eab99ca563f'),(924,'achawnero6@blogs.com','1c68682a333496e2c67376e787f7677d','Aloysius','Chawner','2013-08-24',3,3,28,189,64,'Proin eu mi.',NULL,NULL,1,'2021-07-07 20:15:18','b1529396b4a3aaea52ae99894396a4d45c45754b64d647ae3512b96214b6bd82'),(925,'iensero7@fc2.com','d2328b92d41c0539c86d56cb27025168','Igor','Enser','2016-03-22',3,3,21,172,111,'Cras non velit nec nisi vulputate nonummy. Maecenas tincidunt lacus at velit. Vivamus vel nulla eget eros elementum pellentesque.',NULL,NULL,1,'2021-07-07 20:15:18','53e4a60441f856a090abac41132a8df5fb6bc47df50e17c4743eb5534cfbedde'),(926,'dbambricko8@cbc.ca','add021fb5b34f95e421fe862d1de6abf','Daryl','Bambrick','2009-11-10',6,3,56,178,102,'Phasellus id sapien in sapien iaculis congue.',NULL,NULL,1,'2021-07-07 20:15:18','3a9123e2a309137620a42465107b674cb6c4d6b6bebbf1b238117cef5e148e8a'),(927,'rmathivato9@w3.org','30de0f82ad8aa3bc0fbd41f5fea5e7e8','Rand','Mathivat','2015-02-17',1,4,34,218,65,'Sed sagittis.',NULL,NULL,1,'2021-07-07 20:15:18','d365126d0c66458711acd35dccb38cff660128f81a05af3e4a9adcfd267cd85e'),(928,'cklimptoa@ask.com','22d63103230776c6dda10354db88b863','Cobbie','Klimpt','2014-08-15',3,4,26,183,64,'Donec semper sapien a libero.',NULL,NULL,1,'2021-07-07 20:15:18','0a1f5e63623b2a9a0bd5e52b7dc46cdb8de89539bff3a38ef4e1f71de87c4d83'),(929,'aegeob@bloglovin.com','b3573da15fde87657c7f44742b625905','Arlena','Ege','2000-03-07',3,2,22,193,52,'Maecenas leo odio, condimentum id, luctus nec, molestie sed, justo. Pellentesque viverra pede ac diam.',NULL,NULL,1,'2021-07-07 20:15:19','7d0762a3ab4d90b7ba55673237fc594e6fa32cb42ad91ebd347d723f56052103'),(930,'pchattelaineoc@friendfeed.com','ecc3f77263f6dba0d212e1bd1c1ae1b6','Perl','Chattelaine','2017-03-10',2,3,54,220,98,'Vivamus metus arcu, adipiscing molestie, hendrerit at, vulputate vitae, nisl.',NULL,NULL,1,'2021-07-07 20:15:19','532af659767cc4fdfe1895fc46e216fe3866844176638ad6390c81f4f5960eac'),(931,'mvernonod@e-recht24.de','4c6561f3961926095616d170ed57e7b6','Melli','Vernon','2021-04-17',1,4,33,158,78,'Cras pellentesque volutpat dui. Maecenas tristique, est et tempus semper, est quam pharetra magna, ac consequat metus sapien ut nunc. Vestibulum ante ipsum primis in faucibus orci luctus et ultrices posuere cubilia Curae; Mauris viverra diam vitae quam.',NULL,NULL,1,'2021-07-07 20:15:19','6c2a083b79a5f6a25e64f6fb926e57ece6660a709e54022158ea1bd9534bcce4'),(932,'smcdonandoe@shinystat.com','32db3072bb4fb1cba0f9dafe6d19312b','Stevana','McDonand','2008-12-10',2,3,7,162,83,'Ut tellus. Nulla ut erat id mauris vulputate elementum. Nullam varius.',NULL,NULL,1,'2021-07-07 20:15:19','96f8c569c5c1b79484410528faab9dd23f5504eb4e79d02bff72a6cca9a8728a'),(933,'hlaurenceof@cargocollective.com','e541b5d6290dd9526c8b142a007e49c4','Helga','Laurence','2004-10-13',4,3,20,214,75,'Quisque id justo sit amet sapien dignissim vestibulum. Vestibulum ante ipsum primis in faucibus orci luctus et ultrices posuere cubilia Curae; Nulla dapibus dolor vel est.',NULL,NULL,1,'2021-07-07 20:15:19','765cfa3e15b8800517d3c5b42284aa3012533c6b5a4f474d299c29b922314092'),(934,'askeemorog@fc2.com','5c6fe855cd810a3e0bf688099221d344','Ailey','Skeemor','2006-02-04',5,1,8,206,106,'Vivamus vestibulum sagittis sapien.',NULL,NULL,1,'2021-07-07 20:15:19','a57a4bf212a43f3ac0df9f078f749d0d427e2e93588f5ab41d274ecb034b23fd'),(935,'cdematteioh@java.com','bb8df30e6410808e1ce3c08eb9ded70b','Carlee','De Mattei','2012-04-08',2,4,27,190,80,'Fusce posuere felis sed lacus.',NULL,NULL,1,'2021-07-07 20:15:19','ac90aff4ed86c99da0c4b4b586254ad379f5fa2cdd3f51b427d185f54c8eb84d'),(936,'jlurneroi@mlb.com','4938c4113cea1c9a8209a1310c1e9817','Jackquelin','Lurner','2017-07-26',3,1,61,219,117,'Maecenas leo odio, condimentum id, luctus nec, molestie sed, justo. Pellentesque viverra pede ac diam.',NULL,NULL,1,'2021-07-07 20:15:19','4dc67c08f88159e5a536edf0b96fc64891362284985a36b9afe140aa50dbd22d'),(937,'benderleoj@nih.gov','bc81ecff080b34f0bfdf77af6b6fe6de','Benji','Enderle','2013-03-02',4,2,63,177,87,'Vestibulum rutrum rutrum neque. Aenean auctor gravida sem. Praesent id massa id nisl venenatis lacinia.',NULL,NULL,1,'2021-07-07 20:15:19','8f45e762e782f2b65e78ecfcbfe31a8eaaa0353e5bfbffab0cf0707be315fe4f'),(938,'mscottok@washingtonpost.com','39d3707d2585d449318c027c2606dd94','Milt','Scott','2016-03-10',1,4,33,210,103,'Aenean lectus.',NULL,NULL,1,'2021-07-07 20:15:19','53c23d362ea6a6804391a5084b04a1719ca0db04d74f6df6a88c80a8d1516618'),(939,'cranscombeol@blinklist.com','0a7128c1c6043223ac240cc4a5fe8919','Charlie','Ranscombe','2020-06-15',1,2,31,166,94,'Cum sociis natoque penatibus et magnis dis parturient montes, nascetur ridiculus mus. Etiam vel augue.',NULL,NULL,1,'2021-07-07 20:15:20','b66103470e8d3a47fcf46d76dc2079e6fcb28381cf6469e01fdb2161b2f031da'),(940,'bharkinom@cdbaby.com','75ae22065652d10aaba2cae2a0acc72a','Brena','Harkin','2011-12-26',2,4,43,195,66,'Nam congue, risus semper porta volutpat, quam pede lobortis ligula, sit amet eleifend pede libero quis orci. Nullam molestie nibh in lectus.',NULL,NULL,1,'2021-07-07 20:15:20','b489fdb9f9ef5e34825b172719f92c5c7fdf4ae25e89d90140910d6a08685a41'),(941,'glaybourneon@google.com.br','68db297b310d240e942133444aa5fdbb','Gates','Laybourne','2013-06-23',1,4,58,163,111,'In est risus, auctor sed, tristique in, tempus sit amet, sem. Fusce consequat.',NULL,NULL,1,'2021-07-07 20:15:20','70cbe38e56cb4100158ea36e446ead0387ce8f305899e112c27b797e9a7dde42'),(942,'mgowdieoo@etsy.com','b3476b192060bc785d4310d645f6cbd5','Marjory','Gowdie','2004-06-14',2,2,11,184,77,'Proin eu mi.',NULL,NULL,1,'2021-07-07 20:15:20','fec952390959b9abb5bb104ef289481ec9efe44c5bb6fcd50dc402316496fa41'),(943,'ewarhurstop@businesswire.com','68c6f98ec143facd896af1480bd057b4','Ethelin','Warhurst','2011-10-11',3,1,55,176,116,'Aenean auctor gravida sem. Praesent id massa id nisl venenatis lacinia.',NULL,NULL,1,'2021-07-07 20:15:20','c27f9404173dbd3b56f3d85da2652ee6b786006391075437331e42ba333bf174'),(944,'fbroomfieldoq@soundcloud.com','39f518d4a0d130862374d550993cfcd9','Frans','Broomfield','2013-07-31',5,3,48,169,69,'Duis bibendum, felis sed interdum venenatis, turpis enim blandit mi, in porttitor pede justo eu massa. Donec dapibus. Duis at velit eu est congue elementum.',NULL,NULL,1,'2021-07-07 20:15:20','7da0b14f61d273d47193b5e75ffb934d317a6918d5eedab857e0deff017be6d4'),(945,'nvoulsor@tmall.com','cd71b0ad9ff28f364c18b62a400cc2bc','Noemi','Vouls','2004-06-12',2,2,29,213,84,'Vestibulum ante ipsum primis in faucibus orci luctus et ultrices posuere cubilia Curae; Duis faucibus accumsan odio.',NULL,NULL,1,'2021-07-07 20:15:20','a5ada505978461dab8a62111303ae3371bb615c174746af20fd50b36660342ea'),(946,'traulstonos@samsung.com','09a0413f79f12d59ee713fc8a69d4bda','Therese','Raulston','2000-01-13',5,4,10,153,92,'Vivamus in felis eu sapien cursus vestibulum. Proin eu mi.',NULL,NULL,1,'2021-07-07 20:15:20','8cefad8eac643c3095591b6724b874dd7885cf6a2ce2893ce83d0b10d27fa5ad'),(947,'btitheridgeot@ovh.net','bb71c4810d9fdf579cb3c022da52a10c','Barbabra','Titheridge','2019-10-25',5,3,40,169,60,'Donec vitae nisi. Nam ultrices, libero non mattis pulvinar, nulla pede ullamcorper augue, a suscipit nulla elit ac nulla. Sed vel enim sit amet nunc viverra dapibus.',NULL,NULL,1,'2021-07-07 20:15:20','7157ee67fa4331b52a5c0d23a7d1a541a8b090b249d6b8dac404355729560d32'),(948,'dmilmoou@wikimedia.org','568040af578b87e63208315831de8b30','Darci','Milmo','2012-01-29',5,2,2,200,104,'Vestibulum rutrum rutrum neque.',NULL,NULL,1,'2021-07-07 20:15:21','d21875412d86ba456fd68892d68a89a9eaf8964434675678725ad4a7e3d7798c'),(949,'mfairrieov@abc.net.au','61496d358ba3854b746157a51abae6b2','Melisa','Fairrie','2005-10-23',4,3,33,183,120,'Cum sociis natoque penatibus et magnis dis parturient montes, nascetur ridiculus mus.',NULL,NULL,1,'2021-07-07 20:15:21','f987eba3eb4220e70ec5a892fc90e024dad75db59bd82669c2335e055d17a8b2'),(950,'jfontow@wunderground.com','9019d21a08c6ac65eb4252ba6cd64a96','Jacintha','Font','2009-11-03',2,3,19,167,118,'Nullam orci pede, venenatis non, sodales sed, tincidunt eu, felis. Fusce posuere felis sed lacus. Morbi sem mauris, laoreet ut, rhoncus aliquet, pulvinar sed, nisl.',NULL,NULL,1,'2021-07-07 20:15:21','e0692cf482b3deab06a2588a19591afb381a39573a063597b4bb0d33fbb90976'),(951,'pscamelox@wiley.com','0796a12b8890d1fa176ba5d0ce724efe','Perceval','Scamel','2010-10-28',5,1,63,193,80,'In quis justo. Maecenas rhoncus aliquam lacus.',NULL,NULL,1,'2021-07-07 20:15:21','d19e8befe03b994af4c3a49973d2505295181716760c00f8b88d7e2e6bcfec0e'),(952,'hferrettinooy@1und1.de','ea104f65b1c978bfb772ae29e183001b','Hayes','Ferrettino','2019-07-07',1,3,58,164,51,'Vestibulum sed magna at nunc commodo placerat. Praesent blandit.',NULL,NULL,1,'2021-07-07 20:15:21','ca0107bcb92a2bf0c6a6f77d5cfc9a3cd5911a702227b7fde9132292b3f705e8'),(953,'kreichardtoz@comcast.net','6eaff5a93e03c67d5962b8fe3c74e290','Kizzie','Reichardt','2002-01-17',5,1,45,183,85,'Donec diam neque, vestibulum eget, vulputate ut, ultrices vel, augue. Vestibulum ante ipsum primis in faucibus orci luctus et ultrices posuere cubilia Curae; Donec pharetra, magna vestibulum aliquet ultrices, erat tortor sollicitudin mi, sit amet lobortis sapien sapien non mi. Integer ac neque.',NULL,NULL,1,'2021-07-07 20:15:21','2deef8216d4f59c6fbf8f5d364587ef883c827ba5e76f66f6e6928c14fae9b97'),(954,'ehillinp0@trellian.com','4112ac06ee0a2fc4552233f82e74fed3','Emelina','Hillin','2002-05-24',1,3,51,165,56,'Morbi vestibulum, velit id pretium iaculis, diam erat fermentum justo, nec condimentum neque sapien placerat ante. Nulla justo. Aliquam quis turpis eget elit sodales scelerisque.',NULL,NULL,1,'2021-07-07 20:15:21','d980e793123931c6ee2c0effa1285c2e64e509d150c52fc58469f2d6a7594215'),(955,'grougheyp1@ucla.edu','a38e0aa8dc540f21f25a16fe90eef429','Gerick','Roughey','2007-07-22',4,2,1,159,76,'Aenean fermentum.',NULL,NULL,1,'2021-07-07 20:15:21','3062ec36d68d42a2e28a05702d5cb23c5ebae07165399911ce832149d446e4fa'),(956,'dseargeantp2@mashable.com','e5f599a37dc6686978b05c9e5b3355de','Douglass','Seargeant','2010-08-12',2,3,19,182,72,'Phasellus id sapien in sapien iaculis congue. Vivamus metus arcu, adipiscing molestie, hendrerit at, vulputate vitae, nisl.',NULL,NULL,1,'2021-07-07 20:15:21','b7523c03cb07deeaa2a8643d9770f6456abd5615158b4bde6e221c609862b89d'),(957,'fkinastanp3@naver.com','d16399bfe513cdf09799d6fbf49fb912','Flynn','Kinastan','2020-01-03',1,2,43,206,106,'Integer tincidunt ante vel ipsum. Praesent blandit lacinia erat. Vestibulum sed magna at nunc commodo placerat.',NULL,NULL,1,'2021-07-07 20:15:22','8458d55d258d40255d517bb8d3ad5363abed2578a2b1dfceb409335ba5d40e96'),(958,'mhuxtonp4@google.it','bb4fbfa359b594c4e50d6b9ea0b76a38','Morley','Huxton','2012-09-25',2,2,11,183,51,'Cras pellentesque volutpat dui.',NULL,NULL,1,'2021-07-07 20:15:22','171b0b023a86791eec412c954e4ed71c2f2da30fa037c882e3827acf469d7594'),(959,'cschelligp5@homestead.com','1a515ccb8d5f0c488d2baf1a94f7961a','Chevalier','Schellig','2003-01-22',5,3,32,156,67,'Cras in purus eu magna vulputate luctus.',NULL,NULL,1,'2021-07-07 20:15:22','960829c1a9380397fc6907c99f6b7da80d2de858de7423557ff327151aa5dddd'),(960,'abentzp6@flickr.com','4c48fd31c2159b6ee5db28ed66c34c7f','Aubry','Bentz','2014-03-17',5,3,42,195,83,'Cum sociis natoque penatibus et magnis dis parturient montes, nascetur ridiculus mus.',NULL,NULL,1,'2021-07-07 20:15:22','2d5130516393d81d51e0c51751da1570aabbf64122d10a2c8af09cb163133058'),(961,'bortellsp7@cocolog-nifty.com','4011dced250851e315b948ef1e825eac','Bearnard','Ortells','2015-12-08',5,2,38,216,64,'Proin at turpis a pede posuere nonummy. Integer non velit.',NULL,NULL,1,'2021-07-07 20:15:22','4b0c917c697fa0a6f3fdbbe3e9bf6b62584904c8f1574254bfbaee702c9e1cf2'),(962,'dhuggenp8@flavors.me','b73f7a88a045375adda529765c6a2531','Deana','Huggen','2009-04-20',4,2,9,192,90,'Nulla ut erat id mauris vulputate elementum. Nullam varius.',NULL,NULL,1,'2021-07-07 20:15:22','ed2f8b6c0fd860965c62dbe4640e93ebc5c1e8110d789a589d273f1de998363c'),(963,'bvalancep9@free.fr','b570e8eda383cee13c1b11dfbe5c02d0','Berty','Valance','2006-07-15',3,4,49,187,114,'Etiam vel augue.',NULL,NULL,1,'2021-07-07 20:15:22','4dec304d94804e35804527239b62a637ff8fea568a9a60c83800f47775660451'),(964,'ewealdpa@house.gov','7742638acbf9d7ba942e5203d3a708da','Evey','Weald','2007-03-07',4,1,12,211,53,'Suspendisse ornare consequat lectus. In est risus, auctor sed, tristique in, tempus sit amet, sem. Fusce consequat.',NULL,NULL,1,'2021-07-07 20:15:22','bbbde2609e3877d66c41810cc078586e9bc2ad3647379d90ecadec9a7dfc19f3'),(965,'rsipsonpb@macromedia.com','15f5ca45f1d3946d4842dc2dea944bd6','Rickey','Sipson','2002-05-25',2,3,49,161,89,'In eleifend quam a odio. In hac habitasse platea dictumst. Maecenas ut massa quis augue luctus tincidunt.',NULL,NULL,1,'2021-07-07 20:15:22','34ad8c4a8f228de6d806937af58e70da1eeb238cd34b8b072b6ca9b6ff262cc0'),(966,'nfrowpc@blinklist.com','1bbd966996682d5d57abb0aa2f164921','Nev','Frow','2007-02-28',2,4,49,216,86,'Aliquam augue quam, sollicitudin vitae, consectetuer eget, rutrum at, lorem.',NULL,NULL,1,'2021-07-07 20:15:23','a83b3ddb321ccf635619feb65f732d87c5f22435ad25593e6ded5a9af9daff62'),(967,'kshinglespd@stumbleupon.com','fb125921b679f94823dd0bb4f90b5ca3','Katharina','Shingles','2005-05-16',6,1,18,162,114,'Vestibulum ante ipsum primis in faucibus orci luctus et ultrices posuere cubilia Curae; Nulla dapibus dolor vel est.',NULL,NULL,1,'2021-07-07 20:15:23','3188d07fcf799cddf718f1fc791811a470f164d014b91ebdc818c6459704b5af'),(968,'dmailepe@dot.gov','d7b56ecb37b78d846eb92b273a9666c5','Dory','Maile','2013-05-22',2,3,39,174,59,'Cum sociis natoque penatibus et magnis dis parturient montes, nascetur ridiculus mus. Etiam vel augue. Vestibulum rutrum rutrum neque.',NULL,NULL,1,'2021-07-07 20:15:23','a4e94c127ab690b6c7c0c324d0685dba39189f0f30549d29331d97a886319460'),(969,'emountneypf@bing.com','3016979810c119e5cc14316c4bad89e3','Ernst','Mountney','2005-05-04',5,1,10,193,54,'Nunc nisl.',NULL,NULL,1,'2021-07-07 20:15:23','fd70222523839104e97d424db783f5176bd77dcd64d88b4628e6c64f2355e353'),(970,'rcamlinpg@oakley.com','dff69c02e240120c3b73a44f05733687','Rolf','Camlin','2012-02-22',4,2,57,202,110,'Morbi vestibulum, velit id pretium iaculis, diam erat fermentum justo, nec condimentum neque sapien placerat ante. Nulla justo.',NULL,NULL,1,'2021-07-07 20:15:23','bc7351892b635813c02979341c5c292085015db546fc0442c74bbdd6ec4dc9d4'),(971,'csymmonsph@mozilla.com','0b879aa6202bba428b4bfaa2a5da022c','Carlita','Symmons','2021-06-15',6,2,56,158,117,'Nulla neque libero, convallis eget, eleifend luctus, ultricies eu, nibh. Quisque id justo sit amet sapien dignissim vestibulum. Vestibulum ante ipsum primis in faucibus orci luctus et ultrices posuere cubilia Curae; Nulla dapibus dolor vel est.',NULL,NULL,1,'2021-07-07 20:15:23','030b577707f1400606f5e1492a95fc982b5c748ba757fc06bab3f08e9fd4a5cb'),(972,'smilhampi@cpanel.net','b3b13d045caae8b09cd64e9ca56cf23c','Sallie','Milham','2018-06-12',6,1,12,164,69,'Nullam orci pede, venenatis non, sodales sed, tincidunt eu, felis. Fusce posuere felis sed lacus. Morbi sem mauris, laoreet ut, rhoncus aliquet, pulvinar sed, nisl.',NULL,NULL,1,'2021-07-07 20:15:23','cb5cde4f084a63c229b10eab675068cec5774ae7bec4aa588bdaa76faa0ea1c3'),(973,'sbarfieldpj@webeden.co.uk','3e586a96de6f1d9bf9d87223b3eab1aa','Sandi','Barfield','2015-11-14',4,3,8,187,61,'Vestibulum ante ipsum primis in faucibus orci luctus et ultrices posuere cubilia Curae; Duis faucibus accumsan odio. Curabitur convallis. Duis consequat dui nec nisi volutpat eleifend.',NULL,NULL,1,'2021-07-07 20:15:23','24f63b38ee653a34befafc0b4b06001dc81b217b630daa2e960219486a060a4b'),(974,'jmaccaffreypk@feedburner.com','4cc24aa5180d40b4239477fb5c3909b7','Jennine','MacCaffrey','2008-11-07',6,2,54,152,74,'Cras non velit nec nisi vulputate nonummy.',NULL,NULL,1,'2021-07-07 20:15:23','f5e91146319965a9c2e11dc8e1c5c0f1205beb2f76999ed47f2ea686b22435dc'),(975,'lslobompl@jimdo.com','1cedfc6fda915dc8442af0090550b79e','Lucio','Slobom','2004-03-22',2,4,62,204,51,'Vivamus in felis eu sapien cursus vestibulum. Proin eu mi. Nulla ac enim.',NULL,NULL,1,'2021-07-07 20:15:23','a050f28b71dc7bfa389208ff3e61090e379e6f03e1f969918266fe49aff66b4e'),(976,'zcausticpm@engadget.com','9004b883a417dce37500a1e76c32c419','Zitella','Caustic','2004-11-27',5,3,62,215,115,'Quisque arcu libero, rutrum ac, lobortis vel, dapibus at, diam. Nam tristique tortor eu pede.',NULL,NULL,1,'2021-07-07 20:15:24','0619d438a802475fba64aa60881119c58b74b0782bae1e426694257a7f1a8b8a'),(977,'cmillthorpepn@webmd.com','5c386a5d04adac78b9768fccefb43e2a','Camile','Millthorpe','2003-02-22',6,1,62,165,110,'Cum sociis natoque penatibus et magnis dis parturient montes, nascetur ridiculus mus.',NULL,NULL,1,'2021-07-07 20:15:24','b9103017880d5057dd5cb425da8c21cc576225ed9c48a6fefe9396ad84723e4e'),(978,'gpinepo@nba.com','f1a307f236ac9ca792058bc91264ff45','Gearard','Pine','2020-02-27',3,1,35,201,114,'Morbi non quam nec dui luctus rutrum.',NULL,NULL,1,'2021-07-07 20:15:24','46683cb108fd60f59ca4025fcbbe115f9e80603ee5fadcceb1a18dc3a8a08410'),(979,'bkintishpp@godaddy.com','ffdec6bfbafcaf88bde5ed61e04509f5','Blanche','Kintish','2019-02-06',3,4,52,199,53,'In blandit ultrices enim. Lorem ipsum dolor sit amet, consectetuer adipiscing elit. Proin interdum mauris non ligula pellentesque ultrices.',NULL,NULL,1,'2021-07-07 20:15:24','ca431e7aa29e5dba3beb9d4ff20b881278b238e89ef1b2408af2d67eea2367ee'),(980,'ewigginpq@surveymonkey.com','2a2c7940614fd7ab65cdf58411fef2eb','Edmon','Wiggin','2003-11-25',2,2,27,210,82,'Morbi ut odio. Cras mi pede, malesuada in, imperdiet et, commodo vulputate, justo.',NULL,NULL,1,'2021-07-07 20:15:24','acc19a5f64c47a44833d383a4bbd7634aa0aadad90f30b7c5f7dcedda218b4bc'),(981,'bianittipr@ftc.gov','600cf7c666e1798172266183c0171aec','Bradly','Ianitti','2004-06-11',2,2,11,193,108,'Nulla suscipit ligula in lacus. Curabitur at ipsum ac tellus semper interdum.',NULL,NULL,1,'2021-07-07 20:15:24','977025419f75198f89a9246c7da0f5a74583abec4df74693ee75d20ab7a7bf69'),(982,'xconeps@about.me','b7ee17e61069c83efb4e0b527cd5e714','Xenia','Cone','2018-01-10',5,4,32,158,115,'Nam ultrices, libero non mattis pulvinar, nulla pede ullamcorper augue, a suscipit nulla elit ac nulla.',NULL,NULL,1,'2021-07-07 20:15:24','6b1fa44d2119c55d646bd6fad3676c10da7535c9b7e606dd2fa2a7cb5e8c7336'),(983,'ghaughinpt@reverbnation.com','daec8ef0cc3b1e8b74a2ddd6c4d7b0a9','Genna','Haughin','2001-11-17',2,3,47,166,68,'Curabitur gravida nisi at nibh. In hac habitasse platea dictumst. Aliquam augue quam, sollicitudin vitae, consectetuer eget, rutrum at, lorem.',NULL,NULL,1,'2021-07-07 20:15:24','975291029ba549d29b1b65bca660330c9e7b7af93b4eb47d393457d47cd83630'),(984,'dconrardpu@ucsd.edu','5f991af3c322f098638a9e79427a4c12','Demetri','Conrard','2016-03-17',3,2,57,185,69,'Mauris ullamcorper purus sit amet nulla. Quisque arcu libero, rutrum ac, lobortis vel, dapibus at, diam. Nam tristique tortor eu pede.',NULL,NULL,1,'2021-07-07 20:15:24','2ef4d67996b34ddcf40728e2ecd6e84e584f4d1ba13cdf978f94f5010b1e0c99'),(985,'abrandsmapv@imgur.com','d9eb6398754bb6720aed2a6b7362cd38','Annissa','Brandsma','2010-10-22',4,4,25,161,57,'Cras mi pede, malesuada in, imperdiet et, commodo vulputate, justo. In blandit ultrices enim.',NULL,NULL,1,'2021-07-07 20:15:25','0bc9c5cc2ebe0d0c35a141410e3269435796e91c0d43302b8899ef47f3a5ef0d'),(986,'rholdrenpw@storify.com','a051a2aa566fe21214cfc1e838655e7d','Randolf','Holdren','2001-04-29',5,2,55,203,86,'Vivamus metus arcu, adipiscing molestie, hendrerit at, vulputate vitae, nisl. Aenean lectus.',NULL,NULL,1,'2021-07-07 20:15:25','5f21d268b3a3112cb05b4c643017352f7a5535ba3497642cf2b6d6651144b748'),(987,'kfarrandpx@deliciousdays.com','0e809283810e2917d55d49ab47a8511a','Karee','Farrand','2019-08-18',5,4,10,154,120,'Integer ac neque. Duis bibendum. Morbi non quam nec dui luctus rutrum.',NULL,NULL,1,'2021-07-07 20:15:25','29fbdea20d9c730cc065e8a9fc3536ddc0d81c76f1d9a3c9ef6aaf607e253437'),(988,'bgillanipy@omniture.com','988a2d2164e9bc98a7738cc2c3fc501b','Bond','Gillani','2000-08-01',2,3,46,166,87,'Integer a nibh. In quis justo. Maecenas rhoncus aliquam lacus.',NULL,NULL,1,'2021-07-07 20:15:25','27cc8038d15fa1885dd74c300a3034deff7c10331248e9e843e591a8fbc7a8cc'),(989,'gtrevallionpz@google.pl','f2c7c52c8ebcf1c6b2c287224db2a8c6','Georgeanne','Trevallion','2000-11-26',3,3,19,196,114,'Suspendisse potenti.',NULL,NULL,1,'2021-07-07 20:15:25','add8a7769b2c139a87e5d64805b795808051522d697e27d08fecca9791e3466a'),(990,'awinhamq0@amazon.com','a72603c4cf83954c3f5974a5a7e1e78a','Augusta','Winham','2003-02-27',6,2,30,211,69,'Praesent blandit. Nam nulla. Integer pede justo, lacinia eget, tincidunt eget, tempus vel, pede.',NULL,NULL,1,'2021-07-07 20:15:25','6f440a8e9496d8573ed22f81a80f52caeb25799693d2e7c0b72177d98aa95471'),(991,'rduplantierq1@businessinsider.com','0a816051a48ae5644093e4b86aac36de','Randa','Du Plantier','2005-04-20',2,4,43,202,59,'Duis consequat dui nec nisi volutpat eleifend. Donec ut dolor. Morbi vel lectus in quam fringilla rhoncus.',NULL,NULL,1,'2021-07-07 20:15:25','5ce83798989d806369583fe83bdd74bf54d06409f4a39330b4f6b9d18cf41bba'),(992,'bpitsallq2@home.pl','679056a2586044e4874f6c9f0dc8a72f','Benedicta','Pitsall','2019-11-04',2,2,22,185,101,'Maecenas ut massa quis augue luctus tincidunt. Nulla mollis molestie lorem. Quisque ut erat.',NULL,NULL,1,'2021-07-07 20:15:25','f22247f5d43d944725181fd3982668a561c014ae8fd61072661e0029177514a5'),(993,'eszymanzykq3@sbwire.com','986277cf2f7e6919bdaa00b4170fbc78','Evangelia','Szymanzyk','2003-10-26',2,2,20,189,98,'Aenean auctor gravida sem. Praesent id massa id nisl venenatis lacinia. Aenean sit amet justo.',NULL,NULL,1,'2021-07-07 20:15:25','318343837a78b26e147381d81f122e93f1da1d0bcedc5e2b9068e83cad1336aa'),(994,'abanaszkiewiczq4@privacy.gov.au','7cbff26e68d5e389326f4f9c21b23579','Armin','Banaszkiewicz','2018-08-24',4,2,18,181,110,'Donec ut mauris eget massa tempor convallis.',NULL,NULL,1,'2021-07-07 20:15:26','42fe4cfd84c25531e8654829eeed9da4a4e6ee59705ae693bd71815ca4f48705'),(995,'cmouldenq5@cornell.edu','f41e49678c1b08a9b6d619ce19f7e36d','Caryn','Moulden','2011-05-06',5,3,45,208,50,'Nulla neque libero, convallis eget, eleifend luctus, ultricies eu, nibh.',NULL,NULL,1,'2021-07-07 20:15:26','2ea933d535aaf0b0d0296d9593093d92891be219a8d26d6e8e48ae44ddf6dab2'),(996,'amonkleyq6@admin.ch','caa49077f5d50f28f27ab688a546fb44','Arabel','Monkley','2012-03-03',1,4,39,172,94,'Maecenas rhoncus aliquam lacus. Morbi quis tortor id nulla ultrices aliquet.',NULL,NULL,1,'2021-07-07 20:15:26','7f935849ac8a32143ddd2426aa0b74bfcd04a85d273505f76b348c9a879cd05d'),(997,'nferreliq7@baidu.com','e4ccff4fdf7072510cf9b4434c8ed454','Nisse','Ferreli','2003-04-10',6,1,20,181,94,'Integer a nibh.',NULL,NULL,1,'2021-07-07 20:15:26','89e0c38aeb74e21ffe6896ad113ed8933e4c769e4e06186ca2d28ac83dc8e685'),(998,'atipladyq8@qq.com','09724ba004765e5cc84e5b10ab1c3eea','Augusta','Tiplady','2013-09-14',3,3,44,180,86,'Lorem ipsum dolor sit amet, consectetuer adipiscing elit. Proin risus.',NULL,NULL,1,'2021-07-07 20:15:26','aa49e12f511250c1e4049aa89c79290fe2a0c13d34a4aca177fc0b21e8f820aa'),(999,'wgandyq9@ovh.net','ab813477a4a42c7c6189b0df785e9e33','Windy','Gandy','2006-09-08',3,1,3,207,107,'Maecenas tristique, est et tempus semper, est quam pharetra magna, ac consequat metus sapien ut nunc. Vestibulum ante ipsum primis in faucibus orci luctus et ultrices posuere cubilia Curae; Mauris viverra diam vitae quam.',NULL,NULL,1,'2021-07-07 20:15:26','25fd5d8362abad65076f54cb885f32257516ebcc67c812c5fbea45e6742c45b2'),(1000,'dotleyqa@trellian.com','c5a8b931dbd38d15897eb9b736b6a32a','Dolorita','Otley','2014-06-27',5,2,49,174,82,'Etiam faucibus cursus urna. Ut tellus. Nulla ut erat id mauris vulputate elementum.',NULL,NULL,1,'2021-07-07 20:15:26','a75238014a9ed9def4844f8df25c4a095e40bd46140475a2267a68bd634cc84b'),(1001,'amancellqb@friendfeed.com','3da05ac32cee6248d68f99f179b54cdc','Arlyn','Mancell','2013-04-21',4,4,25,169,59,'Proin interdum mauris non ligula pellentesque ultrices. Phasellus id sapien in sapien iaculis congue. Vivamus metus arcu, adipiscing molestie, hendrerit at, vulputate vitae, nisl.',NULL,NULL,1,'2021-07-07 20:15:26','dbd654945c3ddcb1eecfc58f3034b1c0303011bf9b8cc7d4c09df266113b2763'),(1002,'bbeavonqc@ebay.com','8a4131eff7fc6003bb36377bfde5e41c','Budd','Beavon','1999-08-22',6,1,11,220,69,'Vivamus tortor. Duis mattis egestas metus.',NULL,NULL,1,'2021-07-07 20:15:26','a40b254406b788c5011b6f3acad5bc79586de701b206a8f94109eaed15637f88'),(1003,'cvalderqd@flickr.com','c449dd20f4a1d435717d8883958655e4','Callean','Valder','2018-04-28',2,1,28,188,55,'Integer a nibh.',NULL,NULL,1,'2021-07-07 20:15:26','a59b7be26ba0c863f390f689d27d08a369dde18b4fbb373e718deb48257f21c6'),(1004,'kburdisqe@simplemachines.org','dc4657ae5a1f659861c7854db79799df','Kyrstin','Burdis','2017-01-20',2,4,27,191,96,'In hac habitasse platea dictumst.',NULL,NULL,1,'2021-07-07 20:15:27','5b822c6fffd9fa88a2464a399ddbc1122c73c71f5e119578df7f99993f0eaa31'),(1005,'ebrokenshawqf@upenn.edu','74710e84b7b4173d85a01ca16e2c484b','Elizabeth','Brokenshaw','2018-08-24',4,1,55,196,70,'Curabitur gravida nisi at nibh. In hac habitasse platea dictumst. Aliquam augue quam, sollicitudin vitae, consectetuer eget, rutrum at, lorem.',NULL,NULL,1,'2021-07-07 20:15:27','db4da672effd87255f9a70cde756e04d7f44ae1ea0a59d5319aa7ccc129948ce'),(1006,'asoaneqg@blinklist.com','2c18d31d2e69ad9308c4e0d45153be2e','Abel','Soane','2005-11-28',2,4,26,170,80,'Morbi non quam nec dui luctus rutrum.',NULL,NULL,1,'2021-07-07 20:15:27','3fe0507e0a72e2a0f73d566bd994936dedf30457464d302e81453eae0cd528d3'),(1007,'aabbittqh@gov.uk','95fe678f09b49dfbaa246232591f61b2','Alan','Abbitt','2011-04-17',5,3,12,172,100,'Donec semper sapien a libero. Nam dui.',NULL,NULL,1,'2021-07-07 20:15:27','d6980b46b29027347d67ec7f6d08afec542985416a11ffc28be9be6a4f962599'),(1008,'saylingqi@gov.uk','fde6369e55699aca73cbbd5e5cd61e10','Sonni','Ayling','2012-07-22',2,2,27,156,102,'Vivamus tortor. Duis mattis egestas metus.',NULL,NULL,1,'2021-07-07 20:15:27','db5b3f5280ec721894753cf4ccea67ab4d505ac7b06e9d083d886ca6b4aa3c69'),(1009,'lbrazearqj@shutterfly.com','9562bab792fac2cbfddc76162d639a0a','Leonora','Brazear','2012-11-14',1,1,13,177,93,'Nulla suscipit ligula in lacus. Curabitur at ipsum ac tellus semper interdum.',NULL,NULL,1,'2021-07-07 20:15:27','2e6471943f72e24abc0cae6bc6550ff55e69b74b8dd2b9aae070c08e927fb79d'),(1010,'esaylorqk@furl.net','b151436f236ef6f3f8af5af13166243f','Elsa','Saylor','2014-10-13',1,2,33,164,81,'Morbi quis tortor id nulla ultrices aliquet. Maecenas leo odio, condimentum id, luctus nec, molestie sed, justo. Pellentesque viverra pede ac diam.',NULL,NULL,1,'2021-07-07 20:15:27','5de74567637db4aa254ec0af184dc7342cbbc2cb16fad3763a21d44709fd91b5'),(1011,'sbilsfordql@wsj.com','dd6c9ef889358643650af05eda680014','Sayre','Bilsford','2015-08-07',3,2,11,176,81,'Duis at velit eu est congue elementum. In hac habitasse platea dictumst.',NULL,NULL,1,'2021-07-07 20:15:27','0b83f6a21af950ddf95756cbe12ca154b99d6190522831385601510c80b4f44c'),(1012,'xrighyqm@berkeley.edu','1603a4cebbfed8685783c19b9cb9f8c5','Ximenez','Righy','2000-01-21',2,2,31,168,103,'Proin at turpis a pede posuere nonummy. Integer non velit. Donec diam neque, vestibulum eget, vulputate ut, ultrices vel, augue.',NULL,NULL,1,'2021-07-07 20:15:27','983295570483e437b8a8dc622f81365dab9da93b4da466e01dde64e4ce20d89c'),(1013,'rmabeyqn@mediafire.com','fb770ca16ca08b7055163184de68f079','Reggis','Mabey','2018-01-08',3,3,41,203,91,'Vestibulum ante ipsum primis in faucibus orci luctus et ultrices posuere cubilia Curae; Duis faucibus accumsan odio.',NULL,NULL,1,'2021-07-07 20:15:27','a7a21cf5e4afa4ab48d33982ff0d33704392f2fe5571b02e07c3de44b48cd9f0'),(1014,'vboscherqo@youtu.be','2707a9c8143420eaf78fbfc3fd1f4b33','Vitoria','Boscher','2015-09-23',1,4,18,196,67,'Duis consequat dui nec nisi volutpat eleifend.',NULL,NULL,1,'2021-07-07 20:15:28','60ebe787ba79b27ff982b3898a374cd5da4a2495a6b5339c30c95ffed5212c17'),(1015,'emcgilvraqp@microsoft.com','81e5fbc30a5966d01afd959e2b6d6905','Eleanor','McGilvra','2003-11-10',2,4,43,197,79,'Suspendisse ornare consequat lectus. In est risus, auctor sed, tristique in, tempus sit amet, sem.',NULL,NULL,1,'2021-07-07 20:15:28','e514e51b289cdb9385a0cfdcd957cba6e0c101756f90bdb9ba291d7e4501ab4f'),(1016,'gcornfieldqq@eepurl.com','9c4ab18e06597ac2658c2bb6824f882a','Gard','Cornfield','2008-01-22',2,2,58,220,111,'Suspendisse potenti. In eleifend quam a odio. In hac habitasse platea dictumst.',NULL,NULL,1,'2021-07-07 20:15:28','ba18d39b4963f4319de1d404645ac6e50c1d9c92168f89611dfe731f8b16f6c4'),(1017,'ztedridgeqr@about.me','3b1aa3b0096825130e0eceeae6134312','Zitella','Tedridge','2006-08-31',1,3,59,181,103,'Cras pellentesque volutpat dui. Maecenas tristique, est et tempus semper, est quam pharetra magna, ac consequat metus sapien ut nunc.',NULL,NULL,1,'2021-07-07 20:15:28','40f827ed76449314fa994c6d6b0740705715f49d8fcf05ba7db5fdcc96b1d145'),(1018,'fpalekqs@dedecms.com','883f9247ebc65796a7303247972620a6','Frederique','Palek','2011-04-16',3,1,19,199,72,'Nullam orci pede, venenatis non, sodales sed, tincidunt eu, felis. Fusce posuere felis sed lacus. Morbi sem mauris, laoreet ut, rhoncus aliquet, pulvinar sed, nisl.',NULL,NULL,1,'2021-07-07 20:15:28','4699a4d82b988eeefb6b8c806c8d196b06cc75744bcd56af10b2434c914a9642'),(1019,'tpalkeqt@telegraph.co.uk','db4a13a52fe49cdc3277894be880cfa3','Tate','Palke','2001-09-04',2,2,6,170,97,'Fusce congue, diam id ornare imperdiet, sapien urna pretium nisl, ut volutpat sapien arcu sed augue. Aliquam erat volutpat. In congue.',NULL,NULL,1,'2021-07-07 20:15:28','4e019bb8c63bcb09fd8457db1fe1ade04deb1cacda49d041eb1a126e474f8790'),(1020,'lharmqu@github.com','c6c4ac1e02c2fb109838d139ee27e417','Lyell','Harm','2002-12-14',2,2,19,198,51,'Nullam orci pede, venenatis non, sodales sed, tincidunt eu, felis. Fusce posuere felis sed lacus.',NULL,NULL,1,'2021-07-07 20:15:28','715da8c978769b4ae14295a5d64e4a47f38df8c6e874863009d2479f4b61ee13'),(1021,'jedgsonqv@technorati.com','161ac81ec937dc54f0eed7072eb16ae9','Johnathan','Edgson','2008-09-07',4,3,27,186,119,'Sed ante.',NULL,NULL,1,'2021-07-07 20:15:28','00fa815fb00715a94ed6cf3f50c3ad8421ce3c6a8300fe7ac4c6763ef459516a'),(1022,'mtyrerqw@amazonaws.com','a50782ad4250f881919e6674edcbbd16','Marion','Tyrer','2002-07-21',4,2,17,215,92,'Cum sociis natoque penatibus et magnis dis parturient montes, nascetur ridiculus mus.',NULL,NULL,1,'2021-07-07 20:15:28','0194b941ead1082a7b9f86de7899b7324ec981a7316ae824c9eeab81305868c2'),(1023,'reckfordqx@skype.com','7df40e7629a70a1512fa3c6a2bebd4ca','Rodrique','Eckford','2004-09-11',1,1,26,198,76,'Integer ac leo. Pellentesque ultrices mattis odio. Donec vitae nisi.',NULL,NULL,1,'2021-07-07 20:15:28','1cc29ed31387f7e297fc3373fabd169fe3ff007ba601ed99e84acc9717c73413'),(1024,'kproseqy@forbes.com','60c1e21f96994afd0198f48a9cf4c940','Kiah','Prose','2012-10-31',3,2,18,193,61,'Nulla nisl.',NULL,NULL,1,'2021-07-07 20:15:29','9f236b0dfaa026b4cb6e5e4576eceec10244460e6b99d701c577853fc427ea7a'),(1025,'primbaultqz@artisteer.com','4ea88f3681a07a30da80e1d2433416d7','Pru','Rimbault','2019-12-08',5,3,26,197,54,'Nunc nisl. Duis bibendum, felis sed interdum venenatis, turpis enim blandit mi, in porttitor pede justo eu massa. Donec dapibus.',NULL,NULL,1,'2021-07-07 20:15:29','d297018950fffa51fd200fa9c91bd1f3d834489fde25047a4bf7d4abeb53f489'),(1026,'ccalendarr0@wix.com','abafacdf784a27d2760f73165827337c','Cris','Calendar','2017-10-15',1,1,3,217,108,'Praesent id massa id nisl venenatis lacinia. Aenean sit amet justo. Morbi ut odio.',NULL,NULL,1,'2021-07-07 20:15:29','2867fe81fbca3412d45f15133218e8975484b2f92db47e0ddab44b89b8a22361'),(1027,'wlincolnr1@dyndns.org','7b748b8c82a2089e63df2d3c94bc8237','Wandis','Lincoln','2004-11-20',2,3,18,166,88,'Curabitur at ipsum ac tellus semper interdum. Mauris ullamcorper purus sit amet nulla.',NULL,NULL,1,'2021-07-07 20:15:29','d56eb4ac97a2e1f56676834f503dacf9e7d3c97a70faee852917158b08d50939'),(1028,'dkolisr2@tumblr.com','83c1d6366121dd59160ccb8a5ccc3afa','Desirae','Kolis','2008-01-25',6,3,2,155,63,'Ut at dolor quis odio consequat varius.',NULL,NULL,1,'2021-07-07 20:15:29','5df98def072a55ddc6d77af13d1cf04c72133e6d3482a8fd0cf0a06d56ad0a98'),(1029,'jfeaksr3@arstechnica.com','7d66269f7a922600dfc0bfeaf4a4d836','Justine','Feaks','2004-07-11',4,2,7,219,90,'Cum sociis natoque penatibus et magnis dis parturient montes, nascetur ridiculus mus.',NULL,NULL,1,'2021-07-07 20:15:29','9bea05c2737e469d87fb10c623e46295e042ad37ad898c410a7edb8ab1bad7c9'),(1030,'rguichardr4@etsy.com','eb51f68d0cf4b678b8f961f286aecf9c','Rinaldo','Guichard','2002-08-20',4,4,56,210,114,'Fusce consequat. Nulla nisl.',NULL,NULL,1,'2021-07-07 20:15:29','c48dc50775d6eef5e555138ac17295d1dd10f4e900d8db7231d7cff186542c96'),(1031,'kkernellr5@home.pl','632ebf229cc0dc4d8ca0d30066e11719','Kalil','Kernell','2005-07-20',4,2,5,153,73,'Mauris ullamcorper purus sit amet nulla.',NULL,NULL,1,'2021-07-07 20:15:29','d8ca4fd268c69a92b8a0742567dd187ec82bbd0f389dda12b91f71da4bebb652'),(1032,'ggiffenr6@webeden.co.uk','02289ca092bd12ac975c4d1426620d74','Gael','Giffen','2006-08-21',3,1,37,171,51,'Morbi a ipsum.',NULL,NULL,1,'2021-07-07 20:15:30','62271d105ea02688ad9e9d46b98147896b68c3ef72ed7436d157b492577d89d7'),(1033,'nbarenser7@google.it','e66141dab46ef7b5ab48657a44e97b27','Neil','Barense','2004-03-24',6,1,2,180,73,'In sagittis dui vel nisl. Duis ac nibh. Fusce lacus purus, aliquet at, feugiat non, pretium quis, lectus.',NULL,NULL,1,'2021-07-07 20:15:30','7607f97b49ef22feaf0a5c5cb3e9fab9137ac37fd5f0059c55fe5f10e9f2c588'),(1034,'cmackerelr8@amazon.de','dc8778b5769d991f96d1c22c39a1135d','Clarey','Mackerel','2018-03-04',6,4,2,205,80,'Morbi quis tortor id nulla ultrices aliquet. Maecenas leo odio, condimentum id, luctus nec, molestie sed, justo.',NULL,NULL,1,'2021-07-07 20:15:30','40dd4bbacaed3ffab050596c2a61d00f00e9f98e27aaff1dcf8d10ea121af443'),(1035,'xsouthernr9@army.mil','8d8145c8e31fb50483ea87334b771e7b','Xerxes','Southern','2016-09-15',5,2,23,166,98,'Aliquam sit amet diam in magna bibendum imperdiet. Nullam orci pede, venenatis non, sodales sed, tincidunt eu, felis. Fusce posuere felis sed lacus.',NULL,NULL,1,'2021-07-07 20:15:30','c79c80254aade8b53ef5e22885a5971121593674a38e9936deee90e62fa0ecdc'),(1036,'iwaghornera@devhub.com','7fd96a5382a2f122a7c77b8cb702b865','Iago','Waghorne','2015-08-02',5,4,41,171,83,'Aenean fermentum.',NULL,NULL,1,'2021-07-07 20:15:30','2be3eb84aaa52aaecd6d139e6e7a8487f12d91ede452c9cb84db5d46d7f8e842'),(1037,'scowdrayrb@clickbank.net','483eb59a4b7f8cd7a1dd9791f821c0f0','Shoshana','Cowdray','2008-08-23',5,4,12,219,89,'Nulla tellus.',NULL,NULL,1,'2021-07-07 20:15:30','29c751de881bb0c51d9f221e4e4abb9e03362662bfa0d90e7f67c5f87ff185f0'),(1038,'anaughtonrc@sbwire.com','2a69255c16940f1c09bcac9aff726ca7','Arel','Naughton','2018-01-02',1,2,17,210,62,'Vestibulum sed magna at nunc commodo placerat. Praesent blandit. Nam nulla.',NULL,NULL,1,'2021-07-07 20:15:30','4262c4929d8e430ad0f0503fbf831d58cf0aece21ac7d0d9e6c6277aa6a2655c'),(1039,'egurneyrd@wsj.com','ad645bd821ff956ba739f99cd7b29c45','Elset','Gurney','2014-03-25',1,4,53,201,104,'Fusce lacus purus, aliquet at, feugiat non, pretium quis, lectus.',NULL,NULL,1,'2021-07-07 20:15:30','7a3089c0fee0627315b8fdb577bf4b74b66b082fa7925f62edaf4e8666bfa2a6'),(1040,'cmacmasterre@ibm.com','39ea99f1439524973449e4299a91144c','Cullen','MacMaster','2006-06-03',1,1,44,204,59,'Vestibulum rutrum rutrum neque.',NULL,NULL,1,'2021-07-07 20:15:30','b8777bc8d1c1b5d3d3d03c347a3e7440da1a6c5b2585ef06cfae06d0298acc37'),(1041,'gdufferrf@google.de','2bde69d6a4826f612a9fc21947a47a6a','Gusti','Duffer','2018-08-03',1,1,51,190,110,'In est risus, auctor sed, tristique in, tempus sit amet, sem. Fusce consequat. Nulla nisl.',NULL,NULL,1,'2021-07-07 20:15:30','a4ed2e25091fd352dd8e051a10aa33ef8883adb28b500dd81cfae020c2276e85'),(1042,'zracciorg@newyorker.com','fe44a748910a957ee6e575beca3fa95c','Zedekiah','Raccio','2009-08-09',5,4,5,182,103,'Curabitur convallis. Duis consequat dui nec nisi volutpat eleifend. Donec ut dolor.',NULL,NULL,1,'2021-07-07 20:15:31','d6f2d237fd8246df686db39309a6a52c60e74a758e9215d778dae6128dea1626'),(1043,'emarciekrh@elegantthemes.com','3e03260e478d93da423c37e8cd022c8a','Edik','Marciek','2003-05-31',4,2,23,153,54,'Mauris enim leo, rhoncus sed, vestibulum sit amet, cursus id, turpis.',NULL,NULL,1,'2021-07-07 20:15:31','e051d9695e09e36d568b514ef1042c0f34a1c605965e1a7f60a3eca13d645b67'),(1044,'dbuncherri@unicef.org','c28cd1616e80d22daa1b3f010ba5c8b1','Dunstan','Buncher','2003-03-13',5,1,11,170,81,'Vestibulum ante ipsum primis in faucibus orci luctus et ultrices posuere cubilia Curae; Nulla dapibus dolor vel est. Donec odio justo, sollicitudin ut, suscipit a, feugiat et, eros.',NULL,NULL,1,'2021-07-07 20:15:31','59a3567f9ca03f30721ee40a8879213bfacc38c8d465846c8d6a2edcfabfcf0f'),(1045,'gdunstonrj@psu.edu','8b8a446d3d17f95438e4a36c182eea98','Galvin','Dunston','2017-11-18',6,1,35,212,114,'Vivamus metus arcu, adipiscing molestie, hendrerit at, vulputate vitae, nisl. Aenean lectus. Pellentesque eget nunc.',NULL,NULL,1,'2021-07-07 20:15:31','c38e3b3c71bdba4458c1a28fbebc77f4f0152262cc6cf2e37e20418a99974460'),(1046,'mashbrookrk@nbcnews.com','ed483f7b158140c952eff4cc1230b7bd','Mariel','Ashbrook','2017-06-14',2,1,16,157,106,'Vestibulum sed magna at nunc commodo placerat. Praesent blandit.',NULL,NULL,1,'2021-07-07 20:15:31','39f1ccda762f141a63dce9785821dc70f534ed75d8e680c973ded2fc6700966a'),(1047,'mmcdoolrl@mashable.com','156353e5fc76b64579cf4330733a19dd','Maddy','McDool','2011-05-22',6,4,11,164,97,'In est risus, auctor sed, tristique in, tempus sit amet, sem. Fusce consequat. Nulla nisl.',NULL,NULL,1,'2021-07-07 20:15:31','b33cd886d6a9b96f965c9a6a4ab8536b2ed0714f8de12be5595601a87f4eb4ed'),(1048,'gfordycerm@mail.ru','5b25c1bb96e912610a1d2c28847e20e8','Garvy','Fordyce','2007-06-17',4,2,49,194,58,'Curabitur gravida nisi at nibh.',NULL,NULL,1,'2021-07-07 20:15:31','f38ee83b21410e4ccd137835505b15daf0965e6ef2fcdf236fbdbc1d0e21fbb9'),(1049,'squinneyrn@ucla.edu','819061daa08a4f2e9eec3bc8c95a3fbc','Sydelle','Quinney','2000-12-19',4,2,12,177,113,'In est risus, auctor sed, tristique in, tempus sit amet, sem. Fusce consequat.',NULL,NULL,1,'2021-07-07 20:15:31','e6e8a8bbf1136f7da246aa7b9ba205e02e779f924faa184298ae80c6cd56a04a'),(1050,'csaldlerro@i2i.jp','58d6544ddd4afab89801d9d27ded4f30','Clare','Saldler','2011-04-19',3,4,11,220,62,'Praesent id massa id nisl venenatis lacinia.',NULL,NULL,1,'2021-07-07 20:15:31','56ab95181b8c3630bbf3c7ce1b9dcd4d48be898353d92bd6778bfaf68b0cad5c'),(1051,'ronionsrp@omniture.com','4a3a8a144601e38d184ec5f44ad0dd30','Ronda','O\'Nions','2011-10-26',3,4,41,206,56,'Cum sociis natoque penatibus et magnis dis parturient montes, nascetur ridiculus mus. Etiam vel augue.',NULL,NULL,1,'2021-07-07 20:15:31','410ba6a23ad94a81df6399cd6fcceefa902ddc42630fbfba784b33279d2a4785'),(1052,'mmarlerrq@google.co.uk','ee90619f6369a594019d4818a223aa64','Mirelle','Marler','2013-10-18',4,3,20,220,110,'Duis aliquam convallis nunc. Proin at turpis a pede posuere nonummy. Integer non velit.',NULL,NULL,1,'2021-07-07 20:15:32','d51d384ca4d5943c70f8c4e99bbcc162ad87aac2bae0d5c63f336928127665db'),(1053,'ishitliffrr@nih.gov','b3415d2abd68e7eee6172ca01b1a915a','Izabel','Shitliff','2002-03-15',6,4,9,160,115,'Lorem ipsum dolor sit amet, consectetuer adipiscing elit. Proin interdum mauris non ligula pellentesque ultrices.',NULL,NULL,1,'2021-07-07 20:15:32','c061edf0e16756d32b1cd9db364acd379a2ec6024e61f0ee3c9192b81e731580'),(1054,'conmemay@gmail.com','8541dcd26a02632a80d8fe8de7a3cd1b','Huỳnh Nguyên','Nguyễn','2002-03-27',1,1,1,172,85,'Chào, mình là Nguyên',NULL,NULL,1,'2021-07-22 19:54:14','c3d7c855-3a38-4540-95ca-e599581b2de0'),(1055,'daudaua3782@gmail.com','a7b831538d2946a25a3bd84a1718535f','User','Soulatte',NULL,1,1,NULL,NULL,NULL,NULL,NULL,NULL,1,'2021-07-24 21:57:41','dfdcb110-81ef-4f86-82f3-e408ee4e9440'),(1056,'nhnguyen.forwork@gmail.com','5bed0623ac1accc0af14609b08c8abd0','Đáng Yêu','Con Mèo','2002-03-27',2,1,1,172,85,'Tớ là một con mèo đáng yêu',133,134,1,'2021-07-31 12:12:33','54aaf78a-fb53-434f-9441-ba85b4165ce3'),(1057,'stungle@gmail.com','383e0419f99bf1e56eb008db7da8b652','Lê','Tùng','1999-04-15',2,1,2,186,81,'Một người ham chơi :D Sẵn sàng kết bạn làm quen',68,NULL,1,'2021-07-31 13:35:57','stungle'),(1058,'tungls@gmail.com','383e0419f99bf1e56eb008db7da8b652','Tùng','Lê Sơn','1999-04-15',2,2,2,186,81,'Xin chào :D Rất vui được làm quen',73,74,1,'2021-07-31 15:25:55','stungle154zzz'),(1059,'mailtest@gmail.com','383e0419f99bf1e56eb008db7da8b652','Sơn Tùng','MTP','1999-04-15',2,2,3,186,70,'Có chắc yêu là đây? Ú u ú ù',130,131,1,'2021-08-11 13:58:17','cochacyeuladay');
/*!40000 ALTER TABLE `user` ENABLE KEYS */;
UNLOCK TABLES;

--
-- Table structure for table `user_follow`
--

DROP TABLE IF EXISTS `user_follow`;
/*!40101 SET @saved_cs_client     = @@character_set_client */;
/*!50503 SET character_set_client = utf8mb4 */;
CREATE TABLE `user_follow` (
  `idUserFrom` int NOT NULL,
  `idUserTo` int NOT NULL,
  PRIMARY KEY (`idUserFrom`,`idUserTo`),
  KEY `uf_user_to_idx` (`idUserTo`),
  CONSTRAINT `uf_user_from` FOREIGN KEY (`idUserFrom`) REFERENCES `user` (`id`),
  CONSTRAINT `uf_user_to` FOREIGN KEY (`idUserTo`) REFERENCES `user` (`id`)
) ENGINE=InnoDB DEFAULT CHARSET=utf8mb3 COLLATE=utf8_unicode_ci;
/*!40101 SET character_set_client = @saved_cs_client */;

--
-- Dumping data for table `user_follow`
--

LOCK TABLES `user_follow` WRITE;
/*!40000 ALTER TABLE `user_follow` DISABLE KEYS */;
INSERT INTO `user_follow` VALUES (2,1),(1,2),(5,2),(8,2),(1056,2),(1,5),(2,5),(2,948),(2,1042),(2,1050),(2,1051),(2,1054),(2,1056);
/*!40000 ALTER TABLE `user_follow` ENABLE KEYS */;
UNLOCK TABLES;

--
-- Table structure for table `user_hobby`
--

DROP TABLE IF EXISTS `user_hobby`;
/*!40101 SET @saved_cs_client     = @@character_set_client */;
/*!50503 SET character_set_client = utf8mb4 */;
CREATE TABLE `user_hobby` (
  `idUser` int NOT NULL,
  `idHobby` int NOT NULL,
  PRIMARY KEY (`idUser`,`idHobby`),
  KEY `uh_hobby_idx` (`idHobby`),
  CONSTRAINT `uh_hobby` FOREIGN KEY (`idHobby`) REFERENCES `hobby` (`id`),
  CONSTRAINT `uh_user` FOREIGN KEY (`idUser`) REFERENCES `user` (`id`)
) ENGINE=InnoDB DEFAULT CHARSET=utf8mb3 COLLATE=utf8_unicode_ci;
/*!40101 SET character_set_client = @saved_cs_client */;

--
-- Dumping data for table `user_hobby`
--

LOCK TABLES `user_hobby` WRITE;
/*!40000 ALTER TABLE `user_hobby` DISABLE KEYS */;
INSERT INTO `user_hobby` VALUES (2,2),(9,2),(1057,2),(1058,2),(1059,2),(1,3),(2,3),(1058,3),(2,4),(1057,4),(1,5),(2,5),(1058,5),(1059,5),(1058,8),(2,10),(1058,12);
/*!40000 ALTER TABLE `user_hobby` ENABLE KEYS */;
UNLOCK TABLES;

--
-- Table structure for table `user_like_post`
--

DROP TABLE IF EXISTS `user_like_post`;
/*!40101 SET @saved_cs_client     = @@character_set_client */;
/*!50503 SET character_set_client = utf8mb4 */;
CREATE TABLE `user_like_post` (
  `idUser` int NOT NULL,
  `idPost` int NOT NULL,
  PRIMARY KEY (`idUser`,`idPost`),
  KEY `ulp_post_idx` (`idPost`),
  CONSTRAINT `ulp_post` FOREIGN KEY (`idPost`) REFERENCES `post` (`id`),
  CONSTRAINT `ulp_user` FOREIGN KEY (`idUser`) REFERENCES `user` (`id`)
) ENGINE=InnoDB DEFAULT CHARSET=utf8mb3 COLLATE=utf8_unicode_ci;
/*!40101 SET character_set_client = @saved_cs_client */;

--
-- Dumping data for table `user_like_post`
--

LOCK TABLES `user_like_post` WRITE;
/*!40000 ALTER TABLE `user_like_post` DISABLE KEYS */;
INSERT INTO `user_like_post` VALUES (2,3),(2,5),(8,5),(2,6),(2,7),(8,7),(1056,7),(8,8),(9,9),(2,10),(1054,10),(2,11),(1056,11),(1058,11),(2,12),(2,17),(2,18),(1056,18),(2,19),(2,20);
/*!40000 ALTER TABLE `user_like_post` ENABLE KEYS */;
UNLOCK TABLES;

--
-- Table structure for table `user_notification`
--

DROP TABLE IF EXISTS `user_notification`;
/*!40101 SET @saved_cs_client     = @@character_set_client */;
/*!50503 SET character_set_client = utf8mb4 */;
CREATE TABLE `user_notification` (
  `id` int NOT NULL AUTO_INCREMENT,
  `idUser` int NOT NULL,
  `content` varchar(255) CHARACTER SET utf8 COLLATE utf8_unicode_ci NOT NULL,
  `url` varchar(255) CHARACTER SET utf8 COLLATE utf8_unicode_ci DEFAULT NULL,
  `isSeen` int DEFAULT '0',
  `status` int DEFAULT '1',
  PRIMARY KEY (`id`),
  KEY `un_user_idx` (`idUser`),
  CONSTRAINT `un_user` FOREIGN KEY (`idUser`) REFERENCES `user` (`id`)
) ENGINE=InnoDB DEFAULT CHARSET=utf8mb3 COLLATE=utf8_unicode_ci;
/*!40101 SET character_set_client = @saved_cs_client */;

--
-- Dumping data for table `user_notification`
--

LOCK TABLES `user_notification` WRITE;
/*!40000 ALTER TABLE `user_notification` DISABLE KEYS */;
/*!40000 ALTER TABLE `user_notification` ENABLE KEYS */;
UNLOCK TABLES;

--
-- Table structure for table `user_skip`
--

DROP TABLE IF EXISTS `user_skip`;
/*!40101 SET @saved_cs_client     = @@character_set_client */;
/*!50503 SET character_set_client = utf8mb4 */;
CREATE TABLE `user_skip` (
  `idUserFrom` int NOT NULL,
  `idUserSkipped` int NOT NULL,
  PRIMARY KEY (`idUserFrom`,`idUserSkipped`),
  KEY `us_user_skipped_idx` (`idUserSkipped`),
  CONSTRAINT `us_user_from` FOREIGN KEY (`idUserFrom`) REFERENCES `user` (`id`),
  CONSTRAINT `us_user_skipped` FOREIGN KEY (`idUserSkipped`) REFERENCES `user` (`id`)
) ENGINE=InnoDB DEFAULT CHARSET=utf8mb3 COLLATE=utf8_unicode_ci;
/*!40101 SET character_set_client = @saved_cs_client */;

--
-- Dumping data for table `user_skip`
--

LOCK TABLES `user_skip` WRITE;
/*!40000 ALTER TABLE `user_skip` DISABLE KEYS */;
INSERT INTO `user_skip` VALUES (2,1),(2,8),(1054,463),(1054,509),(1054,566),(1054,588),(1054,630),(1054,730),(1054,813),(1059,865),(1054,867),(2,948),(1054,955),(2,986),(2,987),(2,1000),(2,1011),(2,1024),(2,1035),(2,1036),(2,1037),(2,1042),(2,1050),(2,1051);
/*!40000 ALTER TABLE `user_skip` ENABLE KEYS */;
UNLOCK TABLES;
/*!40103 SET TIME_ZONE=@OLD_TIME_ZONE */;

/*!40101 SET SQL_MODE=@OLD_SQL_MODE */;
/*!40014 SET FOREIGN_KEY_CHECKS=@OLD_FOREIGN_KEY_CHECKS */;
/*!40014 SET UNIQUE_CHECKS=@OLD_UNIQUE_CHECKS */;
/*!40101 SET CHARACTER_SET_CLIENT=@OLD_CHARACTER_SET_CLIENT */;
/*!40101 SET CHARACTER_SET_RESULTS=@OLD_CHARACTER_SET_RESULTS */;
/*!40101 SET COLLATION_CONNECTION=@OLD_COLLATION_CONNECTION */;
/*!40111 SET SQL_NOTES=@OLD_SQL_NOTES */;

-- Dump completed on 2021-08-11 17:56:52
